INSERT INTO `kuldetes` (`id`, `megnevezes`, `kezdet`, `veg`) VALUES
(1, 'Soyuz TMA-20M', '2016-03-19', '2016-09-06'),
(2, 'STS-61-A', '1985-10-30', '1985-11-06'),
(3, 'Skylab 4', '1973-11-16', '1974-02-08'),
(4, 'Soyuz TMA-1', '2002-10-30', '2003-05-04'),
(5, 'Apollo 13', '1970-04-11', '1970-04-17'),
(6, 'STS-53', '1992-12-02', '1992-12-09'),
(7, 'STS-51-D', '1985-04-12', '1985-04-19'),
(8, 'Soyuz TMA-15', '2009-05-27', '2009-12-01'),
(9, 'STS-102', '2001-03-08', '2001-03-21'),
(10, 'STS-91', '1998-06-02', '1998-06-12'),
(11, 'Soyuz T-11', '1984-04-03', '1984-10-02'),
(12, 'STS-42', '1992-01-22', '1992-01-30'),
(13, 'Soyuz TM-25', '1997-02-10', '1997-08-14'),
(14, 'STS-39', '1991-04-28', '1991-05-06'),
(15, 'Shenzhou 10', '2013-06-11', '2013-06-26'),
(16, 'STS-100', '2001-04-19', '2001-05-01'),
(17, 'Shenzhou 7', '2008-09-25', '2008-09-28'),
(18, 'STS-74', '1995-11-12', '1995-11-20'),
(19, 'Skylab 2', '1973-05-25', '1973-06-22'),
(20, 'STS-51-B', '1985-04-29', '1985-05-06'),
(21, 'STS-101', '2000-05-19', '2000-05-29'),
(22, 'Gemini 12', '1966-11-11', '1966-11-15'),
(23, 'STS-7', '1983-06-18', '1983-06-24'),
(24, 'Soyuz TMA-01M', '2010-10-08', '2011-03-16'),
(25, 'STS-41-D', '1984-08-30', '1984-09-05'),
(26, 'STS-70', '1995-07-13', '1995-07-22'),
(27, 'STS-115', '2006-09-09', '2006-09-21'),
(28, 'STS-125', '2009-05-11', '2009-05-23'),
(29, 'Soyuz TM-27', '1998-01-29', '1998-08-25'),
(30, 'Soyuz 10', '1971-04-22', '1971-04-24'),
(31, 'Soyuz MS-05', '2017-07-28', '2017-12-14'),
(32, 'STS-97', '2000-12-01', '2000-12-11'),
(33, 'STS-89', '1998-01-23', '1998-01-31'),
(34, 'STS-123', '2008-03-11', '2008-03-27'),
(35, 'STS-114', '2005-07-26', '2005-08-09'),
(36, 'Soyuz MS-02', '2016-10-19', '2017-04-11'),
(37, 'STS-116', '2006-12-10', '2006-12-22'),
(38, 'STS-76', '1996-03-22', '1996-03-31'),
(39, 'STS-133', '2011-02-24', '2011-03-09'),
(40, 'STS-51-C', '1985-01-24', '1985-01-27'),
(41, 'Soyuz TMA-08M', '2013-03-29', '2013-09-11'),
(42, 'STS-41-G', '1984-10-05', '1984-10-13'),
(43, 'Vostok 5', '1963-06-14', '1963-06-19'),
(44, 'STS-88', '1998-12-04', '1998-12-16'),
(45, 'STS-50', '1992-06-25', '1992-07-09'),
(46, 'Apollo 12', '1969-11-14', '1969-11-24'),
(47, 'STS-55', '1993-04-26', '1993-05-06'),
(48, 'STS-110', '2002-04-08', '2002-04-19'),
(49, 'Soyuz MS-08', '2018-03-21', '2018-10-04'),
(50, 'STS-78', '1996-06-20', '1996-07-07'),
(51, 'STS-71', '1995-06-27', '1995-07-07'),
(52, 'Soyuz MS-04', '2017-04-20', '2017-09-03'),
(53, 'STS-79', '1996-09-16', '1996-09-26'),
(54, 'Soyuz TM-8', '1989-09-05', '1990-02-19'),
(55, 'STS-8', '1983-08-30', '1983-09-05'),
(56, 'STS-107', '2003-01-16', '2003-02-01'),
(57, 'STS-36', '1990-02-28', '1990-03-04'),
(58, 'Apollo 8', '1968-12-21', '1968-12-27'),
(59, 'Shenzhou 6', '2005-10-12', '2005-10-16'),
(60, 'STS-77', '1996-05-19', '1996-05-29'),
(61, 'STS-51-I', '1985-08-27', '1985-09-03'),
(62, 'Soyuz 7', '1969-10-12', '1969-10-17'),
(63, 'STS-126', '2008-11-15', '2008-11-30'),
(64, 'STS-121', '2006-07-04', '2006-07-17'),
(65, 'Soyuz TMA-04M', '2012-05-15', '2012-09-17'),
(66, 'Soyuz TMA-14M', '2014-09-26', '2015-03-12'),
(67, 'STS-87', '1997-11-19', '1997-12-05'),
(68, 'Soyuz TMA-17', '2009-12-20', '2010-06-02'),
(69, 'STS-103', '1999-12-19', '1999-12-27'),
(70, 'STS-82', '1997-02-11', '1997-02-21'),
(71, 'SpaceShipOne flight 17P', '2004-10-04', '2004-10-04'),
(72, 'STS-132', '2010-05-14', '2010-05-26'),
(73, 'Soyuz TMA-20', '2010-12-15', '2011-05-24'),
(74, 'STS-86', '1997-09-26', '1997-10-06'),
(75, 'STS-46', '1992-07-31', '1992-08-08'),
(76, 'Voskhod 2', '1965-03-18', '1965-03-19'),
(77, 'STS-67', '1995-03-02', '1995-03-18'),
(78, 'Soyuz TMA-15M', '2014-11-24', '2015-06-11'),
(79, 'Apollo 7', '1968-10-11', '1968-10-22'),
(80, 'STS-54', '1993-01-13', '1993-01-19'),
(81, 'Soyuz TMA-10', '2007-04-07', '2007-10-21'),
(82, 'STS-108', '2001-12-05', '2001-12-17'),
(83, 'STS-83', '1997-04-04', '1997-04-08'),
(84, 'STS-94', '1997-07-01', '1997-07-17'),
(85, 'STS-75', '1996-02-22', '1996-03-09'),
(86, 'Soyuz TMA-8', '2006-03-30', '2006-09-29'),
(87, 'STS-28', '1989-08-08', '1989-08-13'),
(88, 'STS-124', '2008-05-31', '2008-06-14'),
(89, 'STS-35', '1990-12-02', '1990-12-11'),
(90, 'Soyuz TM-26', '1997-08-05', '1998-02-19'),
(91, 'Soyuz MS-09', '2018-06-06', '2018-12-20'),
(92, 'Soyuz TMA-11M', '2013-11-07', '2014-05-14'),
(93, 'STS-72', '1996-01-11', '1996-01-20'),
(94, 'Apollo 10', '1969-05-18', '1969-05-26'),
(95, 'STS-85', '1997-08-07', '1997-08-19'),
(96, 'Soyuz TMA-22', '2011-11-14', '2012-04-27'),
(97, 'STS-127', '2009-07-16', '2009-07-31'),
(98, 'Soyuz 5', '1969-01-15', '1969-01-18'),
(99, 'STS-111', '2002-06-05', '2002-06-19'),
(100, 'Soyuz TMA-6', '2005-04-15', '2005-10-15'),
(101, 'Soyuz TMA-12', '2008-04-08', '2008-10-24'),
(102, 'STS-40', '1991-06-05', '1991-06-14'),
(103, 'STS-41', '1990-10-06', '1990-10-10'),
(104, 'STS-104', '2001-07-12', '2001-07-24'),
(105, 'STS-63', '1995-02-03', '1995-02-11'),
(106, 'STS-34', '1989-10-18', '1989-10-23'),
(107, 'Apollo 17', '1972-12-07', '1972-12-19'),
(108, 'STS-43', '1991-08-02', '1991-08-11'),
(109, 'Soyuz TMA-13', '2008-10-12', '2009-04-08'),
(110, 'Soyuz 11', '1971-06-06', '1971-06-29'),
(111, 'Shenzhou 9', '2012-06-16', '2012-06-29'),
(112, 'Soyuz TM-15', '1992-07-27', '1993-02-01'),
(113, 'STS-128', '2009-08-28', '2009-09-11'),
(114, 'STS-61-C', '1986-01-12', '1986-01-18'),
(115, 'STS-51-F', '1985-07-29', '1985-08-06'),
(116, 'STS-58', '1993-10-18', '1993-11-01'),
(117, 'STS-66', '1994-11-03', '1994-11-14'),
(118, 'STS-93', '1999-07-23', '1999-07-27'),
(119, 'Soyuz T-8', '1983-04-22', '1983-04-24'),
(120, 'STS-118', '2007-08-08', '2007-08-21'),
(121, 'STS-96', '1999-05-27', '1999-06-06'),
(122, 'STS-131', '2010-04-05', '2010-04-18'),
(123, 'Soyuz TMA-2', '2003-04-26', '2003-10-28'),
(124, 'Soyuz T-10', '1984-02-08', '1984-04-11'),
(125, 'Apollo-Soyuz Test Project', '1975-07-15', '1975-07-24'),
(126, 'Vostok 1', '1961-04-12', '1961-04-12'),
(127, 'Soyuz MS-03', '2016-11-17', '2017-06-02'),
(128, 'STS-135', '2011-07-08', '2011-07-21'),
(129, 'STS-33', '1989-11-23', '1989-11-28'),
(130, 'STS-122', '2008-02-07', '2008-02-20'),
(131, 'STS-47', '1992-09-12', '1992-09-20'),
(132, 'Soyuz TM-30', '2000-04-04', '2000-06-16'),
(133, 'STS-105', '2001-08-10', '2001-08-22'),
(134, 'Soyuz 9', '1970-06-01', '1970-06-19'),
(135, 'STS-92', '2000-10-11', '2000-10-24'),
(136, 'Soyuz TMA-05M', '2012-07-15', '2012-11-19'),
(137, 'Soyuz TM-17', '1993-07-01', '1994-01-14'),
(138, 'STS-99', '2000-02-11', '2000-02-22'),
(139, 'Soyuz 15', '1974-08-26', '1974-08-28'),
(140, 'STS-41-C', '1984-04-06', '1984-04-13'),
(141, 'STS-84', '1997-05-15', '1997-05-24'),
(142, 'Soyuz TMA-13M', '2014-05-28', '2014-11-10'),
(143, 'Soyuz 4', '1969-01-14', '1969-01-17'),
(144, 'Soyuz TM-33', '2001-10-21', '2002-05-05'),
(145, 'STS-95', '1998-10-29', '1998-11-07'),
(146, 'Skylab 3', '1973-07-28', '1973-09-25'),
(147, 'Soyuz 29', '1978-06-15', '1978-09-03'),
(148, 'STS-90', '1998-04-17', '1998-05-03'),
(149, 'STS-106', '2000-09-08', '2000-09-19'),
(150, 'Apollo 15', '1971-07-26', '1971-08-07'),
(151, 'STS-109', '2002-03-01', '2002-03-12'),
(152, 'Soyuz TMA-11', '2007-10-10', '2008-04-19'),
(153, 'STS-59', '1994-04-09', '1994-04-20'),
(154, 'STS-49', '1992-05-07', '1992-05-16'),
(155, 'STS-61-B', '1985-11-27', '1985-12-03'),
(156, 'STS-31', '1990-04-24', '1990-04-29'),
(157, 'STS-57', '1993-06-21', '1993-07-01'),
(158, 'Soyuz 24', '1977-02-07', '1977-02-25'),
(159, 'Soyuz TMA-18M', '2015-09-02', '2016-03-02'),
(160, 'Soyuz TMA-02M', '2011-06-08', '2011-11-22'),
(161, 'STS-62', '1994-03-04', '1994-03-18'),
(162, 'Apollo 11', '1969-07-16', '1969-07-24'),
(163, 'Shenzhou 11', '2016-10-16', '2016-11-18'),
(164, 'Soyuz T-6', '1982-06-24', '1982-07-02'),
(165, 'STS-65', '1994-07-08', '1994-07-23'),
(166, 'STS-27', '1988-12-02', '1988-12-06'),
(167, 'STS-60', '1994-02-03', '1994-02-11'),
(168, 'STS-134', '2011-05-16', '2011-06-01'),
(169, 'STS-41-B', '1984-02-03', '1984-02-11'),
(170, 'Soyuz TMA-18', '2010-04-02', '2010-09-25'),
(171, 'Soyuz TM-7', '1988-11-26', '1989-04-27'),
(172, 'Soyuz 18-1', '1975-04-05', '1975-04-05'),
(173, 'STS-44', '1991-11-24', '1991-12-01'),
(174, 'STS-30', '1989-05-04', '1989-05-08'),
(175, 'STS-61', '1993-12-02', '1993-12-13'),
(176, 'Soyuz TMA-7', '2005-10-01', '2006-04-08'),
(177, 'STS-9', '1983-11-28', '1983-12-08'),
(178, 'Soyuz T-12', '1984-07-17', '1984-07-29'),
(179, 'STS-26', '1988-09-29', '1988-10-03'),
(180, 'Soyuz TM-16', '1993-01-24', '1993-07-22'),
(181, 'Soyuz 14', '1974-07-03', '1974-07-19'),
(182, 'Soyuz 6', '1969-10-11', '1969-10-16'),
(183, 'STS-45', '1992-03-24', '1992-04-02'),
(184, 'Soyuz TM-32', '2001-04-28', '2001-10-31'),
(185, 'Soyuz TMA-16', '2009-09-30', '2010-03-18'),
(186, 'Soyuz TM-9', '1990-02-11', '1990-08-09'),
(187, 'Soyuz TM-23', '1996-02-21', '1996-09-02'),
(188, 'Soyuz 39', '1981-03-22', '1981-03-30'),
(189, 'STS-81', '1997-01-12', '1997-01-22'),
(190, 'Soyuz T-15', '1986-03-13', '1986-07-16'),
(191, 'Soyuz TMA-16M', '2015-03-27', '2015-09-12'),
(192, 'Soyuz TM-5', '1988-06-07', '1988-09-07'),
(193, 'STS-5', '1982-11-11', '1982-11-16'),
(194, 'Soyuz TMA-09M', '2013-05-29', '2013-11-11'),
(195, 'Apollo 16', '1972-04-16', '1972-04-27'),
(196, 'STS-117', '2007-06-08', '2007-06-22'),
(197, 'STS-113', '2002-11-23', '2002-12-07'),
(198, 'Soyuz T-9', '1983-06-27', '1983-11-23'),
(199, 'Soyuz TMA-03M', '2011-12-21', '2012-07-01'),
(200, 'STS-29', '1989-03-13', '1989-03-18'),
(201, 'Soyuz TMA-4', '2004-04-19', '2004-10-24'),
(202, 'STS-51-G', '1985-06-17', '1985-06-24'),
(203, 'Soyuz TM-22', '1995-09-03', '1996-02-29'),
(204, 'Soyuz T-5', '1982-05-13', '1982-08-27'),
(205, 'Soyuz MS-06', '2017-09-12', '2018-02-28'),
(206, 'Gemini 9A', '1966-06-03', '1966-06-06'),
(207, 'STS-112', '2002-10-07', '2002-10-18'),
(208, 'STS-1', '1981-04-12', '1981-04-14'),
(209, 'Apollo 14', '1971-01-31', '1971-02-09'),
(210, 'Soyuz TM-31', '2000-10-31', '2001-05-06'),
(211, 'Soyuz TM-12', '1991-05-18', '1991-10-10'),
(212, 'STS-56', '1993-04-08', '1993-04-17'),
(213, 'Soyuz TM-21', '1995-03-14', '1995-09-01'),
(214, 'Soyuz TM-4', '1987-12-21', '1988-06-17'),
(215, 'STS-68', '1994-09-30', '1994-10-11'),
(216, 'STS-129', '2009-11-16', '2009-11-27'),
(217, 'Soyuz TMA-3', '2003-10-18', '2004-04-30'),
(218, 'STS-119', '2009-03-15', '2009-03-28'),
(219, 'Apollo 9', '1969-03-03', '1969-03-13'),
(220, 'Soyuz 16', '1974-12-02', '1974-12-08'),
(221, 'STS-130', '2010-02-08', '2010-02-21'),
(222, 'Soyuz TMA-06M', '2012-10-23', '2013-03-16'),
(223, 'Soyuz T-3', '1980-11-27', '1980-12-10'),
(224, 'Soyuz TM-2', '1987-02-05', '1987-07-30'),
(225, 'STS-48', '1991-09-12', '1991-09-18'),
(226, 'Vostok 4', '1962-08-12', '1962-08-15'),
(227, 'STS-80', '1996-11-19', '1996-12-07'),
(228, 'Soyuz 22', '1976-09-15', '1976-09-23'),
(229, 'Soyuz TM-34', '2002-04-25', '2002-11-10'),
(230, 'STS-51-L', '1986-01-28', '1986-02-03'),
(231, 'Soyuz 37', '1980-07-23', '1980-10-11'),
(232, 'Soyuz 30', '1978-06-27', '1978-07-05'),
(233, 'STS-69', '1995-09-07', '1995-09-18'),
(234, 'X-15 flight 90', '1963-06-19', '1963-06-19'),
(235, 'STS-4', '1982-06-27', '1982-07-04'),
(236, 'STS-52', '1992-10-22', '1992-11-01'),
(237, 'Vostok 2', '1961-08-06', '1961-08-07'),
(238, 'Voskhod 1', '1964-10-12', '1964-10-13'),
(239, 'STS-120', '2007-10-23', '2007-11-07'),
(240, 'STS-51-J', '1985-10-03', '1985-10-07'),
(241, 'Soyuz 31', '1978-08-26', '1978-11-02'),
(242, 'Mercury-Atlas 9', '1963-05-15', '1963-05-16'),
(243, 'Soyuz TMA-5', '2004-10-14', '2005-04-24'),
(244, 'Gemini 5', '1965-08-21', '1965-08-29'),
(245, 'Gemini 11', '1966-09-12', '1966-09-15'),
(246, 'STS-73', '1995-10-20', '1995-11-05'),
(247, 'Soyuz TMA-9', '2006-09-18', '2007-04-21'),
(248, 'Soyuz 19', '1975-07-15', '1975-07-21'),
(249, 'Soyuz T-7', '1982-08-19', '1982-12-10'),
(250, 'Soyuz 18', '1975-05-24', '1975-07-26'),
(251, 'Soyuz TMA-12M', '2014-03-26', '2014-09-11'),
(252, 'Soyuz TM-14', '1992-03-17', '1992-08-10'),
(253, 'Soyuz 3', '1968-10-26', '1968-10-30'),
(254, 'Soyuz TM-24', '1996-08-17', '1997-03-02'),
(255, 'Soyuz 12', '1973-09-27', '1973-09-29'),
(256, 'Soyuz TMA-19', '2010-06-16', '2010-11-26'),
(257, 'STS-37', '1991-04-05', '1991-04-11'),
(258, 'STS-51-A', '1984-11-08', '1984-11-16'),
(259, 'STS-38', '1990-11-15', '1990-11-20'),
(260, 'Soyuz TM-3', '1987-07-22', '1987-12-29'),
(261, 'Soyuz TMA-10M', '2013-09-26', '2014-03-11'),
(262, 'Soyuz TMA-17M', '2015-07-23', '2015-12-11'),
(263, 'Gemini 8', '1966-03-16', '1966-03-17'),
(264, 'Soyuz TMA-19M', '2015-12-15', '2016-06-18'),
(265, 'Soyuz MS-01', '2016-07-07', '2016-10-30'),
(266, 'Mercury-Atlas 6', '1962-02-20', '1962-02-20'),
(267, 'STS-3', '1982-03-22', '1982-03-30'),
(268, 'STS-98', '2001-02-07', '2001-02-20'),
(269, 'Soyuz 8', '1969-10-13', '1969-10-18'),
(270, 'Vostok 6', '1963-06-16', '1963-06-19'),
(271, 'Gemini 4', '1965-06-03', '1965-06-07'),
(272, 'STS-6', '1983-04-04', '1983-04-09'),
(274, 'X-15 flight 91', '1963-08-22', '1963-08-22'),
(275, 'STS-64', '1994-09-09', '1994-09-20'),
(276, 'Soyuz T-13', '1985-06-06', '1986-09-26'),
(277, 'Soyuz 38', '1980-09-18', '1980-09-26'),
(278, 'Soyuz T-14', '1985-09-17', '1985-11-21'),
(279, 'Gemini 3', '1965-03-23', '1965-03-23'),
(280, 'Soyuz TM-6', '1988-08-29', '1988-12-21'),
(281, 'STS-51', '1993-09-12', '1993-09-22'),
(282, 'Soyuz TMA-14', '2009-03-26', '2009-10-11'),
(283, 'Soyuz TM-29', '1999-02-20', '1999-08-28'),
(284, 'Soyuz TMA-07M', '2012-12-19', '2013-05-14'),
(285, 'Soyuz TM-19', '1994-07-01', '1994-11-04'),
(286, 'Soyuz T-2', '1980-06-05', '1980-06-09'),
(287, 'Soyuz TM-13', '1991-10-02', '1992-03-25'),
(288, 'STS-32', '1990-01-09', '1990-01-20'),
(289, 'Soyuz 40', '1981-05-14', '1981-05-22'),
(290, 'Mercury-Redstone 3', '1961-05-05', '1961-05-05'),
(291, 'STS-2', '1981-11-12', '1981-11-14'),
(292, 'Soyuz TM-18', '1994-01-08', '1994-07-09'),
(293, 'Gemini 6A', '1965-12-15', '1965-12-16'),
(294, 'Shenzhou 5', '2003-10-15', '2003-10-15'),
(295, 'Soyuz 28', '1978-03-02', '1978-03-10'),
(296, 'Gemini 10', '1966-07-18', '1966-07-21'),
(297, 'Soyuz TM-20', '1994-10-04', '1995-03-22'),
(298, 'Soyuz 13', '1973-12-18', '1973-12-26'),
(299, 'Soyuz 36', '1980-05-26', '1980-07-31'),
(300, 'Soyuz 33', '1979-04-10', '1979-04-12'),
(301, 'Soyuz TM-11', '1990-12-02', '1991-05-26'),
(302, 'Soyuz TMA-21', '2011-04-05', '2011-09-16'),
(303, 'Soyuz 23', '1976-10-14', '1976-10-16'),
(304, 'Soyuz 32', '1979-02-25', '1979-06-13'),
(305, 'Soyuz T-4', '1981-03-12', '1981-05-26'),
(306, 'Mercury-Atlas 8', '1962-10-03', '1962-10-03'),
(307, 'Soyuz 35', '1980-04-09', '1980-06-03'),
(308, 'Soyuz MS-07', '2017-12-17', '2018-06-03'),
(309, 'SpaceShipOne flight 16P', '2004-09-29', '2004-09-29'),
(310, 'Soyuz 27', '1978-01-10', '1978-03-16'),
(311, 'Soyuz 25', '1977-10-09', '1977-10-11'),
(312, 'Soyuz 26', '1977-12-10', '1978-01-16'),
(313, 'Soyuz TM-10', '1990-08-01', '1990-12-10'),
(314, 'Soyuz 17', '1975-01-10', '1975-02-09'),
(315, 'Soyuz TM-28', '1998-08-13', '1999-02-28'),
(316, 'Soyuz 21', '1976-07-06', '1976-08-24'),
(317, 'SpaceShipOne flight 15P', '2004-06-21', '2004-06-21'),
(318, 'Mercury-Atlas 7', '1962-05-24', '1962-05-24'),
(319, 'Mercury-Redstone 4', '1961-07-21', '1961-07-21'),
(320, 'Soyuz 1', '1967-04-23', '1967-04-24'),
(321, 'Gemini 7', '1965-12-04', '1965-12-18'),
(322, 'Vostok 3', '1962-08-11', '1962-08-15');


INSERT INTO `repules` (`urhajosid`, `kuldetesid`) VALUES
(1, 209),
(2, 65),
(2, 191),
(2, 201),
(2, 282),
(2, 315),
(3, 99),
(3, 254),
(4, 318),
(5, 62),
(5, 110),
(6, 16),
(6, 85),
(7, 39),
(7, 113),
(8, 14),
(8, 80),
(8, 117),
(9, 60),
(9, 82),
(9, 215),
(9, 281),
(10, 1),
(10, 24),
(11, 101),
(12, 97),
(12, 121),
(13, 38),
(13, 82),
(13, 153),
(13, 257),
(14, 122),
(14, 130),
(15, 82),
(15, 239),
(16, 222),
(17, 1),
(17, 21),
(17, 86),
(17, 185),
(18, 16),
(18, 18),
(18, 284),
(19, 48),
(20, 127),
(21, 287),
(22, 61),
(22, 140),
(23, 56),
(24, 116),
(25, 111),
(26, 60),
(26, 80),
(26, 173),
(27, 247),
(28, 279),
(28, 319),
(29, 113),
(29, 196),
(30, 164),
(30, 178),
(30, 188),
(30, 276),
(30, 310),
(31, 32),
(31, 141),
(32, 10),
(32, 34),
(32, 82),
(32, 138),
(33, 45),
(34, 20),
(34, 193),
(35, 224),
(36, 2),
(36, 40),
(36, 200),
(36, 225),
(37, 62),
(37, 158),
(37, 231),
(38, 49),
(38, 218),
(39, 48),
(39, 130),
(40, 6),
(40, 174),
(40, 233),
(40, 258),
(41, 9),
(41, 35),
(42, 47),
(42, 130),
(43, 91),
(44, 102),
(44, 200),
(45, 34),
(45, 72),
(46, 56),
(47, 64),
(47, 122),
(47, 239),
(48, 93),
(48, 135),
(48, 165),
(48, 243),
(49, 28),
(50, 107),
(51, 148),
(51, 221),
(52, 229),
(53, 79),
(53, 293),
(53, 306),
(54, 102),
(54, 155),
(55, 238),
(56, 35),
(56, 95),
(56, 145),
(56, 221),
(57, 230),
(58, 64),
(58, 82),
(58, 88),
(58, 168),
(59, 42),
(60, 120),
(61, 75),
(61, 161),
(61, 189),
(61, 268),
(61, 288),
(62, 95),
(63, 141),
(63, 297),
(64, 7),
(65, 56),
(65, 67),
(66, 181),
(66, 226),
(67, 32),
(67, 48),
(67, 74),
(68, 66),
(68, 302),
(69, 249),
(69, 289),
(69, 307),
(70, 87),
(70, 225),
(71, 34),
(71, 50),
(71, 148),
(71, 151),
(72, 54),
(72, 119),
(72, 137),
(72, 249),
(73, 100),
(73, 168),
(73, 229),
(74, 278),
(74, 312),
(74, 314),
(75, 113),
(76, 243),
(77, 50),
(78, 58),
(78, 321),
(79, 62),
(79, 220),
(80, 150),
(81, 16),
(81, 74),
(81, 117),
(81, 145),
(81, 239),
(82, 214),
(83, 19),
(83, 46),
(83, 244),
(83, 245),
(84, 161),
(84, 225),
(84, 259),
(85, 46),
(85, 245),
(86, 111),
(87, 88),
(87, 194),
(88, 184),
(89, 64),
(89, 88),
(89, 160),
(90, 52),
(90, 81),
(90, 194),
(90, 207),
(90, 256),
(91, 124),
(92, 278),
(93, 79),
(94, 144),
(94, 254),
(95, 78),
(95, 221),
(96, 3),
(97, 18),
(97, 44),
(97, 47),
(97, 48),
(97, 155),
(97, 166),
(97, 257),
(98, 12),
(98, 157),
(98, 174),
(98, 240),
(99, 1),
(100, 261),
(101, 170),
(101, 191),
(102, 88),
(102, 168),
(103, 27),
(103, 236),
(104, 231),
(105, 64),
(106, 41),
(106, 86),
(106, 90),
(107, 53),
(107, 131),
(107, 153),
(107, 257),
(108, 10),
(108, 304),
(108, 307),
(108, 311),
(109, 3),
(110, 108),
(110, 189),
(110, 215),
(110, 236),
(111, 21),
(111, 70),
(111, 85),
(111, 133),
(112, 115),
(113, 16),
(113, 100),
(113, 218),
(114, 148),
(115, 200),
(115, 259),
(116, 134),
(116, 250),
(117, 2),
(118, 146),
(118, 177),
(119, 10),
(119, 104),
(119, 138),
(120, 44),
(120, 113),
(120, 133),
(120, 196),
(121, 159),
(122, 101),
(122, 199),
(122, 262),
(123, 36),
(123, 63),
(124, 316),
(125, 183),
(126, 7),
(126, 240),
(126, 272),
(127, 270),
(128, 239),
(128, 256),
(129, 202),
(130, 23),
(130, 42),
(130, 140),
(130, 208),
(131, 139),
(132, 87),
(132, 108),
(133, 20),
(134, 209),
(134, 290),
(135, 27),
(135, 63),
(135, 128),
(136, 77),
(136, 102),
(136, 121),
(136, 227),
(136, 236),
(137, 214),
(137, 301),
(138, 169),
(139, 115),
(139, 267),
(140, 140),
(141, 22),
(141, 162),
(142, 242),
(142, 244),
(143, 33),
(143, 243),
(144, 41),
(144, 205),
(145, 33),
(145, 104),
(145, 196),
(146, 55),
(146, 258),
(147, 25),
(147, 70),
(147, 114),
(147, 118),
(147, 156),
(148, 28),
(148, 148),
(148, 149),
(148, 151),
(149, 241),
(150, 8),
(150, 50),
(151, 83),
(151, 84),
(151, 104),
(151, 233),
(152, 40),
(153, 151),
(154, 287),
(155, 99),
(156, 37),
(156, 136),
(157, 26),
(157, 50),
(157, 67),
(157, 138),
(158, 69),
(158, 105),
(158, 141),
(158, 183),
(158, 212),
(158, 217),
(159, 6),
(159, 38),
(159, 153),
(160, 196),
(160, 218),
(160, 251),
(161, 109),
(161, 168),
(161, 201),
(162, 35),
(162, 105),
(162, 118),
(162, 141),
(163, 53),
(163, 108),
(163, 116),
(163, 129),
(163, 200),
(164, 144),
(164, 283),
(164, 292),
(164, 301),
(165, 106),
(166, 40),
(167, 39),
(167, 120),
(169, 137),
(169, 283),
(170, 43),
(170, 228),
(170, 241),
(171, 135),
(171, 157),
(171, 189),
(171, 215),
(172, 29),
(172, 51),
(172, 197),
(173, 27),
(173, 96),
(173, 149),
(174, 260),
(175, 129),
(176, 211),
(177, 9),
(177, 21),
(177, 187),
(177, 292),
(178, 31),
(178, 216),
(179, 64),
(179, 72),
(179, 207),
(180, 93),
(180, 135),
(180, 157),
(180, 183),
(181, 102),
(181, 153),
(182, 33),
(183, 134),
(183, 322),
(184, 99),
(184, 127),
(184, 152),
(185, 45),
(185, 70),
(185, 175),
(185, 197),
(185, 246),
(186, 13),
(187, 64),
(187, 203),
(188, 13),
(188, 137),
(189, 110),
(190, 28),
(191, 51),
(191, 90),
(191, 112),
(191, 186),
(191, 192),
(192, 5),
(193, 272),
(194, 45),
(194, 259),
(194, 275),
(195, 59),
(196, 146),
(196, 267),
(197, 289),
(198, 246),
(199, 41),
(199, 97),
(200, 65),
(200, 205),
(200, 218),
(201, 85),
(202, 74),
(202, 164),
(202, 171),
(203, 81),
(203, 282),
(204, 211),
(205, 7),
(206, 114),
(206, 156),
(206, 167),
(206, 183),
(207, 34),
(207, 216),
(208, 308),
(209, 58),
(210, 27),
(210, 32),
(210, 93),
(210, 189),
(211, 256),
(212, 103),
(212, 166),
(212, 210),
(212, 236),
(213, 232),
(214, 204),
(215, 205),
(216, 26),
(216, 83),
(216, 84),
(216, 165),
(217, 171),
(217, 278),
(217, 287),
(218, 26),
(218, 47),
(218, 50),
(218, 173),
(219, 42),
(219, 87),
(219, 183),
(220, 83),
(220, 84),
(221, 115),
(222, 7),
(222, 102),
(222, 116),
(223, 92),
(223, 93),
(223, 135),
(223, 218),
(224, 113),
(224, 133),
(224, 196),
(225, 34),
(225, 168),
(226, 163),
(227, 185),
(228, 112),
(228, 203),
(229, 169),
(229, 240),
(230, 47),
(230, 105),
(231, 7),
(231, 25),
(231, 155),
(232, 167),
(232, 225),
(233, 92),
(233, 120),
(233, 122),
(233, 149),
(234, 46),
(234, 146),
(235, 53),
(235, 103),
(235, 154),
(235, 175),
(236, 82),
(236, 104),
(236, 216),
(237, 155),
(238, 14),
(238, 25),
(238, 200),
(239, 28),
(239, 151),
(240, 162),
(240, 296),
(241, 4),
(241, 16),
(241, 109),
(242, 204),
(242, 298),
(243, 74),
(243, 105),
(243, 119),
(243, 214),
(244, 37),
(245, 30),
(245, 220),
(245, 300),
(246, 39),
(246, 63),
(247, 120),
(247, 170),
(248, 34),
(248, 221),
(249, 25),
(249, 230),
(250, 4),
(250, 132),
(251, 75),
(252, 26),
(252, 44),
(252, 151),
(252, 157),
(253, 97),
(253, 284),
(254, 198),
(254, 280),
(254, 304),
(255, 44),
(255, 100),
(255, 167),
(255, 171),
(255, 210),
(255, 211),
(256, 16),
(256, 118),
(256, 207),
(257, 97),
(257, 128),
(258, 209),
(259, 213),
(260, 75),
(260, 85),
(260, 161),
(261, 129),
(261, 154),
(261, 175),
(261, 246),
(262, 219),
(263, 9),
(263, 33),
(263, 35),
(263, 60),
(264, 34),
(264, 67),
(265, 176),
(266, 77),
(266, 89),
(267, 10),
(267, 75),
(267, 85),
(267, 99),
(267, 106),
(267, 114),
(267, 167),
(268, 37),
(268, 221),
(269, 38),
(269, 116),
(269, 148),
(270, 308),
(271, 303),
(272, 232),
(272, 250),
(272, 298),
(273, 40),
(273, 75),
(273, 156),
(274, 69),
(274, 75),
(274, 85),
(274, 175),
(275, 38),
(275, 167),
(276, 230),
(277, 94),
(277, 177),
(277, 195),
(277, 208),
(277, 279),
(277, 296),
(278, 178),
(278, 249),
(279, 79),
(280, 115),
(280, 129),
(280, 173),
(280, 175),
(280, 227),
(280, 272),
(281, 258),
(282, 99),
(283, 182),
(283, 248),
(283, 299),
(284, 56),
(285, 98),
(286, 91),
(286, 142),
(287, 11),
(288, 33),
(288, 53),
(288, 149),
(288, 215),
(289, 173),
(290, 67),
(290, 93),
(291, 63),
(291, 197),
(291, 199),
(292, 14),
(292, 51),
(292, 70),
(292, 80),
(293, 114),
(293, 140),
(293, 179),
(294, 107),
(295, 230),
(296, 2),
(297, 188),
(298, 23),
(298, 202),
(299, 35),
(299, 68),
(300, 4),
(300, 8),
(301, 123),
(301, 141),
(301, 149),
(302, 125),
(303, 48),
(303, 69),
(303, 70),
(303, 215),
(304, 55),
(304, 291),
(305, 73),
(305, 118),
(305, 246),
(306, 32),
(306, 42),
(306, 60),
(307, 172),
(307, 255),
(308, 195),
(309, 287),
(310, 2),
(311, 29),
(311, 184),
(311, 285),
(312, 16),
(312, 95),
(312, 121),
(312, 227),
(312, 246),
(313, 193),
(313, 258),
(314, 271),
(315, 30),
(315, 143),
(315, 269),
(316, 121),
(316, 176),
(317, 25),
(317, 57),
(317, 166),
(318, 228),
(318, 286),
(319, 20),
(320, 180),
(320, 313),
(321, 237),
(322, 280),
(323, 102),
(324, 152),
(325, 36),
(325, 302),
(326, 115),
(327, 18),
(327, 116),
(327, 135),
(327, 176),
(328, 99),
(328, 197),
(329, 56),
(329, 121),
(331, 39),
(331, 63),
(331, 72),
(332, 155),
(333, 6),
(333, 44),
(333, 103),
(333, 165),
(334, 194),
(335, 23),
(335, 42),
(336, 76),
(337, 122),
(337, 196),
(338, 28),
(338, 49),
(338, 168),
(339, 53),
(339, 82),
(339, 165),
(339, 281),
(340, 149),
(341, 20),
(342, 178),
(343, 150),
(343, 219),
(343, 263),
(344, 44),
(344, 151),
(344, 233),
(344, 281),
(345, 83),
(345, 84),
(345, 105),
(345, 138),
(345, 157),
(346, 20),
(346, 129),
(346, 173),
(347, 240),
(348, 33),
(348, 56),
(349, 45),
(349, 51),
(349, 106),
(350, 48),
(350, 128),
(350, 130),
(351, 133),
(351, 259),
(351, 281),
(352, 148),
(353, 52),
(354, 21),
(354, 26),
(355, 35),
(356, 9),
(357, 193),
(358, 65),
(359, 78),
(359, 96),
(359, 308),
(360, 24),
(360, 69),
(360, 120),
(360, 191),
(361, 12),
(361, 177),
(361, 297),
(362, 27),
(362, 63),
(363, 61),
(363, 175),
(363, 179),
(363, 259),
(364, 265),
(365, 147),
(365, 305),
(365, 311),
(366, 72),
(366, 88),
(367, 82),
(367, 187),
(368, 61),
(369, 95),
(369, 131),
(369, 167),
(370, 17),
(370, 111),
(370, 163),
(371, 12),
(371, 77),
(371, 212),
(372, 57),
(372, 60),
(372, 80),
(372, 161),
(373, 234),
(373, 274),
(374, 110),
(375, 113),
(375, 222),
(376, 27),
(376, 32),
(376, 70),
(376, 117),
(377, 156),
(377, 169),
(378, 202),
(379, 28),
(379, 69),
(379, 77),
(379, 151),
(379, 189),
(380, 155),
(380, 174),
(381, 124),
(381, 190),
(381, 223),
(382, 122),
(383, 48),
(383, 117),
(383, 121),
(383, 212),
(384, 42),
(385, 17),
(386, 131),
(386, 138),
(387, 246),
(388, 2),
(388, 33),
(388, 45),
(388, 51),
(388, 288),
(389, 61),
(389, 291),
(390, 184),
(390, 315),
(391, 56),
(392, 127),
(392, 222),
(393, 124),
(393, 190),
(394, 28),
(394, 72),
(395, 6),
(395, 9),
(395, 21),
(395, 173),
(395, 233),
(396, 158),
(397, 300),
(398, 77),
(399, 14),
(399, 236),
(400, 10),
(400, 35),
(400, 74),
(400, 77),
(401, 160),
(402, 20),
(402, 55),
(403, 112),
(403, 118),
(404, 11),
(404, 286),
(405, 264),
(406, 135),
(406, 197),
(406, 246),
(406, 247),
(407, 115),
(408, 277),
(409, 86),
(410, 109),
(411, 93),
(411, 121),
(411, 133),
(412, 68),
(412, 81),
(412, 261),
(413, 8),
(413, 284),
(414, 189),
(414, 275),
(415, 15),
(416, 150),
(417, 37),
(417, 95),
(417, 268),
(418, 186),
(419, 73),
(420, 45),
(421, 295),
(421, 314),
(422, 139),
(423, 135),
(423, 207),
(423, 239),
(424, 18),
(424, 212),
(424, 257),
(425, 60),
(425, 69),
(425, 95),
(425, 117),
(425, 131),
(425, 145),
(426, 162),
(426, 263),
(427, 74),
(427, 97),
(427, 116),
(427, 207),
(428, 199),
(428, 201),
(429, 2),
(429, 25),
(429, 235),
(430, 89),
(430, 177),
(431, 94),
(431, 107),
(431, 206),
(432, 66),
(432, 216),
(433, 309),
(433, 317),
(434, 299),
(435, 12),
(435, 20),
(435, 23),
(435, 174),
(435, 213),
(436, 89),
(436, 166),
(437, 122),
(438, 203),
(438, 210),
(438, 229),
(439, 253),
(440, 262),
(441, 219),
(441, 271),
(442, 5),
(442, 22),
(442, 58),
(442, 321),
(443, 47),
(444, 24),
(444, 132),
(444, 217),
(444, 252),
(444, 254),
(445, 89),
(445, 125),
(445, 169),
(445, 193),
(446, 131),
(447, 15),
(447, 59),
(448, 5),
(449, 177),
(449, 183),
(450, 96),
(450, 265),
(451, 29),
(451, 130),
(452, 45),
(452, 87),
(452, 103),
(452, 275),
(453, 38),
(453, 106),
(453, 108),
(453, 116),
(453, 202),
(454, 77),
(454, 89),
(455, 142),
(455, 185),
(456, 224),
(456, 277),
(456, 312),
(457, 159),
(458, 12),
(459, 283),
(460, 72),
(460, 218),
(461, 31),
(461, 261),
(462, 23),
(462, 179),
(462, 258),
(463, 42),
(463, 156),
(463, 183),
(464, 130),
(464, 216),
(465, 7),
(465, 75),
(465, 85),
(465, 89),
(465, 175),
(466, 97),
(466, 264),
(467, 181),
(468, 94),
(468, 125),
(468, 206),
(468, 293),
(469, 130),
(470, 145),
(470, 266),
(471, 39),
(471, 64),
(471, 67),
(471, 104),
(471, 145),
(472, 87),
(472, 155),
(472, 177),
(473, 88),
(473, 302),
(474, 63),
(474, 128),
(474, 207),
(475, 11),
(475, 119),
(475, 213),
(475, 223),
(475, 313),
(476, 19),
(477, 115),
(478, 39),
(478, 282),
(479, 172),
(479, 223),
(479, 255),
(479, 310),
(480, 91),
(481, 61),
(481, 89),
(481, 179),
(482, 37),
(482, 113),
(483, 54),
(483, 252),
(483, 260),
(483, 297),
(484, 30),
(484, 98),
(484, 269),
(485, 12),
(485, 57),
(485, 179),
(485, 240),
(486, 70),
(486, 131),
(486, 174),
(486, 275),
(487, 108),
(487, 157),
(487, 288),
(488, 295),
(489, 50),
(490, 196),
(490, 218),
(491, 170),
(491, 251),
(492, 99),
(492, 212),
(492, 227),
(492, 233),
(492, 268),
(493, 123),
(493, 136),
(493, 149),
(493, 152),
(493, 264),
(493, 285),
(494, 145),
(494, 165),
(495, 120),
(495, 148),
(496, 216),
(497, 76),
(497, 248),
(498, 12),
(498, 53),
(498, 281),
(499, 37),
(500, 294),
(501, 37),
(501, 97),
(501, 268),
(502, 145),
(502, 217),
(503, 55),
(503, 154),
(503, 202),
(503, 288),
(504, 303),
(505, 138),
(506, 7),
(506, 106),
(507, 9),
(507, 74),
(507, 105),
(507, 197),
(507, 236),
(507, 288),
(508, 3),
(509, 2),
(509, 6),
(509, 14),
(509, 55),
(510, 192),
(511, 102),
(512, 83),
(512, 84),
(513, 14),
(513, 275),
(514, 221),
(514, 239),
(515, 57),
(515, 154),
(515, 161),
(516, 10),
(516, 47),
(516, 51),
(516, 141),
(517, 88),
(517, 136),
(518, 83),
(518, 84),
(519, 198),
(519, 260),
(520, 122),
(521, 71),
(522, 101),
(522, 159),
(522, 160),
(523, 197),
(524, 31),
(524, 73),
(524, 239),
(525, 262),
(526, 144),
(527, 103),
(527, 154),
(528, 238),
(528, 320),
(529, 92),
(529, 133),
(529, 247),
(530, 69),
(530, 117),
(530, 141),
(531, 147),
(532, 40),
(532, 195),
(532, 235),
(533, 140),
(534, 2),
(534, 47),
(534, 202),
(534, 257),
(535, 78),
(536, 14),
(536, 154),
(536, 165),
(537, 265),
(538, 13),
(539, 68),
(540, 66),
(541, 67),
(542, 280),
(542, 292),
(543, 51),
(543, 114),
(543, 131),
(543, 166),
(543, 169),
(544, 126),
(545, 57),
(545, 202),
(545, 225),
(546, 153),
(546, 215),
(546, 227),
(546, 268),
(547, 238),
(548, 38),
(548, 153),
(548, 154),
(549, 19),
(549, 272),
(550, 98),
(550, 316),
(551, 36),
(552, 182),
(553, 15),
(554, 142),
(555, 276),
(555, 305),
(556, 17),
(557, 49),
(557, 251),
(558, 9),
(558, 21),
(558, 50),
(558, 80),
(558, 275),
(559, 114),
(560, 18),
(560, 21),
(560, 83),
(560, 84),
(560, 165),
(561, 180);


INSERT INTO `urhajos` (`id`, `nev`, `orszag`, `nem`, `szulev`, `urido`) VALUES
(1, 'Stuart Roosa', 'USA', 'F', 1933, 'T009:00:01'),
(2, 'Gennady Padalka', 'RUS', 'F', 1958, 'T878:11:29'),
(3, 'Valery Korzun', 'RUS', 'F', 1953, 'T381:15:41'),
(4, 'Scott Carpenter', 'USA', 'F', 1925, 'T000:04:56'),
(5, 'Vladislav Volkov', 'URS', 'F', 1935, 'T028:20:02'),
(6, 'Umberto Guidoni', 'ITA', 'F', 1954, 'T027:15:11'),
(7, 'Nicole Marie Passonno Stott', 'USA', 'N', 1962, 'T026:15:58'),
(8, 'Donald McMonagle', 'USA', 'F', 1952, 'T025:05:34'),
(9, 'Daniel Bursch', 'USA', 'F', 1957, 'T226:22:15'),
(10, 'Oleg Skripochka', 'RUS', 'F', 1969, 'T331:12:29'),
(11, 'Yi So-yeon', 'KOR', 'N', 1978, 'T010:21:13'),
(12, 'Julie Payette', 'CAN', 'N', 1963, 'T025:07:58'),
(13, 'Linda Godwin', 'USA', 'N', 1952, 'T038:06:15'),
(14, 'Alan G. Poindexter', 'USA', 'F', 1961, 'T027:21:09'),
(15, 'Daniel Tani', 'USA', 'F', 1961, 'T131:18:05'),
(16, 'Evgeny Tarelkin', 'RUS', 'F', 1974, 'T143:16:19'),
(17, 'Jeffrey Williams', 'USA', 'F', 1958, 'T534:02:47'),
(18, 'Chris Hadfield', 'CAN', 'F', 1959, 'T165:16:20'),
(19, 'Lee Morin', 'USA', 'F', 1952, 'T010:19:42'),
(20, 'Thomas Pesquet', 'FRA', 'F', 1978, 'T196:17:53'),
(21, 'Klaus-Dietrich Flade', 'GER', 'F', 1952, 'T175:02:51'),
(22, 'James Ox van Hoften', 'USA', 'F', 1944, 'T014:01:57'),
(23, 'David M. Brown', 'USA', 'F', 1956, 'T015:22:20'),
(24, 'Martin J. Fettman', 'USA', 'F', 1956, 'T014:00:12'),
(25, 'Liu Yang', 'CHN', 'N', 1978, 'T012:15:23'),
(26, 'Mario Runco, Jr.', 'USA', 'F', 1952, 'T022:23:07'),
(27, 'Anousheh Ansari', 'IRI', 'N', 1966, 'T010:21:05'),
(28, 'Virgil I. Gus Grissom', 'USA', 'F', 1926, 'T000:05:08'),
(29, 'John D. Olivas', 'USA', 'F', 1966, 'T027:17:05'),
(30, 'Vladimir Dzhanibekov', 'URS', 'F', 1942, 'T145:15:58'),
(31, 'Carlos I. Noriega', 'PER', 'F', 1959, 'T020:00:17'),
(32, 'Dominic Gorie', 'USA', 'F', 1957, 'T048:15:23'),
(33, 'Eugene Trinh', 'USA', 'F', 1950, 'T013:19:30'),
(34, 'Robert Overmyer', 'USA', 'F', 1936, 'T012:02:23'),
(35, 'Aleksandr Laveykin', 'URS', 'F', 1951, 'T174:03:25'),
(36, 'James Buchli', 'USA', 'F', 1945, 'T020:10:24'),
(37, 'Viktor Gorbatko', 'URS', 'F', 1934, 'T030:12:49'),
(38, 'Richard R. Arnold', 'USA', 'F', 1963, 'T208:13:30'),
(39, 'Stephen Frick', 'USA', 'F', 1964, 'T023:14:04'),
(40, 'David M. Walker', 'USA', 'F', 1944, 'T030:04:30'),
(41, 'James M. Kelly', 'USA', 'F', 1964, 'T026:17:23'),
(42, 'Hans Schlegel', 'GER', 'F', 1951, 'T022:18:02'),
(43, 'Serena Auñón-Chancellor', 'USA', 'N', 1976, 'T196:20:07'),
(44, 'James P. Bagian', 'USA', 'F', 1952, 'T014:01:53'),
(45, 'Garrett Reisman', 'USA', 'F', 1968, 'T107:03:16'),
(46, 'Laurel B. Clark', 'USA', 'N', 1961, 'T015:22:20'),
(47, 'Stephanie Wilson', 'USA', 'N', 1966, 'T042:23:47'),
(48, 'Leroy Chiao', 'USA', 'F', 1960, 'T229:08:40'),
(49, 'K. Megan McArthur', 'USA', 'N', 1971, 'T012:21:37'),
(50, 'Harrison Schmitt', 'USA', 'F', 1935, 'T012:13:51'),
(51, 'Kathryn Hire', 'USA', 'N', 1959, 'T029:15:58'),
(52, 'Mark Shuttleworth', 'RSA', 'F', 1973, 'T009:21:25'),
(53, 'Walter Schirra', 'USA', 'F', 1923, 'T012:07:13'),
(54, 'Bryan O\'Connor', 'USA', 'F', 1946, 'T015:23:19'),
(55, 'Boris Yegorov', 'URS', 'F', 1937, 'T001:00:17'),
(56, 'Stephen Robinson', 'USA', 'F', 1955, 'T048:09:51'),
(57, 'Michael J. Smith', 'USA', 'F', 1945, 'T000:00:01'),
(58, 'Mark Kelly', 'USA', 'F', 1964, 'T054:02:05'),
(59, 'Jon McBride', 'USA', 'F', 1943, 'T008:05:23'),
(60, 'Barbara Morgan', 'USA', 'N', 1951, 'T012:17:56'),
(61, 'Marsha Ivins', 'USA', 'N', 1951, 'T055:21:49'),
(62, 'Bjarni Tryggvason', 'CAN', 'F', 1945, 'T011:20:27'),
(63, 'Yelena Kondakova', 'RUS', 'N', 1957, 'T178:09:41'),
(64, 'Edwin J. Garn', 'USA', 'F', 1932, 'T006:23:55'),
(65, 'Kalpana Chawla', 'USA', 'N', 1962, 'T031:14:54'),
(66, 'Pavel Popovich', 'URS', 'F', 1930, 'T018:16:26'),
(67, 'Michael J. Bloomfield', 'USA', 'F', 1959, 'T033:11:01'),
(68, 'Aleksandr Samokutyayev', 'RUS', 'F', 1970, 'T331:11:23'),
(69, 'Leonid Popov', 'URS', 'F', 1945, 'T200:14:45'),
(70, 'Mark Brown', 'USA', 'F', 1951, 'T010:09:27'),
(71, 'Richard Linnehan', 'USA', 'F', 1957, 'T059:12:02'),
(72, 'Aleksandr Serebrov', 'URS', 'F', 1944, 'T372:22:53'),
(73, 'Roberto Vittori', 'ITA', 'F', 1964, 'T035:12:25'),
(74, 'Georgi Grechko', 'URS', 'F', 1931, 'T134:20:32'),
(75, 'José Hernández', 'USA', 'F', 1962, 'T013:20:54'),
(76, 'Yuri Shargin', 'RUS', 'F', 1960, 'T009:21:29'),
(77, 'Jean-Jacques Favier', 'FRA', 'F', 1949, 'T016:21:48'),
(78, 'Frank Borman', 'USA', 'F', 1928, 'T019:21:35'),
(79, 'Anatoly Filipchenko', 'URS', 'F', 1928, 'T010:21:03'),
(80, 'James Irwin', 'USA', 'F', 1930, 'T012:07:11'),
(81, 'Scott Parazynski', 'USA', 'F', 1961, 'T058:15:33'),
(82, 'Anatoli Levchenko', 'URS', 'F', 1941, 'T007:21:58'),
(83, 'Charles Pete Conrad', 'USA', 'F', 1930, 'T049:03:38'),
(84, 'Charles Gemar', 'USA', 'F', 1955, 'T024:05:39'),
(85, 'Richard Gordon', 'USA', 'F', 1929, 'T013:03:53'),
(86, 'Liu Wang', 'CHN', 'F', 1969, 'T012:15:23'),
(87, 'Karen Nyberg', 'USA', 'N', 1969, 'T180:00:30'),
(88, 'Dennis Tito', 'USA', 'F', 1940, 'T007:22:04'),
(89, 'Michael Fossum', 'USA', 'F', 1957, 'T193:19:03'),
(90, 'Fyodor Yurchikhin', 'RUS', 'F', 1959, 'T672:20:40'),
(91, 'Oleg Atkov', 'URS', 'F', 1949, 'T236:22:49'),
(92, 'Vladimir Vasyutin', 'URS', 'F', 1952, 'T064:21:52'),
(93, 'Walter Cunningham', 'USA', 'F', 1932, 'T010:20:09'),
(94, 'Claudie Haigneré', 'FRA', 'N', 1957, 'T025:14:24'),
(95, 'Terry Virts', 'USA', 'F', 1967, 'T213:10:50'),
(96, 'Edward Gibson', 'USA', 'F', 1936, 'T084:01:15'),
(97, 'Jerry L. Ross', 'USA', 'F', 1948, 'T058:00:53'),
(98, 'Ronald Grabe', 'USA', 'F', 1945, 'T026:03:40'),
(99, 'Aleksey Ovchinin', 'RUS', 'F', 1971, 'T172:03:46'),
(100, 'Michael S. Hopkins', 'USA', 'F', 1968, 'T166:06:25'),
(101, 'Mikhail Korniyenko', 'RUS', 'F', 1960, 'T516:10:01'),
(102, 'Gregory Chamitoff', 'USA', 'F', 1962, 'T198:18:01'),
(103, 'Steven MacLean', 'CAN', 'F', 1954, 'T021:14:06'),
(104, 'Phạm Tuân', 'VIE', 'F', 1947, 'T007:20:41'),
(105, 'Lisa Nowak', 'USA', 'N', 1963, 'T012:18:36'),
(106, 'Pavel Vinogradov', 'RUS', 'F', 1953, 'T546:22:32'),
(107, 'Jerome Apt', 'USA', 'F', 1949, 'T035:07:11'),
(108, 'Valery Ryumin', 'URS', 'F', 1939, 'T371:17:25'),
(109, 'William Pogue', 'USA', 'F', 1930, 'T084:01:15'),
(110, 'Michael Baker', 'USA', 'F', 1953, 'T040:03:04'),
(111, 'Scott Horowitz', 'USA', 'F', 1957, 'T047:10:38'),
(112, 'John-David F. Bartoe', 'USA', 'F', 1944, 'T007:22:45'),
(113, 'John Phillips', 'USA', 'F', 1951, 'T203:17:23'),
(114, 'James Pawelczyk', 'USA', 'F', 1960, 'T015:21:50'),
(115, 'Robert Springer', 'USA', 'F', 1942, 'T009:21:33'),
(116, 'Vitali Sevastyanov', 'URS', 'F', 1935, 'T080:16:19'),
(117, 'Reinhard Furrer', 'GER', 'F', 1940, 'T007:00:44'),
(118, 'Owen Garriott', 'USA', 'F', 1930, 'T069:17:56'),
(119, 'Janet L. Kavandi', 'USA', 'N', 1959, 'T033:20:07'),
(120, 'Frederick Sturckow', 'USA', 'F', 1961, 'T051:09:35'),
(121, 'Andreas Mogensen', 'DEN', 'F', 1976, 'T181:23:47'),
(122, 'Oleg Kononenko', 'RUS', 'F', 1964, 'T549:23:25'),
(123, 'Robert S. Kimbrough', 'USA', 'F', 1967, 'T188:23:45'),
(124, 'Vitaliy Zholobov', 'URS', 'F', 1937, 'T049:06:23'),
(125, 'Dirk Frimout', 'BEL', 'F', 1941, 'T008:22:09'),
(126, 'Karol Bobko', 'USA', 'F', 1937, 'T016:02:03'),
(127, 'Valentina Tereshkova', 'URS', 'N', 1937, 'T002:22:50'),
(128, 'Douglas Wheelock', 'USA', 'F', 1960, 'T178:09:33'),
(129, 'Sultan bin Salman bin Abdulaziz Al Saud', 'KSA', 'F', 1956, 'T007:01:38'),
(130, 'Robert Crippen', 'USA', 'F', 1937, 'T023:13:48'),
(131, 'Lev Dyomin', 'URS', 'F', 1926, 'T002:00:12'),
(132, 'James Adamson', 'USA', 'F', 1946, 'T013:22:21'),
(133, 'Don Lind', 'USA', 'F', 1930, 'T007:00:08'),
(134, 'Alan Shepard', 'USA', 'F', 1923, 'T009:00:17'),
(135, 'Christopher Ferguson', 'USA', 'F', 1961, 'T040:10:04'),
(136, 'Tamara E. Jernigan', 'USA', 'N', 1959, 'T062:19:29'),
(137, 'Musa Manarov', 'URS', 'F', 1951, 'T541:00:29'),
(138, 'Ronald McNair', 'USA', 'F', 1950, 'T007:23:15'),
(139, 'Charles Fullerton', 'USA', 'F', 1936, 'T015:22:50'),
(140, 'Terry Hart', 'USA', 'F', 1946, 'T006:23:40'),
(141, 'Buzz Aldrin', 'USA', 'F', 1930, 'T012:01:53'),
(142, 'L. Gordon Cooper, Jr.', 'USA', 'F', 1927, 'T009:09:15'),
(143, 'Salizhan Sharipov', 'RUS', 'F', 1964, 'T201:14:49'),
(144, 'Aleksandr Misurkin', 'RUS', 'F', 1977, 'T333:11:28'),
(145, 'James F. Reilly', 'USA', 'F', 1954, 'T035:10:33'),
(146, 'Dale Gardner', 'USA', 'F', 1948, 'T014:00:53'),
(147, 'Steven Hawley', 'USA', 'F', 1951, 'T032:02:42'),
(148, 'Scott Altman', 'USA', 'F', 1959, 'T050:12:48'),
(149, 'Sigmund Jähn', 'GDR', 'F', 1937, 'T007:20:49'),
(150, 'Robert Thirsk', 'CAN', 'F', 1953, 'T204:18:30'),
(151, 'Michael Gernhardt', 'USA', 'F', 1956, 'T043:07:01'),
(152, 'Ellison Onizuka', 'USA', 'F', 1946, 'T003:01:33'),
(153, 'Duane G. Carey', 'USA', 'F', 1957, 'T010:22:11'),
(154, 'Toktar Aubakirov', 'URS', 'F', 1946, 'T007:22:12'),
(155, 'Sergei Treshchov', 'RUS', 'F', 1958, 'T184:22:15'),
(156, 'Sunita Suni Williams', 'USA', 'N', 1965, 'T321:17:15'),
(157, 'Kevin Kregel', 'USA', 'F', 1956, 'T052:18:22'),
(158, 'Michael Foale', 'GBR', 'F', 1957, 'T374:17:17'),
(159, 'Michael R. Clifford', 'USA', 'F', 1952, 'T027:18:25'),
(160, 'Steven Swanson', 'USA', 'F', 1960, 'T195:20:47'),
(161, 'Michael Fincke', 'USA', 'F', 1967, 'T381:15:09'),
(162, 'Eileen Collins', 'USA', 'N', 1956, 'T036:07:10'),
(163, 'John Blaha', 'USA', 'F', 1942, 'T161:02:48'),
(164, 'Viktor Afanasyev', 'RUS', 'F', 1948, 'T555:18:34'),
(165, 'Michael J. McCulley', 'USA', 'F', 1943, 'T004:23:39'),
(166, 'Gary Payton', 'USA', 'F', 1948, 'T003:01:33'),
(167, 'B. Alvin Drew', 'USA', 'F', 1962, 'T025:13:01'),
(169, 'Jean-Pierre Haigneré', 'FRA', 'F', 1948, 'T209:12:25'),
(170, 'Valery Bykovsky', 'URS', 'F', 1934, 'T020:17:48'),
(171, 'Peter Wisoff', 'USA', 'F', 1958, 'T044:08:10'),
(172, 'Nikolai Budarin', 'RUS', 'F', 1953, 'T445:01:26'),
(173, 'Daniel Burbank', 'USA', 'F', 1961, 'T187:21:47'),
(174, 'Muhammed Faris', 'SYR', 'F', 1951, 'T007:23:04'),
(175, 'Sonny Carter', 'USA', 'F', 1947, 'T005:00:06'),
(176, 'Helen Sharman', 'GBR', 'F', 1963, 'T007:21:13'),
(177, 'Yury Usachov', 'RUS', 'F', 1957, 'T552:22:24'),
(178, 'Randolph Bresnik', 'USA', 'F', 1967, 'T149:12:13'),
(179, 'Piers Sellers', 'USA', 'F', 1955, 'T035:09:04'),
(180, 'Brian Duffy', 'USA', 'F', 1953, 'T040:17:37'),
(181, 'Sidney Gutierrez', 'USA', 'F', 1951, 'T020:08:04'),
(182, 'Joe Edwards', 'USA', 'F', 1958, 'T008:19:47'),
(183, 'Andriyan Nikolayev', 'URS', 'F', 1929, 'T021:15:26'),
(184, 'Peggy Whitson', 'USA', 'N', 1960, 'T665:22:27'),
(185, 'Kenneth Bowersox', 'USA', 'F', 1956, 'T212:14:12'),
(186, 'Reinhold Ewald', 'GER', 'F', 1956, 'T019:16:34'),
(187, 'Thomas Reiter', 'GER', 'F', 1958, 'T350:05:35'),
(188, 'Vasili Tsibliyev', 'RUS', 'F', 1954, 'T381:15:53'),
(189, 'Georgi Dobrovolski', 'URS', 'F', 1928, 'T023:21:21'),
(190, 'Gregory C. Johnson', 'USA', 'F', 1954, 'T012:21:37'),
(191, 'Anatoly Solovyev', 'RUS', 'F', 1948, 'T651:00:03'),
(192, 'John Jack Swigert', 'USA', 'F', 1931, 'T005:22:54'),
(193, 'Donald Peterson', 'USA', 'F', 1933, 'T005:00:23'),
(194, 'Carl Meade', 'USA', 'F', 1950, 'T029:16:14'),
(195, 'Fei Junlong', 'CHN', 'F', 1965, 'T004:19:32'),
(196, 'Jack Lousma', 'USA', 'F', 1936, 'T067:11:13'),
(197, 'Dumitru Prunariu', 'ROU', 'F', 1952, 'T007:20:41'),
(198, 'Albert Sacco', 'USA', 'F', 1949, 'T015:21:52'),
(199, 'Christopher Cassidy', 'USA', 'F', 1970, 'T181:22:59'),
(200, 'Joseph M. Acaba', 'USA', 'F', 1967, 'T305:00:35'),
(201, 'Maurizio Cheli', 'ITA', 'F', 1959, 'T015:17:40'),
(202, 'Jean-Loup Chrétien', 'FRA', 'F', 1938, 'T044:11:18'),
(203, 'Charles Simonyi', 'HUN', 'F', 1948, 'T026:14:26'),
(204, 'Anatoly Artsebarsky', 'URS', 'F', 1956, 'T144:15:21'),
(205, 'David Griggs', 'USA', 'F', 1939, 'T006:23:55'),
(206, 'Charles Bolden', 'USA', 'F', 1946, 'T028:08:38'),
(207, 'Michael Foreman', 'USA', 'F', 1957, 'T026:13:28'),
(208, 'Scott D. Tingle', 'USA', 'F', 1965, 'T168:05:18'),
(209, 'William Anders', 'USA', 'F', 1933, 'T006:03:00'),
(210, 'Brent W. Jett, Jr.', 'USA', 'F', 1958, 'T041:18:01'),
(211, 'Shannon Walker', 'USA', 'N', 1965, 'T163:07:11'),
(212, 'William Shepherd', 'USA', 'F', 1949, 'T159:05:55'),
(213, 'Miroslaw Hermaszewski', 'POL', 'F', 1941, 'T007:22:02'),
(214, 'Anatoli Berezovoy', 'URS', 'F', 1942, 'T211:09:04'),
(215, 'Mark Vande Hei', 'USA', 'F', 1966, 'T167:05:13'),
(216, 'Donald Thomas', 'USA', 'F', 1955, 'T043:08:13'),
(217, 'Alexander Volkov', 'URS', 'F', 1948, 'T391:11:52'),
(218, 'Terence Henricks', 'USA', 'F', 1952, 'T042:18:38'),
(219, 'David Leestma', 'USA', 'F', 1949, 'T022:04:33'),
(220, 'Susan Still Kilrain', 'USA', 'N', 1961, 'T019:15:57'),
(221, 'Roy Bridges', 'USA', 'F', 1943, 'T007:22:45'),
(222, 'Rhea Seddon', 'USA', 'N', 1947, 'T030:02:22'),
(223, 'Koichi Wakata', 'JPN', 'F', 1963, 'T347:08:32'),
(224, 'Patrick Forrester', 'USA', 'F', 1957, 'T039:14:18'),
(225, 'Gregory H. Johnson', 'USA', 'F', 1962, 'T031:11:50'),
(226, 'Chen Dong', 'CHN', 'F', 1978, 'T032:06:29'),
(227, 'Guy Laliberté', 'CAN', 'F', 1959, 'T010:21:17'),
(228, 'Sergei Avdeyev', 'RUS', 'F', 1956, 'T367:23:23'),
(229, 'Robert Stewart', 'USA', 'F', 1942, 'T012:01:00'),
(230, 'Bernard A. Harris, Jr.', 'USA', 'F', 1956, 'T018:06:08'),
(231, 'Charles D. Walker', 'USA', 'F', 1948, 'T019:21:56'),
(232, 'Kenneth Reightler', 'USA', 'F', 1951, 'T013:15:37'),
(233, 'Richard Mastracchio', 'USA', 'F', 1960, 'T226:13:37'),
(234, 'Alan Bean', 'USA', 'F', 1932, 'T069:15:45'),
(235, 'Thomas Akers', 'USA', 'F', 1951, 'T034:00:44'),
(236, 'Charles Hobaugh', 'USA', 'F', 1961, 'T035:09:26'),
(237, 'Rodolfo Neri Vela', 'MEX', 'F', 1952, 'T006:21:04'),
(238, 'Michael Coats', 'USA', 'F', 1946, 'T019:07:57'),
(239, 'Michael Massimino', 'USA', 'F', 1962, 'T023:19:48'),
(240, 'Michael Collins', 'USA', 'F', 1930, 'T011:02:05'),
(241, 'Yuri Lonchakov', 'RUS', 'F', 1965, 'T200:18:39'),
(242, 'Valentin Lebedev', 'URS', 'F', 1942, 'T219:06:00'),
(243, 'Vladimir Titov', 'URS', 'F', 1947, 'T388:00:45'),
(244, 'Joan Higginbotham', 'USA', 'N', 1964, 'T012:20:44'),
(245, 'Nikolay Rukavishnikov', 'URS', 'F', 1932, 'T009:21:10'),
(246, 'Eric A. Boe', 'USA', 'F', 1964, 'T028:15:34'),
(247, 'Tracy Caldwell Dyson', 'USA', 'N', 1969, 'T188:19:15'),
(248, 'Robert L. Behnken', 'USA', 'F', 1970, 'T029:12:20'),
(249, 'Judith Resnik', 'USA', 'N', 1949, 'T006:00:57'),
(250, 'Sergei Zalyotin', 'RUS', 'F', 1962, 'T083:16:35'),
(251, 'Franco Malerba', 'ITA', 'F', 1946, 'T007:23:15'),
(252, 'Nancy J. Currie', 'USA', 'N', 1958, 'T041:15:33'),
(253, 'Thomas Marshburn', 'USA', 'F', 1960, 'T161:07:03'),
(254, 'Vladimir Lyakhov', 'URS', 'F', 1941, 'T333:07:48'),
(255, 'Sergei Krikalev', 'RUS', 'F', 1958, 'T803:09:39'),
(256, 'Jeffrey Ashby', 'USA', 'F', 1954, 'T027:16:19'),
(257, 'Douglas G. Hurley', 'USA', 'F', 1966, 'T028:11:13'),
(258, 'Edgar Mitchell', 'USA', 'F', 1930, 'T009:00:01'),
(259, 'Vladimir N. Dezhurov', 'RUS', 'F', 1962, 'T115:08:43'),
(260, 'Andrew M. Allen', 'USA', 'F', 1955, 'T037:16:13'),
(261, 'Kathryn Thornton', 'USA', 'N', 1952, 'T040:17:15'),
(262, 'Rusty Schweickart', 'USA', 'F', 1935, 'T010:01:00'),
(263, 'Andrew Thomas', 'USA', 'F', 1951, 'T177:09:14'),
(264, 'Takao Doi', 'JPN', 'F', 1954, 'T031:10:46'),
(265, 'Gregory Olsen', 'USA', 'F', 1945, 'T009:21:14'),
(266, 'Samuel T. Durrance', 'USA', 'F', 1943, 'T025:14:13'),
(267, 'Franklin Chang-Diaz', 'USA', 'F', 1950, 'T066:18:17'),
(268, 'Nicholas Patrick', 'USA', 'F', 1964, 'T026:14:52'),
(269, 'Richard Searfoss', 'USA', 'F', 1956, 'T039:03:18'),
(270, 'Norishige Kanai', 'JPN', 'F', 1976, 'T168:05:18'),
(271, 'Valery Rozhdestvensky', 'URS', 'F', 1939, 'T002:00:06'),
(272, 'Petr Klimuk', 'URS', 'F', 1942, 'T078:18:18'),
(273, 'Loren Shriver', 'USA', 'F', 1944, 'T016:02:04'),
(274, 'Claude Nicollier', 'SUI', 'F', 1944, 'T043:12:05'),
(275, 'Ronald Sega', 'USA', 'F', 1952, 'T017:12:25'),
(276, 'S. Christa McAuliffe', 'USA', 'N', 1948, 'T000:00:01'),
(277, 'John Young', 'USA', 'F', 1930, 'T034:18:41'),
(278, 'Svetlana Savitskaya', 'URS', 'N', 1948, 'T019:17:07'),
(279, 'Donn F. Eisele', 'USA', 'F', 1930, 'T010:20:09'),
(280, 'Story Musgrave', 'USA', 'F', 1935, 'T053:09:57'),
(281, 'Anna Lee Fisher', 'USA', 'N', 1949, 'T007:23:44'),
(282, 'Philippe Perrin', 'FRA', 'F', 1963, 'T013:20:35'),
(283, 'Valeri Kubasov', 'URS', 'F', 1935, 'T018:17:58'),
(284, 'William C. McCool', 'USA', 'F', 1961, 'T015:22:20'),
(285, 'Yevgeny Khrunov', 'URS', 'F', 1933, 'T001:23:45'),
(286, 'Alexander Gerst', 'GER', 'F', 1976, 'T362:04:07'),
(287, 'Rakesh Sharma', 'IND', 'F', 1949, 'T007:21:40'),
(288, 'Terrence Wilcutt', 'USA', 'F', 1949, 'T041:00:02'),
(289, 'Thomas Hennen', 'USA', 'F', 1952, 'T006:22:50'),
(290, 'Winston Scott', 'USA', 'F', 1950, 'T024:14:34'),
(291, 'Donald Pettit', 'USA', 'F', 1955, 'T370:16:42'),
(292, 'Gregory Harbaugh', 'USA', 'F', 1956, 'T034:02:00'),
(293, 'George Nelson', 'USA', 'F', 1950, 'T017:02:44'),
(294, 'Ronald Evans', 'USA', 'F', 1933, 'T012:13:51'),
(295, 'Gregory B. Jarvis', 'USA', 'F', 1944, 'T000:00:01'),
(296, 'Ernst Messerschmid', 'GER', 'F', 1945, 'T007:00:44'),
(297, 'Jügderdemidiin Gürragchaa', 'MGL', 'F', 1947, 'T007:20:42'),
(298, 'John Fabian', 'USA', 'F', 1939, 'T013:04:02'),
(299, 'Soichi Noguchi', 'JPN', 'F', 1965, 'T177:03:05'),
(300, 'Frank De Winne', 'BEL', 'F', 1961, 'T198:17:35'),
(301, 'Edward Lu', 'USA', 'F', 1963, 'T204:22:16'),
(302, 'Donald Deke Slayton', 'USA', 'F', 1924, 'T009:01:28'),
(303, 'Steven Smith', 'USA', 'F', 1958, 'T041:00:17'),
(304, 'Richard Truly', 'USA', 'F', 1937, 'T008:07:21'),
(305, 'Catherine Coleman', 'USA', 'N', 1960, 'T180:03:59'),
(306, 'Marc Garneau', 'CAN', 'F', 1949, 'T029:02:00'),
(307, 'Vasili Lazarev', 'URS', 'F', 1928, 'T001:23:36'),
(308, 'Charles Duke', 'USA', 'F', 1935, 'T011:01:51'),
(309, 'Franz Viehböck', 'AUT', 'F', 1960, 'T007:22:12'),
(310, 'Wubbo Ockels', 'NED', 'F', 1946, 'T007:00:44'),
(311, 'Talgat Musabayev', 'KAZ', 'F', 1951, 'T341:09:48'),
(312, 'Kent Rominger', 'USA', 'F', 1956, 'T066:22:56'),
(313, 'Joseph P. Allen', 'USA', 'F', 1937, 'T013:01:59'),
(314, 'Edward White', 'USA', 'F', 1930, 'T004:01:56'),
(315, 'Vladimir Shatalov', 'URS', 'F', 1927, 'T009:21:57'),
(316, 'Valery Tokarev', 'RUS', 'F', 1952, 'T199:11:06'),
(317, 'Richard Mullane', 'USA', 'F', 1945, 'T014:20:20'),
(318, 'Vladimir Aksyonov', 'URS', 'F', 1935, 'T011:20:11'),
(319, 'Taylor Wang', 'USA', 'F', 1940, 'T007:00:08'),
(320, 'Gennadi Manakov', 'RUS', 'F', 1950, 'T309:21:19'),
(321, 'Gherman Titov', 'URS', 'F', 1935, 'T001:01:18'),
(322, 'Abdul Ahad Mohmand', 'AFG', 'F', 1959, 'T008:20:26'),
(323, 'Millie Hughes-Fulford', 'USA', 'N', 1945, 'T009:02:14'),
(324, 'Sheikh Muszaphar Shukor', 'MAS', 'F', 1972, 'T010:21:13'),
(325, 'Andrei Borisenko', 'RUS', 'F', 1964, 'T337:08:56'),
(326, 'Karl Henize', 'USA', 'F', 1926, 'T007:22:45'),
(327, 'William S. McArthur', 'USA', 'F', 1951, 'T224:22:19'),
(328, 'Paul Lockhart', 'USA', 'F', 1956, 'T028:15:24'),
(329, 'Rick Husband', 'USA', 'F', 1957, 'T025:13:33'),
(331, 'Stephen G. Bowen', 'USA', 'F', 1964, 'T040:10:04'),
(332, 'Sherwood Spring', 'USA', 'F', 1944, 'T006:21:04'),
(333, 'Robert D. Cabana', 'USA', 'F', 1949, 'T037:22:41'),
(334, 'Luca Parmitano', 'ITA', 'F', 1976, 'T166:06:17'),
(335, 'Sally Ride', 'USA', 'N', 1951, 'T014:07:47'),
(336, 'Pavel Belyayev', 'URS', 'F', 1925, 'T001:02:02'),
(337, 'Clayton Anderson', 'USA', 'F', 1959, 'T166:21:10'),
(338, 'Andrew J. Feustel', 'USA', 'F', 1965, 'T224:09:15'),
(339, 'Carl Walz', 'USA', 'F', 1955, 'T230:13:03'),
(340, 'Boris Morukov', 'RUS', 'F', 1950, 'T010:19:10'),
(341, 'Lodewijk van den Berg', 'USA', 'F', 1932, 'T007:00:08'),
(342, 'Igor Volk', 'URS', 'F', 1937, 'T011:19:14'),
(343, 'David Scott', 'USA', 'F', 1932, 'T022:18:54'),
(344, 'James H. Newman', 'USA', 'F', 1956, 'T043:10:09'),
(345, 'Janice Voss', 'USA', 'N', 1956, 'T049:03:51'),
(346, 'Frederick Gregory', 'USA', 'F', 1941, 'T018:23:05'),
(347, 'William Pailes', 'USA', 'F', 1952, 'T004:01:44'),
(348, 'Michael P. Anderson', 'USA', 'F', 1959, 'T024:18:08'),
(349, 'Ellen S. Baker', 'USA', 'N', 1953, 'T028:14:32'),
(350, 'Rex Walheim', 'USA', 'F', 1962, 'T036:08:32'),
(351, 'Frank L. Culbertson, Jr.', 'USA', 'F', 1949, 'T143:14:51'),
(352, 'Jay C. Buckey', 'USA', 'F', 1956, 'T015:21:50'),
(353, 'Jack D. Fischer', 'USA', 'F', 1974, 'T135:18:08'),
(354, 'Mary Ellen Weber', 'USA', 'N', 1962, 'T018:18:29'),
(355, 'Charles Camarda', 'USA', 'F', 1952, 'T013:21:32'),
(356, 'Paul W. Richards', 'USA', 'F', 1964, 'T012:19:51'),
(357, 'William B. Lenoir', 'USA', 'F', 1939, 'T005:02:14'),
(358, 'Sergei Revin', 'RUS', 'F', 1966, 'T124:23:51'),
(359, 'Anton Shkaplerov', 'RUS', 'F', 1972, 'T533:05:31'),
(360, 'Scott Kelly', 'USA', 'F', 1964, 'T521:10:33'),
(361, 'Ulf Merbold', 'GER', 'F', 1941, 'T049:20:38'),
(362, 'Heidemarie Stefanyshyn-Piper', 'USA', 'N', 1963, 'T027:15:36'),
(363, 'Richard O. Covey', 'USA', 'F', 1946, 'T026:21:10'),
(364, 'Takuya Onishi', 'JPN', 'F', 1975, 'T115:02:22'),
(365, 'Vladimir Kovalyonok', 'URS', 'F', 1942, 'T216:09:09'),
(366, 'Kenneth Ham', 'USA', 'F', 1964, 'T025:12:42'),
(367, 'Yuri Onufrienko', 'RUS', 'F', 1961, 'T389:14:46'),
(368, 'William Frederick Fisher', 'USA', 'F', 1946, 'T007:02:17'),
(369, 'Nancy Jan Davis', 'USA', 'N', 1953, 'T028:02:06'),
(370, 'Jing Haipeng', 'CHN', 'F', 1966, 'T047:18:19'),
(371, 'Stephen Oswald', 'USA', 'F', 1951, 'T033:22:31'),
(372, 'John Casper', 'USA', 'F', 1943, 'T034:09:53'),
(373, 'Joseph A. Walker', 'USA', 'F', 1921, 'T000:00:22'),
(374, 'Viktor Patsayev', 'URS', 'F', 1933, 'T023:21:21'),
(375, 'Kevin A. Ford', 'USA', 'F', 1960, 'T157:13:13'),
(376, 'Joseph Tanner', 'USA', 'F', 1950, 'T043:13:15'),
(377, 'Bruce McCandless II', 'USA', 'F', 1937, 'T013:00:32'),
(378, 'Patrick Baudry', 'FRA', 'F', 1946, 'T007:01:38'),
(379, 'John Grunsfeld', 'USA', 'F', 1958, 'T059:15:05'),
(380, 'Mary L. Cleave', 'USA', 'N', 1947, 'T010:22:01'),
(381, 'Leonid Kizim', 'URS', 'F', 1941, 'T374:17:58'),
(382, 'Naoko Yamazaki', 'JPN', 'N', 1970, 'T015:02:47'),
(383, 'Ellen Ochoa', 'USA', 'N', 1958, 'T040:15:38'),
(384, 'Paul Scully-Power', 'USA', 'F', 1944, 'T008:05:23'),
(385, 'Zhai Zhigang', 'CHN', 'F', 1966, 'T002:20:26'),
(386, 'Mamoru Mohri', 'JPN', 'F', 1948, 'T019:04:10'),
(387, 'Frederick W. Leslie', 'USA', 'F', 1951, 'T015:21:52'),
(388, 'Bonnie J. Dunbar', 'USA', 'N', 1949, 'T050:08:26'),
(389, 'Joe H. Engle', 'USA', 'F', 1932, 'T009:08:30'),
(390, 'Yuri Baturin', 'RUS', 'F', 1949, 'T019:17:45'),
(391, 'Ilan Ramon', 'ISR', 'F', 1954, 'T015:22:20'),
(392, 'Oleg Novitskiy', 'RUS', 'F', 1971, 'T340:10:12'),
(393, 'Vladimir Solovyov', 'URS', 'F', 1946, 'T361:22:50'),
(394, 'Michael T. Good', 'USA', 'F', 1962, 'T024:16:06'),
(395, 'James Voss', 'USA', 'F', 1949, 'T202:05:29'),
(396, 'Yuri Glazkov', 'URS', 'F', 1939, 'T017:17:27'),
(397, 'Georgi Ivanov', 'BUL', 'F', 1940, 'T001:23:01'),
(398, 'William Gregory', 'USA', 'F', 1957, 'T016:15:08'),
(399, 'Charles Veach', 'USA', 'F', 1944, 'T018:02:22'),
(400, 'Wendy Lawrence', 'USA', 'N', 1959, 'T052:03:55'),
(401, 'Satoshi Furukawa', 'JPN', 'F', 1964, 'T167:06:14'),
(402, 'William E. Thornton', 'USA', 'F', 1929, 'T013:01:17'),
(403, 'Michel Tognini', 'FRA', 'F', 1949, 'T018:17:45'),
(404, 'Yuri Malyshev', 'URS', 'F', 1941, 'T011:20:00'),
(405, 'Timothy Peake', 'GBR', 'F', 1972, 'T185:22:11'),
(406, 'Michael Lopez-Alegria', 'USA', 'F', 1958, 'T258:22:46'),
(407, 'Loren Acton', 'USA', 'F', 1936, 'T007:22:45'),
(408, 'Arnaldo Tamayo Méndez', 'CUB', 'F', 1942, 'T007:20:43'),
(409, 'Marcos Pontes', 'BRA', 'F', 1963, 'T009:21:18'),
(410, 'Richard Garriott', 'USA', 'F', 1961, 'T011:20:36'),
(411, 'Daniel Barry', 'USA', 'F', 1953, 'T030:10:26'),
(412, 'Oleg Kotov', 'RUS', 'F', 1965, 'T526:05:03'),
(413, 'Roman Romanenko', 'RUS', 'F', 1971, 'T333:11:00'),
(414, 'Jerry Linenger', 'USA', 'F', 1955, 'T143:02:50'),
(415, 'Wang Yaping', 'CHN', 'F', 1978, 'T014:14:28'),
(416, 'Alfred Worden', 'USA', 'F', 1932, 'T012:07:11'),
(417, 'Robert Curbeam', 'USA', 'F', 1962, 'T037:14:31'),
(418, 'Aleksandr Balandin', 'URS', 'F', 1953, 'T179:01:17'),
(419, 'Dmitri Kondratyev', 'RUS', 'F', 1969, 'T159:07:18'),
(420, 'Lawrence J. DeLucas', 'USA', 'F', 1950, 'T013:19:30'),
(421, 'Aleksei Gubarev', 'URS', 'F', 1931, 'T037:11:35'),
(422, 'Gennadi Sarafanov', 'URS', 'F', 1942, 'T002:00:12'),
(423, 'Pamela Melroy', 'USA', 'N', 1961, 'T038:20:04'),
(424, 'Kenneth D. Cameron', 'USA', 'F', 1949, 'T023:10:11'),
(425, 'Curtis Brown', 'USA', 'F', 1956, 'T058:15:06'),
(426, 'Neil Armstrong', 'USA', 'F', 1930, 'T008:14:00'),
(427, 'David Wolf', 'USA', 'F', 1956, 'T169:08:58'),
(428, 'André Kuipers', 'NED', 'F', 1958, 'T203:15:50'),
(429, 'Henry Hartsfield', 'USA', 'F', 1933, 'T020:02:50'),
(430, 'Robert Parker', 'USA', 'F', 1936, 'T019:05:52'),
(431, 'Eugene Cernan', 'USA', 'F', 1934, 'T023:14:16'),
(432, 'Barry Wilmore', 'USA', 'F', 1962, 'T178:00:58'),
(433, 'Michael Melvill', 'USA', 'F', 1940, 'T000:00:49'),
(434, 'Bertalan Farkas', 'HUN', 'F', 1949, 'T007:20:45'),
(435, 'Norman Thagard', 'USA', 'F', 1943, 'T140:13:27'),
(436, 'Guy Gardner', 'USA', 'F', 1948, 'T013:08:10'),
(437, 'Dorothy M. Metcalf-Lindenburger', 'USA', 'N', 1975, 'T015:02:47'),
(438, 'Yuri Gidzenko', 'RUS', 'F', 1962, 'T329:22:47'),
(439, 'Georgi Beregovoi', 'URS', 'F', 1921, 'T003:22:50'),
(440, 'Kjell N. Lindgren', 'USA', 'F', 1973, 'T141:16:09'),
(441, 'James McDivitt', 'USA', 'F', 1929, 'T014:02:57'),
(442, 'Jim Lovell', 'USA', 'F', 1928, 'T029:19:04'),
(443, 'Ulrich Walter', 'GER', 'F', 1954, 'T009:23:40'),
(444, 'Alexander Kaleri', 'RUS', 'F', 1956, 'T769:06:35'),
(445, 'Vance Brand', 'USA', 'F', 1931, 'T031:02:03'),
(446, 'Mae Jemison', 'USA', 'N', 1956, 'T007:22:30'),
(447, 'Niè Hǎishèng', 'CHN', 'F', 1964, 'T019:10:01'),
(448, 'Fred Haise', 'USA', 'F', 1933, 'T005:22:54'),
(449, 'Byron Lichtenberg', 'USA', 'F', 1948, 'T019:04:56'),
(450, 'Anatoli Ivanishin', 'RUS', 'F', 1969, 'T280:09:52'),
(451, 'Léopold Eyharts', 'FRA', 'F', 1957, 'T068:21:32'),
(452, 'Richard N. Richards', 'USA', 'F', 1946, 'T033:21:30'),
(453, 'Shannon Lucid', 'USA', 'N', 1943, 'T223:02:52'),
(454, 'Ronald A. Parise', 'USA', 'F', 1951, 'T025:14:13'),
(455, 'Maksim Surayev', 'RUS', 'F', 1972, 'T334:12:09'),
(456, 'Yuri Romanenko', 'URS', 'F', 1944, 'T430:18:21'),
(457, 'Aydyn Aimbetov', 'KAZ', 'F', 1972, 'T181:23:47'),
(458, 'Roberta Bondar', 'CAN', 'N', 1945, 'T008:01:14'),
(459, 'Ivan Bella', 'SVK', 'F', 1964, 'T007:21:56'),
(460, 'Dominic A. Antonelli', 'USA', 'F', 1967, 'T024:13:59'),
(461, 'Sergei Ryazanski', 'RUS', 'F', 1974, 'T304:23:22'),
(462, 'Frederick Hauck', 'USA', 'F', 1941, 'T018:03:09'),
(463, 'Kathryn Sullivan', 'USA', 'N', 1951, 'T022:04:49'),
(464, 'Leland D. Melvin', 'USA', 'F', 1964, 'T023:13:38'),
(465, 'Jeffrey Hoffman', 'USA', 'F', 1944, 'T050:11:54'),
(466, 'Timothy L. Kopra', 'USA', 'F', 1963, 'T244:01:01'),
(467, 'Yuri Artyukhin', 'URS', 'F', 1930, 'T015:17:30'),
(468, 'Thomas Patten Stafford', 'USA', 'F', 1930, 'T021:03:43'),
(469, 'Stanley G. Love', 'USA', 'F', 1965, 'T012:18:22'),
(470, 'John Glenn', 'USA', 'F', 1921, 'T009:02:39'),
(471, 'Steven Lindsey', 'USA', 'F', 1960, 'T062:22:34'),
(472, 'Brewster Shaw', 'USA', 'F', 1945, 'T022:04:52'),
(473, 'Ronald Garan', 'USA', 'F', 1961, 'T177:23:54'),
(474, 'Sandra Magnus', 'USA', 'N', 1964, 'T157:08:44'),
(475, 'Gennady Strekalov', 'URS', 'F', 1940, 'T268:22:26'),
(476, 'Joseph Kerwin', 'USA', 'F', 1932, 'T028:00:49'),
(477, 'Anthony W. England', 'USA', 'F', 1942, 'T007:22:45'),
(478, 'Michael R. Barratt', 'USA', 'F', 1959, 'T211:11:47'),
(479, 'Oleg Makarov', 'URS', 'F', 1933, 'T020:17:43'),
(480, 'Sergey Prokopyev', 'RUS', 'F', 1975, 'T196:20:07'),
(481, 'John Lounge', 'USA', 'F', 1946, 'T020:02:23'),
(482, 'Christer Fuglesang', 'SWE', 'F', 1957, 'T026:17:38'),
(483, 'Alexander Viktorenko', 'URS', 'F', 1947, 'T489:01:35'),
(484, 'Aleksei Yeliseyev', 'URS', 'F', 1934, 'T008:22:22'),
(485, 'David Hilmers', 'USA', 'F', 1950, 'T020:14:17'),
(486, 'Mark C. Lee', 'USA', 'F', 1952, 'T032:21:53'),
(487, 'G. David Low', 'USA', 'F', 1956, 'T029:18:07'),
(488, 'Vladimír Remek', 'TCH', 'F', 1948, 'T007:22:16'),
(489, 'Charles E. Brady, Jr.', 'USA', 'F', 1951, 'T016:21:48'),
(490, 'Lee Archambault', 'USA', 'F', 1960, 'T026:15:41'),
(491, 'Aleksandr Skvortsov', 'RUS', 'F', 1966, 'T345:06:24'),
(492, 'Kenneth Cockrell', 'USA', 'F', 1950, 'T064:12:27'),
(493, 'Yuri Malenchenko', 'RUS', 'F', 1961, 'T826:09:22'),
(494, 'Chiaki Mukai', 'JPN', 'N', 1952, 'T023:15:39'),
(495, 'Dafydd Williams', 'CAN', 'F', 1954, 'T028:15:46'),
(496, 'Robert Satcher', 'USA', 'F', 1965, 'T010:19:16'),
(497, 'Aleksei Leonov', 'URS', 'F', 1934, 'T007:00:32'),
(498, 'William Readdy', 'USA', 'F', 1952, 'T028:00:44'),
(499, 'William Oefelein', 'USA', 'F', 1965, 'T012:20:44'),
(500, 'Yang Liwei', 'CHN', 'F', 1965, 'T000:21:22'),
(501, 'Mark Polansky', 'USA', 'F', 1956, 'T041:10:49'),
(502, 'Pedro Duque', 'ESP', 'F', 1963, 'T018:18:46'),
(503, 'Daniel Brandenstein', 'USA', 'F', 1943, 'T032:23:05'),
(504, 'Vyacheslav Zudov', 'URS', 'F', 1942, 'T002:00:06'),
(505, 'Gerhard Thiele', 'GER', 'F', 1953, 'T011:05:40'),
(506, 'Donald Williams', 'USA', 'F', 1942, 'T011:23:34'),
(507, 'James Wetherbee', 'USA', 'F', 1952, 'T068:08:29'),
(508, 'Gerald P. Carr', 'USA', 'F', 1932, 'T084:01:15'),
(509, 'Guion Bluford', 'USA', 'F', 1942, 'T028:16:35'),
(510, 'Aleksandar Panayotov Aleksandrov', 'BUL', 'F', 1951, 'T091:10:46'),
(511, 'F. Drew Gaffney', 'USA', 'F', 1946, 'T009:02:14'),
(512, 'Roger K. Crouch', 'USA', 'F', 1940, 'T019:15:57'),
(513, 'Lloyd Hammond', 'USA', 'F', 1952, 'T019:06:12'),
(514, 'George D. Zamka', 'USA', 'F', 1962, 'T028:20:31'),
(515, 'Pierre Thuot', 'USA', 'F', 1955, 'T027:08:53'),
(516, 'Charles Precourt', 'USA', 'F', 1955, 'T038:19:16'),
(517, 'Akihiko Hoshide', 'JPN', 'F', 1968, 'T140:17:26'),
(518, 'Gregory Linteris', 'USA', 'F', 1957, 'T019:15:57'),
(519, 'Aleksandr Pavlovich Aleksandrov', 'URS', 'F', 1943, 'T309:18:02'),
(520, 'James Dutton', 'USA', 'F', 1968, 'T015:02:47'),
(521, 'Brian Binnie', 'USA', 'F', 1953, 'T000:00:24'),
(522, 'Sergey Volkov', 'RUS', 'F', 1973, 'T547:22:22'),
(523, 'John Herrington', 'USA', 'F', 1958, 'T014:18:48'),
(524, 'Paolo A. Nespoli', 'ITA', 'F', 1957, 'T313:02:37'),
(525, 'Kimiya Yui', 'JPN', 'F', 1970, 'T141:16:09'),
(526, 'Konstantin Kozeyev', 'RUS', 'F', 1967, 'T009:20:00'),
(527, 'Bruce Melnick', 'USA', 'F', 1949, 'T013:01:27'),
(528, 'Vladimir Komarov', 'URS', 'F', 1927, 'T002:03:04'),
(529, 'Mikhail Tyurin', 'RUS', 'F', 1960, 'T532:02:52'),
(530, 'Jean-François Clervoy', 'FRA', 'F', 1958, 'T029:02:05'),
(531, 'Aleksandr Ivanchenkov', 'URS', 'F', 1940, 'T139:14:47'),
(532, 'Thomas Kenneth Ken Mattingly II', 'USA', 'F', 1936, 'T021:04:33'),
(533, 'Dick Scobee', 'USA', 'F', 1939, 'T006:23:40'),
(534, 'Steven R. Nagel', 'USA', 'F', 1946, 'T030:01:36'),
(535, 'Samantha Cristoforetti', 'ITA', 'N', 1977, 'T199:16:42'),
(536, 'Richard Hieb', 'USA', 'F', 1955, 'T032:00:35'),
(537, 'Kathleen Rubins', 'USA', 'N', 1978, 'T115:02:22'),
(538, 'Aleksandr Lazutkin', 'RUS', 'F', 1957, 'T184:22:07'),
(539, 'Timothy Creamer', 'USA', 'F', 1959, 'T163:05:33'),
(540, 'Yelena Serova', 'RUS', 'N', 1976, 'T167:05:42'),
(541, 'Leonid Kadeniuk', 'UKR', 'F', 1951, 'T015:16:34'),
(542, 'Valeri Polyakov', 'RUS', 'F', 1942, 'T678:16:33'),
(543, 'Robert L. Gibson', 'USA', 'F', 1946, 'T036:04:18'),
(544, 'Yuri Gagarin', 'URS', 'F', 1934, 'T000:01:48'),
(545, 'John O. Creighton', 'USA', 'F', 1943, 'T016:20:24'),
(546, 'Thomas D. Jones', 'USA', 'F', 1955, 'T053:00:49'),
(547, 'Konstantin Feoktistov', 'URS', 'F', 1926, 'T001:00:17'),
(548, 'Kevin P. Chilton', 'USA', 'F', 1954, 'T029:10:23'),
(549, 'Paul Weitz', 'USA', 'F', 1932, 'T033:01:13'),
(550, 'Boris Volynov', 'URS', 'F', 1934, 'T052:07:17'),
(551, 'Sergey Nikolayevich Ryzhikov', 'RUS', 'F', 1974, 'T173:03:15'),
(552, 'Georgi Shonin', 'URS', 'F', 1935, 'T004:22:42'),
(553, 'Zhang Xiaoguang', 'CHN', 'F', 1966, 'T014:14:28'),
(554, 'Gregory R. Wiseman', 'USA', 'F', 1975, 'T165:08:00'),
(555, 'Viktor Savinykh', 'URS', 'F', 1940, 'T242:21:28'),
(556, 'Liu Boming', 'CHN', 'F', 1966, 'T002:20:26'),
(557, 'Oleg Artemyev', 'RUS', 'F', 1970, 'T364:23:05'),
(558, 'Susan Helms', 'USA', 'N', 1958, 'T210:23:07'),
(559, 'Robert J. Cenker', 'USA', 'F', 1948, 'T006:02:03'),
(560, 'James Halsell', 'USA', 'F', 1956, 'T052:10:32'),
(561, 'Alexander Poleshchuk', 'RUS', 'F', 1953, 'T179:00:43');