INSERT INTO `kapcsolo` (`tudosid`, `eloadasid`) VALUES
(1, 1),
(2, 2),
(3, 3),
(4, 4),
(5, 5),
(6, 6),
(7, 7),
(8, 8),
(9, 9),
(10, 10),
(11, 11),
(12, 12),
(13, 13),
(14, 14),
(15, 15),
(17, 16),
(18, 17),
(19, 18),
(20, 19),
(21, 20),
(22, 21),
(23, 22),
(24, 23),
(25, 25),
(26, 26),
(27, 27),
(28, 28),
(29, 29),
(30, 30),
(31, 31),
(32, 31),
(33, 33),
(34, 34),
(35, 35),
(36, 36),
(37, 37),
(38, 38),
(39, 39),
(40, 40),
(41, 41),
(42, 42),
(43, 43),
(44, 43),
(45, 45),
(46, 46),
(47, 47),
(48, 48),
(49, 49),
(50, 50),
(51, 51),
(52, 52),
(53, 53),
(54, 54),
(55, 55),
(56, 56),
(57, 57),
(58, 58),
(59, 59),
(60, 60),
(61, 61),
(62, 62),
(63, 63),
(64, 64),
(65, 65),
(66, 66),
(67, 67),
(68, 68),
(69, 69),
(70, 70),
(71, 71),
(72, 72),
(73, 73),
(74, 74),
(75, 75),
(76, 76),
(77, 77),
(78, 78),
(79, 79),
(80, 80),
(81, 81),
(82, 82),
(83, 83),
(83, 84),
(85, 85),
(86, 86),
(87, 87),
(88, 88),
(89, 89),
(90, 90),
(91, 91),
(92, 92),
(93, 93),
(94, 94),
(95, 95),
(95, 96),
(97, 96),
(98, 98),
(99, 101),
(100, 102),
(101, 103),
(102, 104),
(103, 105),
(104, 106),
(105, 107),
(106, 108),
(107, 109),
(108, 110),
(109, 111),
(110, 112),
(111, 113),
(112, 114),
(113, 15),
(113, 115),
(114, 118),
(115, 119),
(116, 120),
(117, 121),
(118, 122),
(119, 123),
(120, 124),
(121, 125),
(122, 126),
(123, 127),
(124, 128),
(125, 129),
(126, 130),
(127, 133),
(128, 134),
(129, 135),
(130, 136),
(131, 137),
(132, 138),
(133, 139),
(134, 140),
(135, 141),
(136, 142),
(136, 143),
(138, 146),
(139, 147),
(140, 148),
(141, 149),
(142, 150),
(143, 151),
(144, 152),
(145, 153),
(146, 154),
(147, 155),
(148, 156),
(149, 157),
(150, 158),
(151, 159),
(152, 160),
(153, 161),
(154, 162),
(155, 163),
(156, 164),
(157, 165),
(158, 166),
(159, 167),
(160, 168),
(160, 169),
(162, 170),
(163, 171),
(164, 173),
(165, 174),
(166, 175);


INSERT INTO `eloadas` (`id`, `cim`, `ido`) VALUES
(1, 'Mindennapi kenyerünk, mindennapi kalóriánk', '2004-04-26'),
(2, 'Híd – mérnöki szerkezet vagy szobor?', '2004-05-19'),
(3, 'Élet az Univerzumban: szabály vagy kivétel?', '2002-11-04'),
(4, 'Tárgyi kultúra és hagyomány', '2002-12-23'),
(5, 'Genetikailag módosított szervezetek – tények, remények, fikc', '2006-04-03'),
(6, 'Van-e az irodalomnak neme?', '2004-04-19'),
(7, 'Behálózva – A hálózatok csodálatos világa a sejtektől a vilá', '2005-10-10'),
(8, 'Az éghajlat változása – bizonyosságok és bizonytalanságok', '2004-09-13'),
(9, 'Mit várhatunk egy modern államtól – és ez mibe kerül nekünk?', '2006-09-18'),
(10, 'A politikum sajátossága', '2005-05-30'),
(11, 'Kell-e félnünk a nukleáris energiától?', '2003-01-27'),
(12, 'A globalizáció és hatása a centrum-periféria kapcsolatokra E', '2004-09-06'),
(13, 'Az emlődaganatok diagnózisa és kezelése', '2004-05-17'),
(14, 'Alkotmányos rendszerváltás', '2005-04-25'),
(15, 'Hatalmas hálózatok – internetes közösségek, társas hálózatok', '2007-05-21'),
(16, 'Énszerkezet, önteremtés – József Attila üzenete', '2005-04-11'),
(17, 'A mindentudó fénysugár: a lézer', '2003-02-10'),
(18, 'A növények társadalma', '2002-12-02'),
(19, 'A nemek kialakulásának zavarai az emberben', '2004-04-05'),
(20, 'Az internet szabadsága', '2007-04-02'),
(21, 'Lehet-e „zöld” a műanyag?', '2005-10-03'),
(22, 'Az emberi természet biológiai gyökerei', '2003-12-08'),
(23, 'Miért csak az ember olvas?', '2007-04-23'),
(25, 'Hálózatok sejtjeinkben és körülöttünk', '2005-09-12'),
(26, 'Van esélyünk az agyvérzéssel szemben?', '2007-03-05'),
(27, 'Lehet-e a molekulákra csomót kötni? – A biofizika eszköztárá', '2004-09-27'),
(28, 'A gömbtől a geoidig – A Föld és az űrkutatás', '2004-06-14'),
(29, 'A növények szexuális életének molekuláris titkai', '2004-03-17'),
(30, 'Hogyan véd és mikor árt immunrendszerünk?', '2003-04-28'),
(31, 'Húsvét: a Feltámadás ünnepe', '2003-04-14'),
(33, 'A szavak csodálatos életéből', '2003-09-08'),
(34, 'Mire jó a röntgenvonalzó? – Az atomi szerkezet meghatározása', '2005-02-07'),
(35, 'Génjeink: sors vagy valószínűség? – „Az őssejtig vagyok mind', '2003-06-10'),
(36, 'Miért vadászunk?', '2006-11-20'),
(37, 'A társadalom, amelyben élünk', '2002-12-09'),
(38, 'A természetes sejthalál titkai', '2003-10-06'),
(39, 'A világ keletkezése és az elemi részek fizikája', '2005-03-21'),
(40, 'Együtt vagy külön? Cigányok, romák, magyarok és az iskola', '2005-11-21'),
(41, 'Hullámtörés – a marihuána hatása az agyhullámokra és a memór', '2004-11-22'),
(42, 'Forradalom a gyógyszerkutatásban', '2003-05-26'),
(43, 'A karácsonyi evangélium háromféle „kameraállásból”', '2003-12-22'),
(45, 'Mi a nemzet? – A népek életéről és haláláról', '2003-03-17'),
(46, 'A magyar népi irodalom', '2005-02-24'),
(47, 'Fehérjeszobrászat – Az alkotás öröme és haszna', '2005-11-28'),
(48, 'Tudatboncolás PET-tel', '2006-11-13'),
(49, 'Kényszerpályás rendszerváltások Magyarországon, 1945–1949', '2005-10-17'),
(50, 'Az információtechnológia természettörvényei, avagy meddig vé', '2004-12-06'),
(51, 'Az emberiség útja a nanovilág felé', '2003-11-03'),
(52, 'Mit tud az emberi agy?', '2002-10-28'),
(53, 'A számítógéptől az információs társadalomig', '2003-11-24'),
(54, 'Mi a modernitás?', '2004-02-02'),
(55, 'Transzgénikus növények – az emberiség diadala vagy félelme?', '2006-10-30'),
(56, 'Agrárgazdaság – EU-kitekintéssel', '2003-02-24'),
(57, 'Lopakodó járvány – A nemi érintkezéssel terjedő fertőző bete', '2005-05-09'),
(58, 'Balassi Bálint és a számítógépes irodalomkutatás', '2004-05-10'),
(59, 'Mikrokozmosz – világunk építőköveinek kutatása', '2003-10-20'),
(60, 'A nemzetek jelleme és a nemzeti sztereotípiák', '2004-03-22'),
(61, 'Öregedés: Örök Ifjúság?', '2004-05-03'),
(62, 'A pénz nyugtalan természete', '2003-09-29'),
(63, 'Agybaj-biológia – a kedélyvesztéstől a tébolyig', '2006-12-04'),
(64, 'Az orvostudomány csodája: a szervátültetés', '2007-04-16'),
(65, 'Sugárözönben élünk', '2002-11-18'),
(66, 'Miért baj a cukorbaj?', '2006-05-22'),
(67, 'Hol végződik a sakktábla?', '2007-03-12'),
(68, 'A delhi vasoszloptól a molekuláris építészetig – Új perspekt', '2004-11-15'),
(69, 'Újra győz az evolúcióelmélet?', '2006-05-08'),
(70, 'Infarktus és koleszterin', '2005-05-02'),
(71, 'Hogyan lett „magyar matematika” a kombinatorika?', '2006-05-15'),
(72, '1956 – a szabadságharc katonapolitikája', '2004-10-25'),
(73, 'Boszorkányok, bűnbakok: hogyan működik a vádaskodás logikája', '2006-04-10'),
(74, 'Önvédelem a növényvilágban', '2003-03-31'),
(75, 'A csillagbelső hangjai – a modern szférák zenéje', '2005-01-31'),
(76, 'A társadalmi mobilitás forrásai', '2007-02-19'),
(77, 'Bank és kockázat', '2004-05-24'),
(78, 'Közép-Kelet-Európa nagy átalakulása – Sikerek és csalódások', '2005-12-05'),
(79, 'A média szerepe a gyerekek fejlődésében', '2004-11-08'),
(80, 'Mit ígér és mit tud már ma is a genetika?', '2006-03-27'),
(81, 'Meddig és mit bányásszunk?', '2003-09-24'),
(82, 'Mennyi ész kell a látáshoz?', '2006-10-09'),
(83, 'Hol vannak a fizikai tudás határai?', '2002-10-21'),
(84, 'A fény fizikája', '2005-06-06'),
(85, 'Kelet-Európa az 1950-es években: reformok és visszarendeződé', '2006-10-16'),
(86, 'Mi a matematika? – A matematikai igazságról', '2006-11-06'),
(87, 'Az euró – Politikai kezdeményezés vagy gazdasági szükségszer', '2004-03-29'),
(88, 'Környezetvédelem – fenntartható fejlődés', '2002-11-11'),
(89, 'Mit kívánnak a számítógépek a matematikától, és mit adnak ne', '2003-06-30'),
(90, 'Állam, nemzet, nép', '2005-10-24'),
(91, 'A szerves gondolkodásról, a szerves építészetről', '2005-02-21'),
(92, 'Hálózatok hálózata: az internet', '2003-12-01'),
(93, 'Művészettörténet – az emlékezés tudománya?', '2002-10-14'),
(94, 'Az arabok mint a görög tudományok örökösei', '2004-12-13'),
(95, 'A földi élet fenntarthatóságának kérdései', '2004-09-20'),
(96, 'Van-e jövőjük a megújuló energiaforrásoknak – és van-e jövőn', '2007-03-19'),
(98, 'A lakható bolygó', '2003-05-19'),
(101, 'Mire jó a kvantumfizika?', '2003-05-21'),
(102, 'Miért változik a nyelv?', '2003-11-17'),
(103, 'Einstein hatása a 20. század fizikájára', '2005-09-19'),
(104, 'Meddig leszünk még allergiásak?', '2006-04-10'),
(105, 'Enciklopédikus tudás a 21. században', '2003-12-15'),
(106, 'Van-e történelem?', '2003-03-10'),
(107, 'A fény a biológiában', '2003-03-24'),
(108, 'Európai integráció', '2003-03-03'),
(109, 'Intelligens járművek', '2005-02-28'),
(110, 'A magyar tudós-zsenik', '2003-09-15'),
(111, 'A technika új csodája: a globális helymeghatározás', '2003-06-23'),
(112, 'Élet a megszületés előtt: a magzat mint páciens', '2003-04-07'),
(113, 'A Mindenség mérése', '2003-10-27'),
(114, 'A Nap kapujában', '2006-09-25'),
(115, 'Nyelvében gondolkodik-e az ember?', '2002-09-23'),
(118, 'Az adathalmoktól a rendezett információs hálózatokig – Bioin', '2005-11-07'),
(119, 'Teljesítményfokozás, dopping és sport', '2004-10-04'),
(120, 'Jó ízlés, rossz ízlés', '2003-04-22'),
(121, 'Hogyan védenek az immunrendszer őrszemei?', '2007-05-07'),
(122, 'Genetikai időutazás – Az emberi populációk eredetének nyomáb', '2004-03-08'),
(123, 'Miért élnek jobban az emberek a Dunántúlon, mint az Alföldön', '2005-11-23'),
(124, 'Eredeti vagy hamis? – A műértés tudományos alapjairól', '2006-02-20'),
(125, 'A történetíró dilemmája: megismerjük vagy csináljuk-e a tört', '2002-10-07'),
(126, 'Nép és nyelv – A magyarság kialakulása', '2004-03-01'),
(127, 'Elliptikus görbék – a geometriától a titkos kommunikációig', '2005-12-12'),
(128, 'Info-bionika és érzékelő számítógépek', '2004-06-07'),
(129, 'Miért büntetünk? – Értelem, érzelem és ésszerűtlenség a társ', '2003-10-13'),
(130, 'A vírusok és a rák', '2005-11-07'),
(133, 'Kulcs a molekulaszerkezethez: mágneses magrezonancia- (NMR-)', '2007-05-14'),
(134, 'Az alacsony hőmérsékletek titkai', '2003-06-02'),
(135, 'Az alkotmány őrei', '2005-05-23'),
(136, 'Egy mestermű rejtett üzenete', '2006-12-11'),
(137, 'Az értől az óceánig – A víz: a jövő kihívása', '2003-02-03'),
(138, 'Az állatok mozgásának elemzése – A csirke kikelésétől a Span', '2005-04-04'),
(139, 'Hogyan győznek a provinciák? – A Fogság c. regény történelmi', '2006-03-20'),
(140, 'Anyai öröklődés, anyai hatás', '2003-11-10'),
(141, 'Kamikázemolekulák – A szabad gyökök befolyásolása a C-vitami', '2005-09-26'),
(142, 'Milyen messzire esett Newton almája? – A fizikai gondolkodás', '2005-01-24'),
(143, 'Hogyan lehet egyszerre játékos és tudományos a fizika?', '2006-03-13'),
(146, 'Légiuralom-elmélet – légi fegyverkezés – a Magyar Királyi Lé', '2006-10-02'),
(147, 'Egy népvándorlás anatómiája – A történettudomány és a régész', '2004-11-29'),
(148, 'Gyógyszereink és a szimmetria', '2004-10-18'),
(149, 'Talált pénz – Opciók a mindennapokban és a pénzügyi piacokon', '2005-02-14'),
(150, 'Nemzeti irodalom és világirodalom a 21. században', '2004-02-23'),
(151, 'Környezetünk: a Naprendszer', '2002-11-25'),
(152, 'A jelentésvilág szerkezete', '2004-11-18'),
(153, 'Akciók és szankciók az agykéregben', '2007-03-26'),
(154, 'Mi van a konnektor mögött?', '2006-03-06'),
(155, 'Egészségtudat és tudatos egészség', '2003-09-22'),
(156, 'Kell nekünk régió?', '2003-10-29'),
(157, 'A depresszió: kor-kór?', '2003-05-12'),
(158, 'Megelőzhetők-e a civilizációs betegségek?', '2003-06-16'),
(159, 'Madárinfluenza: járvány vagy hisztéria?', '2006-02-27'),
(160, 'Populációk és gének vándorúton', '2004-02-16'),
(161, 'Liszt Ferenc – a médium és a média', '2005-12-19'),
(162, 'Mennyiben szuverén egy EU-tagállam jogalkotása? – Magánjogi ', '2003-02-17'),
(163, 'Megismerhetők és megváltoztathatók-e a génjeink?', '2002-09-30'),
(164, 'Rend és rendezetlen', '2002-12-16'),
(165, 'A városok világa', '2004-02-09'),
(166, 'A membrán-tutajoktól a lipidterápiáig: mindennapi stresszein', '2006-11-27'),
(167, 'Az időjárás előrejelzése: jóslás vagy tudomány?', '2003-05-05'),
(168, 'Egy életem, egy halálom?', '2002-09-16'),
(169, 'Kábítószerek – a kreativitás mítosza és a rombolás valósága', '2005-03-07'),
(170, 'A négymilliárd éves nanotechnológia', '2004-10-11'),
(171, 'Véletlen rendszerek', '2007-04-23'),
(173, 'Fehérjék – a szerkezettől a funkcióig, a fizikától a biológi', '2005-04-18'),
(174, 'Magfúzió – energiaforrás a jövőnek', '2007-02-26'),
(175, 'A 21. század anyagai: az intelligens anyagok', '2003-01-20');


INSERT INTO `tudos` (`id`, `nev`, `terulet`) VALUES
(1, 'Ádám Veronika', 'természettudományok'),
(2, 'Agócs Zoltán', 'műszaki tudományok'),
(3, 'Almár Iván', 'természettudományok'),
(4, 'Andrásfalvy Bertalan', 'bölcsésztudományok'),
(5, 'Balázs Ervin', 'agrártudományok'),
(6, 'Bán Zsófia', 'bölcsésztudományok'),
(7, 'Barabási Albert-László', 'természettudományok'),
(8, 'Bartholy Judit', 'természettudományok'),
(9, 'Békesi László', 'társadalomtudományok'),
(10, 'Bence György', 'társadalomtudományok'),
(11, 'Bencze Gyula', 'természettudományok'),
(12, 'Berend T. Iván', 'társadalomtudományok'),
(13, 'Besznyák István', 'orvostudományok'),
(14, 'Bihari Mihály', 'társadalomtudományok'),
(15, 'Bodó Balázs', 'természettudományok'),
(17, 'Bókay Antal', 'bölcsésztudományok'),
(18, 'Bor Zsolt', 'természettudományok'),
(19, 'Borhidi Attila', 'természettudományok'),
(20, 'Borsos Antal', 'orvostudományok'),
(21, 'Cerf, Vint', 'műszaki tudományok'),
(22, 'Czvikovszky Tibor', 'műszaki tudományok'),
(23, 'Csányi Vilmos', 'természettudományok'),
(24, 'Csépe Valéria', 'bölcsésztudományok'),
(25, 'Csermely Péter', 'természettudományok'),
(26, 'Csiba László', 'orvostudományok'),
(27, 'Damjanovich Sándor', 'orvostudományok'),
(28, 'Detrekői Ákos', 'természettudományok'),
(29, 'Dudits Dénes', 'természettudományok'),
(30, 'Erdei Anna', 'orvostudományok'),
(31, 'Erdő Péter', 'hittudomány'),
(32, 'Schweitzer József', 'hittudomány'),
(33, 'Esterházy Péter', 'bölcsésztudományok'),
(34, 'Faigel Gyula', 'természettudományok'),
(35, 'Falus András', 'természettudományok'),
(36, 'Faragó Sándor', 'természettudományok'),
(37, 'Ferge Zsuzsa', 'társadalomtudományok'),
(38, 'Fésüs László', 'orvostudományok'),
(39, 'Fodor Zoltán', 'természettudományok'),
(40, 'Forray R. Katalin', 'társadalomtudományok'),
(41, 'Freund Tamás', 'természettudományok'),
(42, 'Furka Árpád', 'orvostudományok'),
(43, 'Gáncs Péter', 'hittudomány'),
(44, 'Szabó István', 'hittudomány'),
(45, 'Gángó Gábor', 'bölcsésztudományok'),
(46, 'Görömbei András', 'bölcsésztudományok'),
(47, 'Gráf László', 'természettudományok'),
(48, 'Gulyás Balázs', 'orvostudományok'),
(49, 'Gyarmati György', 'bölcsésztudományok'),
(50, 'Györfi László', 'természettudományok'),
(51, 'Gyulai József', 'természettudományok'),
(52, 'Hámori József', 'természettudományok'),
(53, 'Havass Miklós', 'műszaki tudományok'),
(54, 'Heller Ágnes', 'bölcsésztudományok'),
(55, 'Heszky László', 'természettudományok'),
(56, 'Horn Péter', 'agrártudományok'),
(57, 'Horváth Attila', 'orvostudományok'),
(58, 'Horváth Iván', 'bölcsésztudományok'),
(59, 'Horváth Zalán', 'természettudományok'),
(60, 'Hunyady György', 'bölcsésztudományok'),
(61, 'Iván László', 'orvostudományok'),
(62, 'Jaksity György', 'társadalomtudományok'),
(63, 'Janka Zoltán', 'orvostudományok'),
(64, 'Járay Jenő', 'orvostudományok'),
(65, 'Jéki László', 'természettudományok'),
(66, 'Jermendy György', 'orvostudományok'),
(67, 'Kállai Gábor', 'társadalomtudományok'),
(68, 'Kálmán Erika', 'természettudományok'),
(69, 'Kampis György', 'természettudományok'),
(70, 'Karádi István', 'orvostudományok'),
(71, 'Katona Gyula', 'természettudományok'),
(72, 'Király Béla', 'bölcsésztudományok'),
(73, 'Klaniczay Gábor', 'bölcsésztudományok'),
(74, 'Klement Zoltán', 'természettudományok'),
(75, 'Kolláth Zoltán', 'természettudományok'),
(76, 'Kolosi Tamás', 'társadalomtudományok'),
(77, 'Kondor Imre', 'társadalomtudományok'),
(78, 'Kornai János', 'társadalomtudományok'),
(79, 'Kósa Éva', 'bölcsésztudományok'),
(80, 'Kosztolányi György', 'orvostudományok'),
(81, 'Kovács Ferenc', 'műszaki tudományok'),
(82, 'Kovács Ilona', 'bölcsésztudományok'),
(83, 'Kroó Norbert', 'természettudományok'),
(85, 'Kun Miklós', 'bölcsésztudományok'),
(86, 'Laczkovich Miklós', 'természettudományok'),
(87, 'Lámfalussy Sándor', 'társadalomtudományok'),
(88, 'Láng István', 'természettudományok'),
(89, 'Lovász László', 'természettudományok'),
(90, 'Lukacs, John', 'bölcsésztudományok'),
(91, 'Makovecz Imre', 'műszaki tudományok'),
(92, 'Máray Tamás', 'műszaki tudományok'),
(93, 'Marosi Ernő', 'bölcsésztudományok'),
(94, 'Maróth Miklós', 'bölcsésztudományok'),
(95, 'Meskó Attila', 'természettudományok'),
(97, 'Mézes Lili', 'természettudományok'),
(98, 'Mészáros Ernő', 'természettudományok'),
(99, 'Mihály György', 'természettudományok'),
(100, 'Nádasdy Ádám', 'bölcsésztudományok'),
(101, 'Nagy Károly', 'természettudományok'),
(102, 'Nékám Kristóf', 'orvostudományok'),
(103, 'Nyíri Kristóf', 'bölcsésztudományok'),
(104, 'Ormos Mária', 'bölcsésztudományok'),
(105, 'Ormos Pál', 'természettudományok'),
(106, 'Palánkai Tibor', 'társadalomtudományok'),
(107, 'Palkovics László', 'műszaki tudományok'),
(108, 'Palló Gábor', 'természettudományok'),
(109, 'Pap László', 'műszaki tudományok'),
(110, 'Papp Zoltán', 'orvostudományok'),
(111, 'Patkós András', 'természettudományok'),
(112, 'Petrovay Kristóf', 'természettudományok'),
(113, 'Pléh Csaba', 'bölcsésztudományok'),
(114, 'Pongor Sándor', 'természettudományok'),
(115, 'Pucsok József', 'orvostudományok'),
(116, 'Radnóti Sándor', 'bölcsésztudományok'),
(117, 'Rajnavölgyi Éva', 'orvostudományok'),
(118, 'Raskó István', 'természettudományok'),
(119, 'Rechnitzer János', 'társadalomtudományok'),
(120, 'Rényi András', 'bölcsésztudományok'),
(121, 'Romsics Ignác', 'bölcsésztudományok'),
(122, 'Róna-Tas András', 'bölcsésztudományok'),
(123, 'Rónyai Lajos', 'természettudományok'),
(124, 'Roska Tamás', 'műszaki tudományok'),
(125, 'Sajó András', 'társadalomtudományok'),
(126, 'Schaff Zsuzsa', 'orvostudományok'),
(127, 'Sohár Pál', 'természettudományok'),
(128, 'Sólyom Jenő', 'természettudományok'),
(129, 'Sólyom László', 'társadalomtudományok'),
(130, 'Somfai László', 'művészetek'),
(131, 'Somlyódy László', 'természettudományok'),
(132, 'Sótonyi Péter Tamás', 'agrártudományok'),
(133, 'Spiró György', 'bölcsésztudományok'),
(134, 'Szabad János', 'természettudományok'),
(135, 'Szabó Csaba', 'orvostudományok'),
(136, 'Szabó Gábor', 'természettudományok'),
(138, 'Szabó Miklós', 'társadalomtudományok'),
(139, 'Szabó Miklós', 'bölcsésztudományok'),
(140, 'Szántay Csaba', 'természettudományok'),
(141, 'Száz János', 'társadalomtudományok'),
(142, 'Szegedy-Maszák Mihály', 'bölcsésztudományok'),
(143, 'Szegő Károly', 'természettudományok'),
(144, 'Szilágyi N. Sándor', 'bölcsésztudományok'),
(145, 'Tamás Gábor', 'orvostudományok'),
(146, 'Tombor Antal', 'műszaki tudományok'),
(147, 'Tompa Anna', 'orvostudományok'),
(148, 'Tóth József', 'társadalomtudományok'),
(149, 'Tringer László', 'bölcsésztudományok'),
(150, 'Tulassay Tivadar', 'orvostudományok'),
(151, 'Varga János', 'agrártudományok'),
(152, 'Varga Zoltán', 'természettudományok'),
(153, 'Vásáry Tamás', 'művészetek'),
(154, 'Vékás Lajos', 'társadalomtudományok'),
(155, 'Venetianer Pál', 'természettudományok'),
(156, 'Vicsek Tamás', 'természettudományok'),
(157, 'Vidor Ferenc', 'műszaki tudományok'),
(158, 'Vígh László', 'természettudományok'),
(159, 'Vissy Károly', 'természettudományok'),
(160, 'Vizi E. Szilveszter', 'orvostudományok'),
(162, 'Vonderviszt Ferenc', 'természettudományok'),
(163, 'Werner, Wendelin', 'természettudományok'),
(164, 'Závodszky Péter', 'természettudományok'),
(165, 'Zoletnik Sándor', 'természettudományok'),
(166, 'Zrínyi Miklós', 'műszaki tudományok');
