INSERT INTO `szinesz` (`id`, `nev`, `szuletesinev`, `valasztas`, `szuletett`, `szuletesihely`, `elhunyt`, `halalozasihely`) VALUES
(1, 'Andorai Péter', 'Klócza Péter', '2015-03-03', '1948-04-25', 'Budapest', '0000-00-00', ''),
(2, 'Király Levente', 'Kőnig Levente', '2006-09-20', '1937-03-06', 'Budapest', '0000-00-00', ''),
(3, 'Máthé Erzsi', 'Mertz Erzsébet', '2000-08-22', '1927-05-16', 'Budafok', '0000-00-00', ''),
(4, 'Raksányi Gellért', '', '2000-08-22', '1925-07-19', 'Szigetvár', '2008-05-20', 'Budapest'),
(5, 'Psota Irén', '', '2000-08-22', '1929-03-28', 'Budapest', '0000-00-00', ''),
(6, 'Kállai Ferenc', 'Krampner Ferenc', '2000-08-22', '1925-10-04', 'Gyoma', '2010-07-11', 'Budapest'),
(7, 'Haumann Péter', '', '2010-09-21', '1941-05-17', 'Budapest', '0000-00-00', ''),
(8, 'Bodrogi Gyula', '', '2007-06-28', '1934-04-15', 'Budapest', '0000-00-00', ''),
(9, 'Berek Kati', 'Berek Katalin', '2000-08-22', '1930-10-07', 'Makó', '0000-00-00', ''),
(10, 'Gera Zoltán', '', '2014-04-22', '1923-08-19', 'Szeged', '2014-11-07', 'Budapest'),
(11, 'Avar István', 'Ginsberger István', '2001-02-15', '1931-03-20', 'Egercsehi', '2014-09-13', 'Budapest'),
(12, 'Molnár Piroska', '', '2011-04-27', '1945-10-01', 'Ózd', '0000-00-00', ''),
(13, 'Komlós Juci', 'Komlós Júlia', '2002-03-04', '1919-02-20', 'Szabadka', '2011-04-05', 'Budapest'),
(14, 'Szabó Gyula', '', '2006-02-07', '1930-07-15', 'Kunszentmárton', '2014-04-04', 'Budapest'),
(15, 'Sztankay István', '', '2012-01-24', '1936-02-14', 'Budapest', '2014-09-12', 'Budapest'),
(16, 'Törőcsik Mari', 'Törőcsik Marián', '2000-08-22', '1935-11-23', 'Pély', '0000-00-00', ''),
(17, 'Bessenyei Ferenc', '', '2000-08-22', '1919-02-10', 'Hódmezővásárhely', '2004-12-27', 'Lajosmizse'),
(18, 'Zenthe Ferenc', 'Rameshofer Ferenc', '2005-01-18', '1920-04-24', 'Salgóbánya', '2006-07-30', 'Budapest'),
(19, 'Bitskey Tibor', '', '2014-09-29', '1929-09-20', 'Rákoskeresztúr', '2015-02-02', 'Budapest'),
(20, 'Cserhalmi György', '', '2014-09-29', '1948-02-17', 'Budapest', '0000-00-00', ''),
(21, 'Garas Dezső', 'Grósz Dezső', '2000-08-22', '1934-12-09', 'Budapest', '2011-12-30', 'Budapest'),
(22, 'Sinkovits Imre', '', '2000-08-22', '1928-09-21', 'Kispest', '2001-01-18', 'Budapest'),
(23, 'Lukács Margit', '', '2000-08-22', '1914-12-21', 'Budapest', '2002-02-03', 'Budapest'),
(24, 'Szacsvay László', 'Szacsvay-Fehér László', '2015-05-12', '1947-10-27', 'Budapest', '0000-00-00', ''),
(25, 'Tordy Géza', '', '2008-06-18', '1938-05-01', 'Budapest', '0000-00-00', ''),
(26, 'Agárdy Gábor', 'Arklián Gábor', '2000-08-22', '1922-08-02', 'Szeged', '2006-01-19', 'Budapest'),
(27, 'Darvas Iván', 'Darvas Szilárd', '2000-08-22', '1925-06-14', 'Beje', '2007-06-03', 'Budapest'),
(28, 'Kóti Árpád', '', '2014-12-01', '1934-11-15', 'Bucsa', '2015-04-26', 'Debrecen');

INSERT INTO `kapott` (`id`, `ev`, `szineszid`, `elismeresid`) VALUES
(1, 1972, 11, 10),
(2, 1978, 27, 12),
(3, 1963, 23, 12),
(4, 1959, 14, 7),
(5, 1996, 6, 9),
(6, 2007, 5, 12),
(7, 2006, 12, 6),
(8, 1995, 21, 3),
(9, 1956, 6, 7),
(10, 1966, 6, 10),
(11, 2013, 19, 1),
(12, 1969, 11, 7),
(13, 1955, 17, 12),
(14, 1995, 18, 6),
(15, 2004, 8, 3),
(16, 1994, 1, 12),
(17, 1959, 6, 11),
(18, 1998, 26, 9),
(19, 2000, 19, 12),
(20, 1958, 6, 7),
(21, 1978, 15, 10),
(22, 1967, 15, 11),
(23, 2005, 8, 12),
(24, 1966, 22, 12),
(25, 1977, 12, 7),
(26, 1967, 27, 7),
(27, 1989, 4, 8),
(28, 1980, 24, 11),
(29, 1985, 10, 10),
(30, 1954, 17, 10),
(31, 1973, 8, 10),
(32, 1965, 22, 11),
(33, 1970, 22, 10),
(34, 1980, 1, 7),
(35, 1999, 21, 9),
(36, 1959, 26, 7),
(37, 1997, 7, 9),
(38, 1963, 19, 7),
(39, 1998, 15, 12),
(40, 1962, 22, 7),
(41, 1980, 7, 10),
(42, 1956, 9, 11),
(43, 1978, 28, 7),
(44, 1998, 3, 9),
(45, 1983, 8, 8),
(46, 1971, 16, 10),
(47, 2006, 7, 4),
(48, 1966, 4, 7),
(49, 1997, 17, 9),
(50, 1997, 3, 3),
(51, 1962, 26, 7),
(52, 1985, 7, 12),
(53, 2004, 8, 9),
(54, 1968, 18, 7),
(55, 1988, 25, 8),
(56, 1976, 3, 10),
(57, 2002, 26, 4),
(58, 1960, 13, 10),
(59, 1966, 15, 7),
(60, 1980, 11, 8),
(61, 1958, 23, 10),
(62, 1955, 22, 7),
(63, 1995, 16, 3),
(64, 2008, 25, 3),
(65, 1967, 2, 7),
(66, 1962, 14, 7),
(67, 2000, 14, 12),
(68, 1965, 21, 7),
(69, 1995, 8, 6),
(70, 2007, 11, 4),
(71, 1995, 26, 3),
(72, 1963, 9, 7),
(73, 1954, 18, 7),
(74, 1976, 5, 10),
(75, 1974, 23, 8),
(76, 1994, 5, 3),
(77, 1992, 22, 3),
(78, 1960, 16, 11),
(79, 1989, 18, 8),
(80, 1990, 20, 12),
(81, 1955, 27, 7),
(82, 1973, 16, 12),
(83, 1985, 26, 12),
(84, 1985, 28, 10),
(85, 1978, 4, 10),
(86, 1972, 7, 7),
(87, 1956, 3, 7),
(88, 1980, 25, 10),
(89, 1980, 26, 8),
(90, 1957, 4, 11),
(91, 2014, 28, 12),
(92, 2012, 10, 2),
(93, 1962, 8, 7),
(94, 1974, 15, 7),
(95, 1957, 23, 7),
(96, 2001, 28, 8),
(97, 1957, 13, 7),
(98, 1992, 23, 3),
(99, 1957, 9, 7),
(100, 1998, 22, 4),
(101, 1996, 5, 9),
(102, 2007, 9, 9),
(103, 2003, 11, 9),
(104, 1978, 21, 10),
(105, 1972, 14, 10),
(106, 1973, 6, 12),
(107, 2002, 21, 4),
(108, 1998, 25, 6),
(109, 2007, 1, 6),
(110, 2004, 10, 8),
(111, 1959, 5, 7),
(112, 1991, 25, 12),
(113, 1981, 12, 10),
(114, 1993, 10, 3),
(115, 1986, 2, 10),
(116, 1951, 17, 11),
(117, 1970, 7, 7),
(118, 1970, 17, 8),
(119, 1969, 27, 10),
(120, 1998, 18, 9),
(121, 1992, 4, 12),
(122, 2005, 25, 9),
(123, 1959, 19, 7),
(124, 1963, 21, 7),
(125, 2007, 14, 3),
(126, 1997, 15, 6),
(127, 1977, 25, 7),
(128, 1975, 11, 12),
(129, 1997, 16, 9),
(130, 1997, 18, 12),
(131, 1995, 27, 4),
(132, 1971, 3, 7),
(133, 2001, 24, 10),
(134, 1998, 13, 9),
(135, 1962, 5, 7),
(136, 1983, 21, 8),
(137, 1999, 16, 12),
(138, 1995, 6, 3),
(139, 1999, 12, 9),
(140, 1988, 9, 8),
(141, 2003, 2, 12),
(142, 1974, 22, 8),
(143, 1969, 16, 7),
(144, 1981, 3, 8),
(145, 1982, 5, 8),
(146, 1946, 23, 11),
(147, 2005, 27, 5),
(148, 1990, 12, 8),
(149, 1978, 24, 7),
(150, 1954, 3, 11),
(151, 1997, 23, 9),
(152, 1985, 3, 12),
(153, 1968, 26, 10),
(154, 1970, 6, 8),
(155, 1964, 16, 7),
(156, 1997, 22, 9),
(157, 1996, 27, 9),
(158, 1963, 11, 7),
(159, 1998, 27, 12),
(160, 2013, 24, 8),
(161, 1986, 20, 10),
(162, 2013, 10, 12),
(163, 1984, 19, 10),
(164, 1995, 12, 12),
(165, 1966, 5, 12),
(166, 1970, 9, 10),
(167, 1953, 17, 12),
(168, 1977, 16, 8),
(169, 2002, 6, 4),
(170, 1994, 17, 3),
(171, 1988, 21, 12),
(172, 1967, 8, 7),
(173, 1975, 18, 10),
(174, 1970, 25, 7),
(175, 1981, 14, 8),
(176, 1975, 27, 8);

INSERT INTO `elismeres` (`id`, `megnevezes`) VALUES
(1, 'A Magyar Érdemrend középkeresztje'),
(2, 'A Magyar Érdemrend középkeresztje a csillaggal'),
(3, 'A Magyar Köztársasági Érdemrend középkeresztje'),
(4, 'A Magyar Köztársasági Érdemrend középkeresztje a csillaggal'),
(5, 'A Magyar Köztársasági Érdemrend nagykeresztje'),
(6, 'A Magyar Köztársasági Érdemrend tisztikeresztje'),
(7, 'Jászai Mari-díj'),
(8, 'Kiváló művész'),
(9, 'Örökös tag a Halhatatlanok Társulatában'),
(10, 'Érdemes művész'),
(11, 'Farkas–Ratkó-díj'),
(12, 'Kossuth-díj');
