INSERT INTO `kapcsol` (`tkod`, `fkod`) VALUES
(11, 5),
(3, 17),
(18, 8),
(25, 1),
(16, 15),
(3, 30),
(32, 1),
(1, 36),
(9, 29),
(12, 29),
(39, 4),
(44, 2),
(10, 37),
(31, 18),
(5, 45),
(22, 28),
(23, 27),
(19, 32),
(20, 31),
(50, 3),
(51, 2),
(35, 19),
(36, 19),
(37, 21),
(24, 35),
(2, 58),
(4, 56),
(29, 34),
(46, 17),
(62, 1),
(17, 48),
(28, 38),
(38, 29),
(58, 9),
(33, 35),
(36, 32),
(21, 48),
(34, 35),
(35, 35),
(53, 17),
(30, 41),
(52, 20),
(56, 17),
(7, 68),
(69, 6),
(8, 68),
(14, 62),
(46, 30),
(75, 1),
(26, 51),
(68, 10),
(40, 39),
(5, 75),
(77, 3),
(13, 68),
(6, 77),
(53, 30),
(7, 77),
(65, 19),
(56, 30),
(70, 16),
(82, 5),
(43, 46),
(72, 17),
(13, 77),
(79, 11),
(47, 44),
(67, 24),
(41, 53),
(55, 40),
(61, 34),
(82, 13),
(42, 54),
(84, 12),
(74, 23),
(49, 50),
(63, 36),
(85, 14),
(64, 36),
(71, 29),
(88, 12),
(95, 5),
(99, 1),
(78, 23),
(79, 22),
(100, 1),
(72, 30),
(60, 43),
(95, 13),
(87, 24),
(73, 39),
(98, 14),
(83, 31),
(80, 35),
(109, 7),
(41, 76),
(86, 31),
(45, 73),
(106, 12),
(48, 72),
(57, 70),
(115, 12),
(66, 64),
(94, 36),
(79, 52),
(89, 42),
(96, 36),
(59, 74),
(76, 57),
(104, 29),
(110, 25),
(112, 23),
(114, 21),
(117, 18),
(127, 9),
(108, 29),
(128, 9),
(131, 6),
(79, 59),
(93, 45),
(125, 14),
(134, 5),
(91, 51),
(90, 53),
(138, 9),
(81, 71),
(97, 56),
(89, 65),
(89, 67),
(144, 14),
(130, 29),
(103, 57),
(101, 61),
(102, 60),
(85, 78),
(122, 42),
(90, 76),
(136, 31),
(93, 75),
(133, 35),
(137, 31),
(140, 29),
(123, 47),
(105, 66),
(118, 55),
(143, 31),
(135, 40),
(142, 33),
(98, 78),
(107, 69),
(129, 49),
(113, 69),
(119, 65),
(116, 70),
(122, 65),
(111, 77),
(122, 67),
(121, 72),
(132, 61),
(139, 58),
(125, 78),
(141, 63),
(144, 78),
(145, 79),
(146, 79),
(147, 80);

INSERT INTO `kutato` (`fkod`, `nev`, `szul`, `meghal`) VALUES
(1, 'Ajtay Zoltán Endre', 1900, 1983),
(2, 'Balogh Tibor', 1956, 0),
(3, 'Bay Zoltán', 1900, 1992),
(4, 'Bánhidi Antal', 1902, 1994),
(5, 'Bánki Donát', 1859, 1922),
(6, 'Bárczy Pál', 1941, 0),
(7, 'Bermann Miksa', 1861, 1925),
(8, 'Békésy György', 1899, 1972),
(9, 'Bláthy Ottó Titusz', 1860, 1939),
(10, 'Bródy Imre', 1891, 1944),
(11, 'Budó Ágoston', 1914, 1969),
(12, 'Buzágh Aladár', 1895, 1962),
(13, 'Csonka János', 1852, 1939),
(14, 'Déri Miksa', 1854, 1938),
(15, 'Dulovits Jenő', 1903, 1972),
(16, 'Fejes Jenő', 1877, 1952),
(17, 'Forgó László', 1907, 1980),
(18, 'Frommer Rudolf', 1868, 1936),
(19, 'Ganz Ábrahám', 1814, 1867),
(20, 'Gábor Dénes', 1900, 1979),
(21, 'Gáspár Béla', 1898, 1973),
(22, 'Gerő Loránd', 1910, 1945),
(23, 'Goldmark Péter Károly', 1906, 1977),
(24, 'Greguss Pál', 1921, 2003),
(25, 'Haggenmacher Károly', 1835, 1921),
(26, 'Hanaman Ferenc', 1878, 1941),
(27, 'Hankóczy Jenö', 1879, 1939),
(28, 'Hegedűs Ramón', 1982, 0),
(29, 'Hell József Károly', 1713, 1789),
(30, 'Heller László', 1907, 1980),
(31, 'Jedlik Ányos István', 1800, 1895),
(32, 'Jendrassik György', 1898, 1954),
(33, 'Just Sándor', 1874, 1937),
(34, 'Kalmár László', 1905, 1976),
(35, 'Kandó Kálmán', 1869, 1931),
(36, 'Kármán Tódor', 1881, 1963),
(37, 'Kemény János György', 1926, 1992),
(38, 'Kerpely Antal', 1866, 1917),
(39, 'Köszeghi-Mártony Károly', 1783, 1848),
(40, 'Kühne Ede', 1839, 1903),
(41, 'Kürti Miklós', 1908, 1999),
(42, 'Landy Kornél', 1948, 0),
(43, 'Maderspach Károly', 1791, 1849),
(44, 'Mechwart András', 1834, 1907),
(45, 'Mondl Ferenc', 1902, 1964),
(46, 'Mihály Dénes', 1894, 1953),
(47, 'Mihályi József', 1889, 1978),
(48, 'Neumann János', 1903, 1957),
(49, 'Okolicsányi Ferenc', 1894, 1954),
(50, 'Pavlics Ferenc', 1928, 0),
(51, 'Petzval József', 1807, 1891),
(52, 'Pogány Béla', 1887, 1943),
(53, 'Pollák Antal', 1865, 1943),
(54, 'Pulvári Károly', 1907, 1999),
(55, 'Puskás Tivadar', 1844, 1893),
(56, 'Reich Ernő', 1887, 1965),
(57, 'Riszdorfer Ödön', 1893, 1944),
(58, 'Roska Tamás', 1940, 0),
(59, 'Schmid Rezső', 1904, 1943),
(60, 'Segner János András', 1704, 1777),
(61, 'Simonyi Károly', 1916, 2001),
(62, 'Sklenár János', 1884, 1954),
(63, 'Somogyi Adolf', 1846, 1919),
(64, 'Svachulay Sándor', 1875, 1954),
(65, 'Szabó István', 1941, 0),
(66, 'Szabó István', 1910, 1997),
(67, 'Sziklay Péter', 1958, 0),
(68, 'Szilárd Leó', 1898, 1964),
(69, 'Szilvay Kornél', 1890, 1957),
(70, 'Szőcs István', 1943, 0),
(71, 'Telkes Mária', 1900, 1995),
(72, 'Teller Ede', 1908, 2003),
(73, 'Tihanyi Kálmán', 1897, 1947),
(74, 'Tófalvi Gyula ', 1927, 2003),
(75, 'Vecsei Géza', 1902, 1960),
(76, 'Virág József', 1870, 1901),
(77, 'Wigner Jenő', 1902, 1995),
(78, 'Zipernowsky Károly', 1853, 1942),
(79, 'Bíró László', 1899, 1985),
(80, 'Szent-Györgyi Albert', 1893, 1986);

INSERT INTO `talalmany` (`tkod`, `talnev`) VALUES
(1, 'aerodinamika'),
(2, 'analogikai celluláris számítógép'),
(3, 'apró bordás hőcserélő'),
(4, 'áramfogó'),
(5, 'árammérő'),
(6, 'atombomba'),
(7, 'atommáglya'),
(8, 'atomreaktor'),
(9, 'atmoszferikus gőzgép '),
(10, 'BASIC'),
(11, 'Bánki-turbina'),
(12, 'bányavizek elleni védekezés'),
(13, 'chicagói atommáglya'),
(14, 'csillagmotor'),
(15, 'derivatográf'),
(16, 'Duflex fényképezőgép'),
(17, 'EDVAC'),
(18, 'elektroncsöves audio-méter'),
(19, 'előkamrás sűrítő nélküli dízelmotor'),
(20, 'egysarkú villámindító'),
(21, 'ENIAC'),
(22, 'excimer lézeres abláció háromdimenziós gyors­fényképezése'),
(23, 'farinográf'),
(24, 'fázisváltós villamos mozdony'),
(25, 'fejtőgép'),
(26, 'fényképezőgép-lencse'),
(27, 'forgódugattyús gép'),
(28, 'forgórostélyos gázgenerátor'),
(29, 'formulavezérlésű számítógép'),
(30, 'főzés fizikája'),
(31, 'Frommer-pisztoly'),
(32, 'F-típusú fejtő-rakodó gép'),
(33, 'F típusjelű három­fázisú aszinkron motorsorozat'),
(34, 'FF háromfázisú motorsorozat'),
(35, 'Ganz-gyár'),
(36, 'Ganz—Jendrassik-motor'),
(37, 'Gasparcolor színes film'),
(38, 'gázlift'),
(39, 'Gerle repülőgép'),
(40, 'gulyáságyú'),
(41, 'gyorstávíró'),
(42, 'hangfelvevő kamera'),
(43, 'hangosfilm'),
(44, 'háromdimenziós kijelző'),
(45, 'HDTV'),
(46, 'Heller—Forgó hűtőtorony'),
(47, 'hengerszék'),
(48, 'hidrogénbomba'),
(49, 'holdautó'),
(50, 'Hold-radar'),
(51, 'hologramkiállítás'),
(52, 'holográfia'),
(53, 'hőenergetikai képzés'),
(54, 'HSCS'),
(55, 'Hungária-Drill sorvetőgép'),
(56, 'hűtőtorony'),
(57, 'impulzus tűzoltókészülék'),
(58, 'indukciós fogyasztásmérő'),
(59, 'IRX típusú ionoszféra-kutató berendezés'),
(60, 'íven függő vonórudas vashíd'),
(61, 'Katicabogár'),
(62, 'karsztvíz elleni védekezés a bányaüzemekben'),
(63, 'Kármán-féle örvénysornak'),
(64, 'Kármán-spektrum'),
(65, 'kéregöntés'),
(66, 'Kolibri repülőgép'),
(67, 'körbe látó optika'),
(68, 'kriptonlámpa'),
(69, 'kristálynövesztés űrkemencében'),
(70, 'lemezmotor és lemezautó'),
(71, 'léggép '),
(72, 'légkondenzációs hűtőtorony'),
(73, 'légzőkészülék'),
(74, 'LP—long-playing'),
(75, 'marófejes jövesztőgép'),
(76, 'megvilágításmérő'),
(77, 'méter fogalma'),
(78, 'mikrobarázdás hanglemez'),
(79, 'molekulaspektroszkópia'),
(80, 'mozdonyok'),
(81, 'napenergia'),
(82, 'négyütemű belső égésű motor'),
(83, 'optikai rácsosztó gép'),
(84, 'Ostwald-Buzágh-féle üledékszabály'),
(85, 'öngerjesztésű kompaundált szinkrongép'),
(86, 'ősdinamó'),
(87, 'PAL-optika'),
(88, 'papírgyártás'),
(89, 'PePy'),
(90, 'perforátor'),
(91, 'Petzval-féle összeg'),
(92, 'Pille'),
(93, 'Pintsch-féle gázmérő'),
(94, 'PKZ helikopter'),
(95, 'porlasztó'),
(96, 'rakéta'),
(97, 'Reich-fogó'),
(98, 'repulziós motor'),
(99, 'réselőlánc'),
(100, 'réselőrúd'),
(101, 'részecskegyorsító'),
(102, 'Segner-kerék'),
(103, 'Super Kodak Six-20'),
(104, 'sűrített levegő '),
(105, 'Szabó-féle görgős eke'),
(106, 'szakadásiszög-mérő'),
(107, 'szárazoltó'),
(108, 'szénhidrogén-bányászat'),
(109, 'szikrapróba'),
(110, 'síkszita'),
(111, 'szimmetria­elvek'),
(112, 'színes televízió'),
(113, 'Szilvay-féle szárazoltásos rendszer'),
(114, 'színes film'),
(115, 'szolstabilitáskontinuitás elmélet'),
(116, 'szuperintenzív habelárasztás'),
(117, 'tekercsrugós vadászpuska'),
(118, 'telefonhírmondó'),
(119, 'telefonközpont'),
(120, 'termolumineszcens dózismérő'),
(121, 'termonukleáris reakció'),
(122, 'titkosítás'),
(123, 'törtképes távmérő'),
(124, 'traktor'),
(125, 'transzformátor'),
(126, 'TS-uszályhíd'),
(127, 'turbógenerátor-gyártás'),
(128, 'turbógenerátor - tekercselő'),
(129, 'tükörcsavaros képíró'),
(130, 'tűzgép'),
(131, 'űrkemence '),
(132, 'Van de Graaff generátor'),
(133, 'Valtellina'),
(134, 'Vaskapu-vízerőmű'),
(135, 'vetőgép'),
(136, 'villámdelejes forgony'),
(137, 'villámfeszítő'),
(138, 'villanyóra'),
(139, 'vizuális mikroprocesszor'),
(140, 'vízemelő'),
(141, 'vízóra'),
(142, 'volfrámszálas izzó'),
(143, 'vonalzógép'),
(144, 'zárt vasmagú transzformátor'),
(145, 'golyóstoll'),
(146, 'automata sebességváltó'),
(147, 'C-vitamin');
