INSERT INTO `alkoto` (`id`, `nev`) VALUES
(1, 'Robert Bodanzky'),
(2, 'Ábrahám Pál'),
(3, 'Fejér Jenő'),
(4, 'Heinz Reichert'),
(5, 'Bajthay Mihály'),
(6, 'Szántó Mihály'),
(7, 'Heltai Jenő'),
(8, 'Pesti Kálmán'),
(9, 'Rudolf Schanzer'),
(10, 'Szendy Árpád'),
(11, 'Tábori Emil'),
(12, 'Molnár Ferenc'),
(13, 'Kun Richárd'),
(14, 'Kristóf Károly'),
(15, 'Fellner Pál'),
(16, 'Nagypál Béla'),
(17, 'Rössel Nándor'),
(18, 'Halász Imre'),
(19, 'Babay József'),
(20, 'Charles Méré'),
(21, 'Abonyi Árpád'),
(22, 'Márkus Géza'),
(23, 'Friedl Frigyes'),
(24, 'László Jenő'),
(25, 'Rejtő Jenő'),
(26, 'Somogyi Gyula'),
(27, 'Berényi Henrik'),
(28, 'Váli Pál'),
(29, 'Bíró Lajos'),
(30, 'Garay Imre'),
(31, 'Békeffi László'),
(32, 'Kottow János'),
(33, 'Ternay István'),
(34, 'Rudolf Oesterreicher'),
(35, 'Jarnó György'),
(36, 'Gábor Andor'),
(37, 'Radó József'),
(38, 'Szávay Gyula'),
(39, 'Kálmán Imre'),
(40, 'Lányi Viktor'),
(41, 'Buttola Ede'),
(42, 'Hevesi Sándor'),
(43, 'Rieger Tibor'),
(44, 'Erdélyi Mihály'),
(45, 'Krasznai Krausz Mihály'),
(46, 'Szomory Emil'),
(47, 'ismeretlen'),
(48, 'Eisemann Mihály'),
(49, 'Ottokar Tann-Bergler'),
(50, 'Stephanides Károly'),
(51, 'Dunai László'),
(52, 'Szenes Béla'),
(53, 'Tary Mihály'),
(54, 'Béldi Izor'),
(55, 'Rajna Ferenc'),
(56, 'Szenes Andor'),
(57, 'Konti József'),
(58, 'Paksi József'),
(59, 'Vadnai László'),
(60, 'Sztojanovits Jenő'),
(61, 'Leo Stein'),
(62, 'Szabados Béla'),
(63, 'Hegyi Béla'),
(64, 'K. Halász Gyula'),
(65, 'ifj. Bokor József'),
(66, 'Bernard Buchbinder'),
(67, 'Matolay Károly'),
(68, 'Sümegi Ödön'),
(69, 'Szirmai Albert'),
(70, 'Bulissa Rezső'),
(71, 'Fritz Grünbaum'),
(72, 'Török Rezső'),
(73, 'Ludwig Herzer'),
(74, 'Bródy Miksa'),
(75, 'Zágon István'),
(76, 'Földes Imre'),
(77, 'Paul Armont'),
(78, 'Mihály István'),
(79, 'Darvas Szilárd'),
(80, 'Robert Bodansky'),
(81, 'Farkas Imre'),
(82, 'Fényes Szabolcs'),
(83, 'Majorossy Aladár'),
(84, 'Harsányi Zsolt'),
(85, 'Reményi Béla'),
(86, 'Hajdú Imre'),
(87, 'Stella Adorján'),
(88, 'Nóti Károly'),
(89, 'Mozsányi László'),
(90, 'Stoll Károly'),
(91, 'Maurice Dekobra'),
(92, 'Nyárai Antal'),
(93, 'Löhner'),
(94, 'Forrai Miklós'),
(95, 'E. Norini'),
(96, 'Ruttkay György'),
(97, 'Guthi Soma'),
(98, 'Kossovich Pál'),
(99, 'Köpf Kálmán'),
(100, 'Feld Aurél'),
(101, 'Kacsóh Pongrác'),
(102, 'Liptai Imre'),
(103, 'Somló Sándor'),
(104, 'Bródy Tamás'),
(105, 'Lakatos László'),
(106, 'Szilágyi László'),
(107, 'Uray Dezső'),
(108, 'Jaczkó Rezső '),
(109, 'Tóth Miklós'),
(110, 'Zsoldos László'),
(111, 'dr. Ángyán Béla'),
(112, 'Molnár Gyula'),
(113, 'Jenbach Béla'),
(114, 'Vaszary János'),
(115, 'Herczeg Géza'),
(116, 'Pánczél Lajos'),
(117, 'C. Lombardo'),
(118, 'Harmath Imre'),
(119, 'Báron Rezső'),
(120, 'Törs Iván'),
(121, 'Andai Ernő'),
(122, 'Molnár G.'),
(123, 'Szilágyi Béla'),
(124, 'Sanzer'),
(125, 'Julius Brammer'),
(126, 'Beer Gusztáv'),
(127, 'Arányi Kornél'),
(128, 'Géczy István'),
(129, 'Tamássy Pál'),
(130, 'Fodor Tibor'),
(131, 'Szekeres Ferenc'),
(132, 'Megyery Gyula'),
(133, 'Orbán Dezső'),
(134, 'Csiky Gergely'),
(135, 'Franz Arnold'),
(136, 'Nemes Gusztáv'),
(137, 'Szlatinay Sándor'),
(138, 'Bernauer'),
(139, 'Nemes Gyula'),
(140, 'Alfred Grünwald'),
(141, 'Thury Zoltán'),
(142, 'Siliga Ferenc'),
(143, 'Rényi Aladár'),
(144, 'Mihály'),
(145, 'Mérei Adolf'),
(146, 'Lindau Károly'),
(147, 'Kondor Leó'),
(148, 'Garami Béla'),
(149, 'Tímár Mihály'),
(150, 'Viktor Leon'),
(151, 'Hajó Sándor'),
(152, 'Engel, Horst'),
(153, 'Verő György'),
(154, 'Buday Dénes'),
(155, 'Erkel Jenő'),
(156, 'Gádor Béla'),
(157, 'Pásztor Árpád'),
(158, 'Horváth Jenő'),
(159, 'Urai Dezső'),
(160, 'Martos Ferenc'),
(161, 'Ernst Wellisch'),
(162, 'Innocent Vincze Ernő'),
(163, 'Kellér Dezső'),
(164, 'Zerkovitz Béla'),
(165, 'Bokor József'),
(166, 'Stoll Ágost'),
(167, 'Tihanyi Elemér'),
(168, 'Márkus Alfréd'),
(169, 'Pusztaszery Margit'),
(170, 'Fritz Löhner-Beda'),
(171, 'Révész Ferenc'),
(172, 'Feld Mátyás'),
(173, 'Endrődi Béla'),
(174, 'Herczeg Ferenc'),
(175, 'Kaczér Vilmos'),
(176, 'Hűvös Iván'),
(177, 'Buttykay Ákos '),
(178, 'Sándor Jenő'),
(179, 'Emőd Tamás'),
(180, 'Hajós Károly'),
(181, 'Kellér Andor'),
(182, 'Bihari Ákos'),
(183, 'Vándor Kálmán'),
(184, 'Vágó Géza'),
(185, 'Péter Pál'),
(186, 'Kardos Andor'),
(187, 'Jacobi Viktor'),
(188, 'Ruttkai György'),
(189, 'Richard Jäger'),
(190, 'Neumann Ferenc'),
(191, 'Robert Charvay'),
(192, 'Huszka Jenő'),
(193, 'Bródy István'),
(194, 'Mátrai Betegh Béla'),
(195, 'Dévény Jenő'),
(196, 'Békeffi István'),
(197, 'Nádor Mihály'),
(198, 'Liptay Károly'),
(199, 'Brodszky Miklós'),
(200, 'Zách István'),
(201, 'Lestyán Sándor'),
(202, 'Barabás Pál'),
(203, 'Balla Miklós'),
(204, 'Bernat Buchbinder'),
(205, 'Schanzer Rezső'),
(206, 'Márkus József'),
(207, 'Rubio Lajos'),
(208, 'Balassa Emil'),
(209, 'Orbók Attila'),
(210, 'Vincze Zsigmond'),
(211, 'Lehár Ferenc'),
(212, 'Adorján László'),
(213, 'Szomaházy István'),
(214, 'Paul Gavault'),
(215, 'Vaszary Gábor'),
(216, 'Szécsén Mihály'),
(217, 'Ernst Bach'),
(218, 'Békésy Tibor'),
(219, 'Lovik Károly'),
(220, 'Borsodi Mihály'),
(221, 'Bónyi Adorján'),
(222, 'Halász Rudolf'),
(223, 'Vajda László'),
(224, 'Béri Moravcsik Géza'),
(225, 'Déry Gyula'),
(226, 'Lippai Gyula'),
(227, 'Julius Bauer'),
(228, 'Schwimmer Aurél'),
(229, 'Csántho Kálmán'),
(230, 'Sas Ede'),
(231, 'Deréki Antal'),
(232, 'Barna Izsó'),
(233, 'Fodor Arthúr'),
(234, 'Tann Bergler O.'),
(235, 'Drachmann Holger'),
(236, 'Battlay Géza'),
(237, 'Somló Jenő'),
(238, 'Szöllösi Zsigmond'),
(239, 'Erdődy Elek'),
(240, 'Szántó Armand'),
(241, 'Mohácsi Jenő'),
(242, 'Görög László'),
(243, 'Halász Gyula'),
(244, 'Széll Lajos'),
(245, 'Kulinyi Ernő'),
(246, 'Bahnert József'),
(247, 'Lajtai Lajos'),
(248, 'Vajda Ernő'),
(249, 'Faragó Jenő'),
(251, 'Solt Endre'),
(252, 'Marcel Gerbion'),
(253, 'Kövessy Albert'),
(254, 'Folkmann Ferenc'),
(255, 'Emil Norini'),
(256, 'Szemere József'),
(257, 'Falk Richárd'),
(258, 'Komjáthy Károly'),
(259, 'Czobor Károly'),
(260, 'Bakonyi Károly'),
(261, 'Bús Fekete László'),
(262, 'Kürthy Emil'),
(263, 'Ménessy Tibor'),
(264, 'Bulissa Lajos'),
(265, 'Paul Knepler'),
(266, 'Alfred Maria Willner'),
(267, 'Kiszely Gyula');



INSERT INTO `kapcsolat` (`id`, `muid`, `tipus`, `alkotoid`) VALUES
(1, 357, 'szöveg', 61),
(2, 199, 'zene', 197),
(3, 179, 'zene', 177),
(4, 188, 'szöveg', 243),
(5, 86, 'szöveg', 196),
(6, 387, 'fordítás', 40),
(7, 124, 'szöveg', 252),
(8, 228, 'fordítás', 7),
(9, 191, 'szöveg', 1),
(10, 252, 'zene', 164),
(11, 311, 'szöveg', 76),
(12, 278, 'zene', 153),
(13, 226, 'fordítás', 11),
(14, 348, 'zene', 176),
(15, 317, 'zene', 197),
(16, 249, 'fordítás', 145),
(17, 69, 'zene', 48),
(18, 116, 'szöveg', 113),
(19, 110, 'zene', 247),
(20, 59, 'szöveg', 239),
(21, 398, 'zene', 197),
(22, 120, 'szöveg', 118),
(23, 249, 'zene', 211),
(24, 150, 'zene', 82),
(25, 115, 'fordítás', 245),
(26, 53, 'zene', 168),
(27, 106, 'zene', 187),
(28, 259, 'zene', 153),
(29, 122, 'zene', 232),
(30, 369, 'szöveg', 81),
(31, 352, 'zene', 199),
(32, 325, 'fordítás', 56),
(33, 207, 'szöveg', 118),
(34, 400, 'szöveg', 254),
(35, 28, 'szöveg', 71),
(36, 95, 'szöveg', 81),
(37, 314, 'szöveg', 171),
(38, 254, 'szöveg', 174),
(39, 36, 'szöveg', 224),
(40, 389, 'szöveg', 196),
(41, 241, 'szöveg', 55),
(42, 28, 'szöveg', 125),
(43, 101, 'szöveg', 196),
(44, 357, 'zene', 39),
(45, 252, 'szöveg', 54),
(46, 371, 'zene', 210),
(47, 75, 'zene', 60),
(48, 347, 'zene', 154),
(49, 403, 'zene', 50),
(50, 313, 'szöveg', 179),
(51, 240, 'zene', 82),
(52, 140, 'szöveg', 153),
(53, 333, 'szöveg', 125),
(54, 252, 'szöveg', 145),
(55, 313, 'zene', 258),
(56, 285, 'szöveg', 172),
(57, 186, 'zene', 16),
(58, 167, 'szöveg', 215),
(59, 140, 'zene', 153),
(60, 165, 'szöveg', 106),
(61, 164, 'szöveg', 150),
(62, 65, 'zene', 48),
(63, 283, 'zene', 192),
(64, 9, 'zene', 154),
(65, 24, 'szöveg', 149),
(66, 289, 'szöveg', 5),
(67, 177, 'zene', 82),
(68, 260, 'szöveg', 47),
(69, 135, 'szöveg', 118),
(70, 286, 'szöveg', 22),
(71, 21, 'szöveg', 72),
(72, 59, 'szöveg', 144),
(73, 119, 'zene', 48),
(74, 232, 'szöveg', 266),
(75, 375, 'szöveg', 160),
(76, 1, 'szöveg', 196),
(77, 14, 'szöveg', 118),
(78, 79, 'szöveg', 165),
(79, 307, 'szöveg', 249),
(80, 192, 'zene', 23),
(81, 128, 'szöveg', 160),
(82, 181, 'szöveg', 160),
(83, 248, 'zene', 232),
(84, 253, 'zene', 69),
(85, 317, 'szöveg', 126),
(86, 222, 'zene', 164),
(87, 143, 'szöveg', 160),
(88, 18, 'szöveg', 266),
(89, 387, 'szöveg', 115),
(90, 264, 'szöveg', 44),
(91, 412, 'zene', 69),
(92, 4, 'szöveg', 219),
(93, 80, 'zene', 81),
(94, 248, 'szöveg', 184),
(95, 401, 'fordítás', 100),
(96, 343, 'szöveg', 7),
(97, 39, 'fordítás', 171),
(98, 340, 'zene', 143),
(99, 308, 'szöveg', 9),
(100, 338, 'szöveg', 118),
(101, 343, 'zene', 101),
(102, 70, 'szöveg', 54),
(103, 209, 'zene', 39),
(104, 192, 'zene', 103),
(105, 180, 'zene', 86),
(106, 53, 'szöveg', 47),
(107, 75, 'szöveg', 145),
(108, 227, 'zene', 62),
(109, 396, 'zene', 153),
(110, 323, 'szöveg', 196),
(111, 11, 'zene', 258),
(112, 198, 'szöveg', 81),
(113, 388, 'szöveg', 46),
(114, 97, 'szöveg', 106),
(115, 179, 'szöveg', 81),
(116, 336, 'zene', 90),
(117, 152, 'szöveg', 249),
(118, 329, 'szöveg', 160),
(119, 401, 'szöveg', 95),
(120, 317, 'szöveg', 32),
(121, 304, 'szöveg', 145),
(122, 177, 'szöveg', 118),
(123, 293, 'szöveg', 47),
(124, 300, 'zene', 69),
(125, 11, 'szöveg', 213),
(126, 62, 'szöveg', 47),
(127, 268, 'szöveg', 75),
(128, 100, 'fordítás', 245),
(129, 385, 'zene', 69),
(130, 192, 'szöveg', 226),
(131, 405, 'zene', 35),
(132, 169, 'szöveg', 49),
(133, 69, 'szöveg', 194),
(134, 107, 'szöveg', 159),
(135, 37, 'fordítás', 145),
(136, 241, 'zene', 259),
(137, 410, 'szöveg', 21),
(138, 301, 'zene', 267),
(139, 191, 'fordítás', 47),
(140, 39, 'szöveg', 66),
(141, 50, 'szöveg', 179),
(142, 337, 'szöveg', 118),
(143, 170, 'szöveg', 121),
(144, 70, 'zene', 3),
(145, 339, 'szöveg', 101),
(146, 309, 'szöveg', 106),
(147, 144, 'zene', 51),
(148, 207, 'zene', 164),
(149, 150, 'szöveg', 118),
(150, 69, 'szöveg', 26),
(151, 224, 'szöveg', 76),
(152, 20, 'szöveg', 81),
(153, 347, 'szöveg', 109),
(154, 193, 'zene', 154),
(155, 2, 'zene', 187),
(156, 204, 'zene', 57),
(157, 288, 'szöveg', 157),
(158, 220, 'szöveg', 249),
(159, 117, 'szöveg', 88),
(160, 271, 'szöveg', 26),
(161, 3, 'szöveg', 231),
(162, 373, 'szöveg', 55),
(163, 146, 'zene', 177),
(164, 76, 'zene', 246),
(165, 71, 'zene', 197),
(166, 61, 'zene', 258),
(167, 359, 'zene', 179),
(168, 258, 'szöveg', 53),
(169, 153, 'zene', 247),
(170, 251, 'szöveg', 160),
(171, 41, 'szöveg', 47),
(172, 255, 'zene', 69),
(173, 267, 'szöveg', 117),
(174, 240, 'zene', 154),
(175, 381, 'szöveg', 81),
(176, 173, 'szöveg', 76),
(177, 88, 'zene', 211),
(178, 73, 'szöveg', 213),
(179, 211, 'szöveg', 260),
(180, 74, 'szöveg', 81),
(181, 89, 'zene', 154),
(182, 231, 'szöveg', 170),
(183, 84, 'zene', 168),
(184, 180, 'szöveg', 208),
(185, 31, 'szöveg', 87),
(186, 206, 'szöveg', 245),
(187, 400, 'szöveg', 70),
(188, 202, 'zene', 247),
(189, 188, 'szöveg', 106),
(190, 46, 'szöveg', 106),
(191, 233, 'zene', 27),
(192, 161, 'zene', 131),
(193, 88, 'szöveg', 170),
(194, 26, 'szöveg', 140),
(195, 253, 'szöveg', 179),
(196, 229, 'zene', 16),
(197, 55, 'zene', 187),
(198, 262, 'szöveg', 169),
(199, 396, 'szöveg', 153),
(200, 319, 'szöveg', 36),
(201, 156, 'zene', 259),
(202, 24, 'zene', 27),
(203, 74, 'zene', 81),
(204, 197, 'zene', 6),
(205, 90, 'zene', 2),
(206, 209, 'szöveg', 61),
(207, 37, 'zene', 211),
(208, 334, 'szöveg', 106),
(209, 378, 'fordítás', 245),
(210, 392, 'zene', 82),
(211, 235, 'zene', 108),
(212, 10, 'zene', 81),
(213, 315, 'zene', 177),
(214, 303, 'szöveg', 76),
(215, 66, 'szöveg', 25),
(216, 292, 'zene', 247),
(217, 55, 'szöveg', 193),
(218, 22, 'zene', 211),
(219, 154, 'szöveg', 160),
(220, 217, 'szöveg', 29),
(221, 331, 'szöveg', 179),
(222, 229, 'szöveg', 107),
(223, 277, 'zene', 2),
(224, 73, 'zene', 247),
(225, 185, 'fordítás', 36),
(226, 257, 'szöveg', 196),
(227, 266, 'szöveg', 84),
(228, 126, 'szöveg', 72),
(229, 155, 'zene', 45),
(230, 105, 'szöveg', 160),
(231, 258, 'zene', 200),
(232, 102, 'zene', 267),
(233, 27, 'szöveg', 76),
(234, 380, 'szöveg', 160),
(235, 321, 'szöveg', 121),
(236, 42, 'szöveg', 42),
(237, 10, 'szöveg', 193),
(238, 111, 'szöveg', 230),
(239, 16, 'zene', 168),
(240, 223, 'szöveg', 55),
(241, 230, 'szöveg', 47),
(242, 100, 'szöveg', 140),
(243, 355, 'szöveg', 18),
(244, 127, 'zene', 81),
(245, 392, 'szöveg', 215),
(246, 255, 'szöveg', 217),
(247, 144, 'szöveg', 133),
(248, 125, 'szöveg', 106),
(249, 205, 'szöveg', 106),
(250, 273, 'szöveg', 110),
(251, 94, 'zene', 13),
(252, 320, 'szöveg', 216),
(253, 228, 'szöveg', 80),
(254, 384, 'zene', 247),
(255, 90, 'szöveg', 118),
(256, 2, 'szöveg', 141),
(257, 303, 'zene', 2),
(258, 312, 'szöveg', 218),
(259, 374, 'szöveg', 47),
(260, 238, 'zene', 232),
(261, 6, 'szöveg', 81),
(262, 92, 'szöveg', 92),
(263, 281, 'zene', 13),
(264, 352, 'fordítás', 47),
(265, 302, 'szöveg', 170),
(266, 23, 'zene', 165),
(267, 77, 'szöveg', 261),
(268, 347, 'szöveg', 183),
(269, 172, 'szöveg', 121),
(270, 149, 'szöveg', 118),
(271, 78, 'szöveg', 114),
(272, 315, 'szöveg', 118),
(273, 240, 'zene', 48),
(274, 239, 'zene', 247),
(275, 246, 'zene', 199),
(276, 302, 'szöveg', 140),
(277, 168, 'szöveg', 81),
(278, 327, 'szöveg', 159),
(279, 324, 'szöveg', 175),
(280, 220, 'zene', 176),
(281, 277, 'szöveg', 193),
(282, 216, 'zene', 82),
(283, 192, 'szöveg', 106),
(284, 345, 'zene', 48),
(285, 165, 'zene', 37),
(286, 370, 'szöveg', 106),
(287, 378, 'zene', 211),
(288, 403, 'szöveg', 47),
(289, 358, 'zene', 58),
(290, 99, 'zene', 60),
(291, 159, 'zene', 197),
(292, 120, 'szöveg', 240),
(293, 274, 'szöveg', 181),
(294, 276, 'szöveg', 245),
(295, 204, 'szöveg', 134),
(296, 405, 'szöveg', 189),
(297, 112, 'szöveg', 145),
(298, 302, 'fordítás', 76),
(299, 102, 'szöveg', 47),
(300, 80, 'szöveg', 81),
(301, 160, 'szöveg', 106),
(302, 63, 'szöveg', 235),
(303, 272, 'szöveg', 170),
(304, 142, 'szöveg', 160),
(305, 294, 'szöveg', 54),
(306, 217, 'zene', 45),
(307, 390, 'zene', 60),
(308, 306, 'szöveg', 106),
(309, 393, 'szöveg', 81),
(310, 330, 'szöveg', 73),
(311, 405, 'fordítás', 145),
(312, 34, 'szöveg', 106),
(313, 164, 'zene', 211),
(314, 231, 'zene', 2),
(315, 63, 'zene', 187),
(316, 283, 'szöveg', 156),
(317, 79, 'zene', 165),
(318, 305, 'zene', 60),
(319, 48, 'zene', 168),
(320, 316, 'zene', 258),
(321, 273, 'zene', 60),
(322, 22, 'fordítás', 245),
(323, 369, 'zene', 81),
(324, 5, 'szöveg', 47),
(325, 250, 'szöveg', 153),
(326, 34, 'zene', 48),
(327, 244, 'szöveg', 7),
(328, 330, 'szöveg', 170),
(329, 154, 'szöveg', 196),
(330, 361, 'szöveg', 153),
(331, 346, 'zene', 69),
(332, 180, 'szöveg', 78),
(333, 172, 'szöveg', 118),
(334, 310, 'szöveg', 258),
(335, 18, 'szöveg', 4),
(336, 174, 'zene', 164),
(337, 19, 'zene', 39),
(338, 7, 'szöveg', 59),
(339, 365, 'zene', 247),
(340, 259, 'szöveg', 153),
(341, 381, 'zene', 81),
(342, 302, 'zene', 2),
(343, 52, 'szöveg', 44),
(344, 9, 'szöveg', 19),
(345, 307, 'zene', 232),
(346, 88, 'szöveg', 73),
(347, 27, 'zene', 177),
(348, 54, 'fordítás', 7),
(349, 289, 'zene', 99),
(350, 244, 'zene', 210),
(351, 408, 'szöveg', 153),
(352, 101, 'szöveg', 52),
(353, 314, 'zene', 232),
(354, 387, 'zene', 39),
(355, 83, 'zene', 154),
(356, 295, 'szöveg', 33),
(357, 203, 'szöveg', 61),
(358, 149, 'szöveg', 202),
(359, 116, 'szöveg', 4),
(360, 308, 'fordítás', 56),
(361, 346, 'szöveg', 55),
(362, 108, 'fordítás', 245),
(363, 228, 'szöveg', 71),
(364, 12, 'zene', 48),
(365, 59, 'zene', 13),
(366, 227, 'szöveg', 184),
(367, 335, 'zene', 247),
(368, 398, 'szöveg', 249),
(369, 401, 'zene', 211),
(370, 330, 'fordítás', 47),
(371, 82, 'szöveg', 119),
(372, 45, 'szöveg', 221),
(373, 312, 'zene', 83),
(374, 353, 'zene', 247),
(375, 303, 'szöveg', 118),
(376, 245, 'zene', 39),
(377, 50, 'zene', 69),
(378, 237, 'zene', 82),
(379, 148, 'szöveg', 47),
(380, 124, 'szöveg', 77),
(381, 372, 'szöveg', 122),
(382, 143, 'zene', 192),
(383, 104, 'zene', 220),
(384, 219, 'fordítás', 145),
(385, 328, 'szöveg', 44),
(386, 3, 'zene', 57),
(387, 72, 'szöveg', 67),
(388, 330, 'zene', 211),
(389, 163, 'szöveg', 121),
(390, 267, 'fordítás', 84),
(391, 164, 'fordítás', 7),
(392, 341, 'zene', 48),
(393, 200, 'zene', 45),
(394, 162, 'zene', 195),
(395, 408, 'zene', 153),
(396, 352, 'szöveg', 93),
(397, 145, 'szöveg', 106),
(398, 339, 'zene', 101),
(399, 60, 'zene', 232),
(400, 30, 'szöveg', 81),
(401, 116, 'zene', 211),
(402, 332, 'szöveg', 173),
(403, 193, 'szöveg', 118),
(404, 281, 'szöveg', 68),
(405, 142, 'szöveg', 118),
(406, 372, 'zene', 48),
(407, 10, 'szöveg', 81),
(408, 141, 'szöveg', 125),
(409, 269, 'szöveg', 266),
(410, 61, 'szöveg', 196),
(411, 169, 'zene', 211),
(412, 49, 'szöveg', 44),
(413, 189, 'zene', 82),
(414, 158, 'zene', 39),
(415, 58, 'szöveg', 106),
(416, 404, 'szöveg', 157),
(417, 272, 'zene', 211),
(418, 111, 'zene', 232),
(419, 71, 'szöveg', 186),
(420, 223, 'zene', 153),
(421, 373, 'zene', 69),
(422, 119, 'szöveg', 106),
(423, 334, 'zene', 164),
(424, 128, 'zene', 69),
(425, 410, 'szöveg', 249),
(426, 215, 'szöveg', 72),
(427, 161, 'szöveg', 116),
(428, 247, 'zene', 164),
(429, 96, 'szöveg', 160),
(430, 166, 'zene', 63),
(431, 311, 'szöveg', 118),
(432, 283, 'szöveg', 79),
(433, 171, 'zene', 44),
(434, 237, 'szöveg', 209),
(435, 341, 'szöveg', 75),
(436, 212, 'zene', 69),
(437, 269, 'szöveg', 34),
(438, 366, 'szöveg', 233),
(439, 325, 'zene', 45),
(440, 136, 'zene', 13),
(441, 36, 'zene', 62),
(442, 284, 'szöveg', 130),
(443, 121, 'szöveg', 114),
(444, 137, 'zene', 48),
(445, 298, 'zene', 164),
(446, 43, 'zene', 232),
(447, 280, 'zene', 44),
(448, 47, 'szöveg', 14),
(449, 231, 'szöveg', 140),
(450, 31, 'szöveg', 72),
(451, 153, 'szöveg', 118),
(452, 21, 'szöveg', 179),
(453, 194, 'zene', 44),
(454, 7, 'zene', 247),
(455, 190, 'szöveg', 118),
(456, 333, 'szöveg', 71),
(457, 81, 'szöveg', 186),
(458, 400, 'zene', 264),
(459, 385, 'szöveg', 12),
(460, 91, 'zene', 62),
(461, 42, 'szöveg', 84),
(462, 410, 'zene', 232),
(463, 248, 'szöveg', 145),
(464, 268, 'zene', 111),
(465, 101, 'zene', 247),
(466, 232, 'zene', 211),
(467, 288, 'zene', 90),
(468, 407, 'szöveg', 153),
(469, 175, 'zene', 154),
(470, 344, 'szöveg', 56),
(471, 191, 'szöveg', 266),
(472, 25, 'szöveg', 81),
(473, 73, 'szöveg', 196),
(474, 156, 'szöveg', 55),
(475, 12, 'szöveg', 243),
(476, 123, 'fordítás', 36),
(477, 275, 'zene', 50),
(478, 72, 'szöveg', 184),
(479, 171, 'szöveg', 44),
(480, 290, 'szöveg', 257),
(481, 118, 'szöveg', 44),
(482, 93, 'zene', 154),
(483, 365, 'szöveg', 196),
(484, 354, 'szöveg', 142),
(485, 54, 'zene', 2),
(486, 82, 'szöveg', 15),
(487, 59, 'zene', 85),
(488, 66, 'zene', 132),
(489, 137, 'szöveg', 261),
(490, 325, 'szöveg', 9),
(491, 379, 'zene', 101),
(492, 291, 'zene', 211),
(493, 336, 'szöveg', 157),
(494, 334, 'szöveg', 121),
(495, 361, 'zene', 153),
(496, 341, 'szöveg', 84),
(497, 389, 'szöveg', 106),
(498, 209, 'szöveg', 113),
(499, 39, 'zene', 35),
(500, 126, 'zene', 210),
(501, 407, 'zene', 153),
(502, 68, 'szöveg', 249),
(503, 382, 'zene', 48),
(504, 99, 'szöveg', 133),
(505, 120, 'zene', 258),
(506, 318, 'zene', 81),
(507, 258, 'szöveg', 139),
(508, 38, 'szöveg', 44),
(509, 282, 'szöveg', 162),
(510, 100, 'zene', 39),
(511, 234, 'zene', 13),
(512, 208, 'zene', 232),
(513, 160, 'zene', 192),
(514, 13, 'szöveg', 66),
(515, 138, 'zene', 154),
(516, 265, 'szöveg', 244),
(517, 123, 'szöveg', 80),
(518, 162, 'zene', 127),
(519, 23, 'szöveg', 47),
(520, 263, 'szöveg', 145),
(521, 44, 'szöveg', 44),
(522, 254, 'zene', 192),
(523, 67, 'szöveg', 157),
(524, 291, 'szöveg', 227),
(525, 370, 'zene', 199),
(526, 115, 'szöveg', 125),
(527, 233, 'szöveg', 47),
(528, 280, 'szöveg', 44),
(529, 191, 'zene', 211),
(530, 51, 'szöveg', 214),
(531, 172, 'zene', 48),
(532, 374, 'zene', 44),
(533, 65, 'szöveg', 243),
(534, 203, 'zene', 211),
(535, 360, 'zene', 168),
(536, 371, 'szöveg', 245),
(537, 294, 'zene', 3),
(538, 87, 'szöveg', 65),
(539, 208, 'szöveg', 184),
(540, 202, 'szöveg', 172),
(541, 184, 'zene', 267),
(542, 170, 'zene', 129),
(543, 362, 'szöveg', 24),
(544, 67, 'szöveg', 101),
(545, 158, 'szöveg', 125),
(546, 409, 'szöveg', 7),
(547, 243, 'zene', 82),
(548, 158, 'fordítás', 102),
(549, 335, 'szöveg', 56),
(550, 378, 'szöveg', 150),
(551, 36, 'zene', 10),
(552, 402, 'zene', 154),
(553, 131, 'zene', 168),
(554, 245, 'szöveg', 260),
(555, 385, 'szöveg', 7),
(556, 409, 'zene', 94),
(557, 46, 'zene', 168),
(558, 1, 'zene', 247),
(559, 28, 'zene', 211),
(560, 86, 'zene', 258),
(561, 362, 'zene', 136),
(562, 298, 'szöveg', 106),
(563, 277, 'szöveg', 105),
(564, 301, 'szöveg', 106),
(565, 334, 'szöveg', 163),
(566, 178, 'zene', 228),
(567, 368, 'fordítás', 145),
(568, 285, 'szöveg', 249),
(569, 28, 'fordítás', 84),
(570, 40, 'fordítás', 84),
(571, 20, 'zene', 81),
(572, 26, 'zene', 211),
(573, 85, 'szöveg', 241),
(574, 387, 'szöveg', 265),
(575, 19, 'szöveg', 160),
(576, 379, 'szöveg', 151),
(577, 386, 'szöveg', 157),
(578, 219, 'szöveg', 152),
(579, 406, 'szöveg', 106),
(580, 364, 'szöveg', 225),
(581, 356, 'zene', 39),
(582, 386, 'zene', 210),
(583, 295, 'zene', 30),
(584, 200, 'szöveg', 196),
(585, 370, 'szöveg', 118),
(586, 351, 'szöveg', 196),
(587, 185, 'zene', 211),
(588, 170, 'szöveg', 106),
(589, 344, 'zene', 178),
(590, 246, 'szöveg', 118),
(591, 179, 'szöveg', 36),
(592, 82, 'fordítás', 102),
(593, 239, 'szöveg', 196),
(594, 243, 'szöveg', 118),
(595, 103, 'szöveg', 106),
(596, 363, 'szöveg', 249),
(597, 261, 'szöveg', 238),
(598, 286, 'szöveg', 249),
(599, 217, 'szöveg', 115),
(600, 123, 'zene', 211),
(601, 404, 'zene', 57),
(602, 360, 'szöveg', 47),
(603, 380, 'zene', 210),
(604, 232, 'fordítás', 84),
(605, 349, 'zene', 81),
(606, 56, 'szöveg', 196),
(607, 225, 'zene', 199),
(608, 300, 'szöveg', 160),
(609, 412, 'szöveg', 260),
(610, 187, 'zene', 6),
(611, 183, 'fordítás', 84),
(612, 264, 'zene', 190),
(613, 210, 'zene', 164),
(614, 150, 'szöveg', 104),
(615, 218, 'zene', 195),
(616, 297, 'zene', 178),
(617, 367, 'zene', 210),
(618, 114, 'zene', 39),
(619, 218, 'zene', 127),
(620, 401, 'szöveg', 234),
(621, 211, 'zene', 69),
(622, 337, 'szöveg', 248),
(623, 213, 'zene', 50),
(624, 38, 'zene', 44),
(625, 359, 'szöveg', 72),
(626, 37, 'szöveg', 61),
(627, 295, 'szöveg', 263),
(628, 226, 'szöveg', 205),
(629, 358, 'szöveg', 160),
(630, 316, 'szöveg', 249),
(631, 137, 'szöveg', 258),
(632, 359, 'szöveg', 179),
(633, 293, 'zene', 44),
(634, 123, 'szöveg', 266),
(635, 173, 'szöveg', 118),
(636, 148, 'zene', 168),
(637, 240, 'szöveg', 209),
(638, 115, 'zene', 211),
(639, 15, 'zene', 153),
(640, 304, 'zene', 153),
(641, 130, 'zene', 164),
(642, 130, 'szöveg', 47),
(643, 154, 'zene', 247),
(644, 308, 'zene', 39),
(645, 29, 'szöveg', 106),
(646, 127, 'szöveg', 81),
(647, 129, 'szöveg', 44),
(648, 182, 'szöveg', 222),
(649, 176, 'szöveg', 186),
(650, 278, 'szöveg', 153),
(651, 151, 'szöveg', 106),
(652, 214, 'szöveg', 112),
(653, 139, 'zene', 13),
(654, 194, 'szöveg', 44),
(655, 351, 'zene', 247),
(656, 232, 'szöveg', 80),
(657, 162, 'szöveg', 142),
(658, 318, 'szöveg', 81),
(659, 218, 'szöveg', 142),
(660, 320, 'zene', 37),
(661, 311, 'zene', 2),
(662, 354, 'zene', 232),
(663, 141, 'fordítás', 56),
(664, 124, 'fordítás', 201),
(665, 129, 'zene', 44),
(666, 272, 'fordítás', 47),
(667, 29, 'zene', 48),
(668, 147, 'szöveg', 160),
(669, 29, 'szöveg', 163),
(670, 350, 'szöveg', 260),
(671, 177, 'szöveg', 120),
(672, 47, 'zene', 16),
(673, 66, 'zene', 41),
(674, 306, 'zene', 48),
(675, 18, 'fordítás', 84),
(676, 206, 'szöveg', 261),
(677, 105, 'zene', 143),
(678, 333, 'fordítás', 84),
(679, 284, 'zene', 180),
(680, 77, 'zene', 164),
(681, 95, 'zene', 81),
(682, 382, 'szöveg', 18),
(683, 331, 'zene', 258),
(684, 37, 'szöveg', 150),
(685, 40, 'zene', 39),
(686, 292, 'szöveg', 31),
(687, 389, 'zene', 82),
(688, 176, 'zene', 197),
(689, 270, 'zene', 89),
(690, 263, 'szöveg', 96),
(691, 357, 'szöveg', 113),
(692, 315, 'szöveg', 249),
(693, 308, 'szöveg', 161),
(694, 377, 'zene', 153),
(695, 274, 'zene', 258),
(696, 316, 'szöveg', 213),
(697, 181, 'zene', 187),
(698, 177, 'szöveg', 251),
(699, 85, 'zene', 62),
(700, 161, 'szöveg', 142),
(701, 21, 'zene', 197),
(702, 8, 'zene', 165),
(703, 33, 'zene', 168),
(704, 118, 'zene', 232),
(705, 279, 'szöveg', 74),
(706, 41, 'zene', 168),
(707, 49, 'zene', 44),
(708, 342, 'zene', 192),
(709, 355, 'zene', 2),
(710, 399, 'szöveg', 160),
(711, 353, 'szöveg', 193),
(712, 227, 'szöveg', 38),
(713, 12, 'szöveg', 14),
(714, 368, 'szöveg', 150),
(715, 343, 'szöveg', 260),
(716, 97, 'zene', 192),
(717, 51, 'zene', 247),
(718, 132, 'szöveg', 113),
(719, 56, 'zene', 82),
(720, 83, 'szöveg', 162),
(721, 296, 'zene', 35),
(722, 108, 'szöveg', 125),
(723, 273, 'szöveg', 159),
(724, 265, 'zene', 177),
(725, 221, 'szöveg', 198),
(726, 187, 'szöveg', 44),
(727, 296, 'szöveg', 204),
(728, 196, 'szöveg', 25),
(729, 231, 'fordítás', 47),
(730, 62, 'zene', 197),
(731, 157, 'fordítás', 36),
(732, 86, 'szöveg', 163),
(733, 358, 'szöveg', 56),
(734, 117, 'zene', 81),
(735, 141, 'zene', 39),
(736, 176, 'szöveg', 245),
(737, 142, 'zene', 258),
(738, 329, 'zene', 211),
(739, 219, 'zene', 168),
(740, 368, 'zene', 211),
(741, 25, 'zene', 81),
(742, 235, 'szöveg', 212),
(743, 135, 'zene', 164),
(744, 386, 'szöveg', 74),
(745, 236, 'zene', 168),
(746, 292, 'szöveg', 196),
(747, 120, 'szöveg', 216),
(748, 116, 'fordítás', 47),
(749, 340, 'szöveg', 193),
(750, 7, 'szöveg', 196),
(751, 349, 'szöveg', 81),
(752, 230, 'zene', 165),
(753, 40, 'szöveg', 125),
(754, 376, 'zene', 44),
(755, 60, 'szöveg', 230),
(756, 269, 'zene', 39),
(757, 93, 'szöveg', 118),
(758, 57, 'zene', 232),
(759, 146, 'szöveg', 157),
(760, 147, 'zene', 69),
(761, 321, 'zene', 258),
(762, 299, 'szöveg', 261),
(763, 44, 'zene', 44),
(764, 205, 'zene', 247),
(765, 163, 'zene', 199),
(766, 122, 'szöveg', 184),
(767, 270, 'szöveg', 242),
(768, 242, 'szöveg', 74),
(769, 168, 'zene', 81),
(770, 271, 'zene', 48),
(771, 137, 'szöveg', 196),
(772, 326, 'zene', 35),
(773, 58, 'szöveg', 163),
(774, 214, 'zene', 60),
(775, 92, 'szöveg', 203),
(776, 64, 'szöveg', 114),
(777, 364, 'zene', 62),
(778, 397, 'zene', 197),
(779, 352, 'szöveg', 140),
(780, 174, 'szöveg', 106),
(781, 141, 'szöveg', 140),
(782, 175, 'szöveg', 207),
(783, 260, 'zene', 44),
(784, 340, 'szöveg', 223),
(785, 399, 'zene', 187),
(786, 402, 'szöveg', 106),
(787, 406, 'zene', 210),
(788, 394, 'szöveg', 47),
(789, 299, 'zene', 210),
(790, 16, 'szöveg', 47),
(791, 324, 'zene', 62),
(792, 279, 'zene', 168),
(793, 6, 'zene', 81),
(794, 149, 'zene', 48),
(795, 201, 'zene', 187),
(796, 76, 'szöveg', 160),
(797, 5, 'zene', 177),
(798, 331, 'szöveg', 72),
(799, 250, 'zene', 210),
(800, 383, 'zene', 48),
(801, 212, 'szöveg', 7),
(802, 267, 'szöveg', 266),
(803, 282, 'zene', 154),
(804, 247, 'szöveg', 106),
(805, 15, 'szöveg', 153),
(806, 305, 'szöveg', 47),
(807, 132, 'szöveg', 265),
(808, 287, 'szöveg', 160),
(809, 13, 'zene', 35),
(810, 375, 'zene', 192),
(811, 371, 'szöveg', 160),
(812, 395, 'zene', 155),
(813, 60, 'szöveg', 249),
(814, 249, 'szöveg', 227),
(815, 114, 'szöveg', 160),
(816, 275, 'szöveg', 32),
(817, 266, 'zene', 210),
(818, 196, 'zene', 178),
(819, 166, 'szöveg', 206),
(820, 155, 'szöveg', 91),
(821, 323, 'szöveg', 87),
(822, 283, 'szöveg', 160),
(823, 335, 'szöveg', 221),
(824, 269, 'fordítás', 47),
(825, 134, 'zene', 164),
(826, 179, 'szöveg', 260),
(827, 291, 'fordítás', 262),
(828, 94, 'szöveg', 142),
(829, 45, 'zene', 2),
(830, 190, 'zene', 210),
(831, 234, 'szöveg', 8),
(832, 242, 'szöveg', 160),
(833, 178, 'szöveg', 228),
(834, 257, 'zene', 247),
(835, 282, 'szöveg', 121),
(836, 31, 'zene', 258),
(837, 286, 'zene', 232),
(838, 18, 'zene', 211),
(839, 228, 'zene', 211),
(840, 276, 'zene', 210),
(841, 160, 'szöveg', 163),
(842, 78, 'zene', 147),
(843, 109, 'szöveg', 230),
(844, 285, 'zene', 232),
(845, 42, 'zene', 143),
(846, 240, 'szöveg', 106),
(847, 238, 'szöveg', 253),
(848, 357, 'fordítás', 36),
(849, 287, 'zene', 69),
(850, 363, 'zene', 197),
(851, 224, 'zene', 177),
(852, 312, 'szöveg', 240),
(853, 110, 'szöveg', 47),
(854, 274, 'szöveg', 72),
(855, 197, 'szöveg', 44),
(856, 107, 'zene', 137),
(857, 1, 'szöveg', 249),
(858, 72, 'zene', 98),
(859, 322, 'zene', 192),
(860, 261, 'zene', 63),
(861, 203, 'szöveg', 113),
(862, 297, 'szöveg', 52),
(863, 98, 'zene', 44),
(864, 31, 'szöveg', 118),
(865, 395, 'szöveg', 17),
(866, 159, 'szöveg', 179),
(867, 103, 'zene', 192),
(868, 32, 'zene', 164),
(869, 96, 'zene', 143),
(870, 221, 'zene', 148),
(871, 394, 'zene', 164),
(872, 299, 'szöveg', 245),
(873, 342, 'szöveg', 160),
(874, 213, 'szöveg', 128),
(875, 376, 'szöveg', 47),
(876, 26, 'fordítás', 84),
(877, 279, 'szöveg', 193),
(878, 185, 'szöveg', 150),
(879, 217, 'szöveg', 75),
(880, 183, 'szöveg', 138),
(881, 182, 'zene', 154),
(882, 124, 'zene', 45),
(883, 136, 'szöveg', 256),
(884, 40, 'szöveg', 140),
(885, 401, 'fordítás', 145),
(886, 84, 'szöveg', 59),
(887, 157, 'szöveg', 266),
(888, 83, 'szöveg', 121),
(889, 169, 'szöveg', 255),
(890, 14, 'zene', 164),
(891, 133, 'zene', 69),
(892, 19, 'szöveg', 260),
(893, 320, 'szöveg', 240),
(894, 195, 'szöveg', 81),
(895, 67, 'zene', 177),
(896, 309, 'zene', 164),
(897, 189, 'szöveg', 118),
(898, 158, 'fordítás', 245),
(899, 199, 'szöveg', 47),
(900, 33, 'szöveg', 47),
(901, 256, 'zene', 164),
(902, 255, 'fordítás', 36),
(903, 57, 'szöveg', 97),
(904, 138, 'szöveg', 106),
(905, 145, 'zene', 48),
(906, 68, 'zene', 232),
(907, 251, 'zene', 187),
(908, 150, 'szöveg', 20),
(909, 102, 'zene', 64),
(910, 113, 'zene', 81),
(911, 181, 'szöveg', 74),
(912, 112, 'zene', 69),
(913, 157, 'szöveg', 80),
(914, 183, 'zene', 69),
(915, 158, 'szöveg', 140),
(916, 350, 'zene', 192),
(917, 383, 'szöveg', 106),
(918, 131, 'szöveg', 47),
(919, 290, 'zene', 60),
(920, 106, 'szöveg', 160),
(921, 188, 'zene', 154),
(922, 108, 'szöveg', 140),
(923, 98, 'szöveg', 44),
(924, 262, 'zene', 158),
(925, 201, 'szöveg', 160),
(926, 4, 'zene', 62),
(927, 222, 'szöveg', 261),
(928, 48, 'szöveg', 160),
(929, 47, 'szöveg', 64),
(930, 377, 'szöveg', 153),
(931, 92, 'zene', 232),
(932, 109, 'zene', 62),
(933, 350, 'szöveg', 160),
(934, 200, 'szöveg', 216),
(935, 57, 'szöveg', 249),
(936, 208, 'szöveg', 11),
(937, 236, 'szöveg', 47),
(938, 43, 'szöveg', 142),
(939, 54, 'szöveg', 140),
(940, 139, 'szöveg', 167),
(941, 326, 'szöveg', 47),
(942, 13, 'fordítás', 145),
(943, 108, 'zene', 39),
(944, 51, 'szöveg', 191),
(945, 255, 'szöveg', 135),
(946, 366, 'zene', 13),
(947, 203, 'fordítás', 75),
(948, 100, 'szöveg', 125),
(949, 388, 'szöveg', 84),
(950, 74, 'szöveg', 84),
(951, 63, 'fordítás', 47),
(952, 226, 'szöveg', 146),
(953, 151, 'szöveg', 87),
(954, 51, 'fordítás', 118),
(955, 355, 'szöveg', 196),
(956, 22, 'szöveg', 113),
(957, 35, 'szöveg', 260),
(958, 153, 'szöveg', 172),
(959, 195, 'zene', 81),
(960, 87, 'zene', 65),
(961, 58, 'zene', 2),
(962, 113, 'szöveg', 81),
(963, 322, 'szöveg', 160),
(964, 348, 'szöveg', 249),
(965, 411, 'zene', 48),
(966, 173, 'zene', 2),
(967, 52, 'zene', 44),
(968, 325, 'szöveg', 161),
(969, 30, 'zene', 81),
(970, 115, 'szöveg', 140),
(971, 411, 'szöveg', 106),
(972, 210, 'szöveg', 54),
(973, 313, 'szöveg', 72),
(974, 246, 'szöveg', 261),
(975, 89, 'szöveg', 216),
(976, 100, 'fordítás', 87),
(977, 319, 'zene', 69),
(978, 338, 'szöveg', 87),
(979, 327, 'zene', 16),
(980, 267, 'zene', 211),
(981, 91, 'szöveg', 230),
(982, 125, 'zene', 48),
(983, 338, 'zene', 210),
(984, 209, 'fordítás', 245),
(985, 368, 'fordítás', 188),
(986, 215, 'zene', 82),
(987, 312, 'szöveg', 216),
(988, 206, 'zene', 164),
(989, 390, 'szöveg', 185),
(990, 391, 'zene', 237),
(991, 2, 'szöveg', 7),
(992, 114, 'szöveg', 74),
(993, 226, 'zene', 27),
(994, 345, 'szöveg', 106),
(995, 32, 'szöveg', 118),
(996, 157, 'zene', 211),
(997, 64, 'zene', 48),
(998, 82, 'zene', 129),
(999, 45, 'szöveg', 118),
(1000, 356, 'szöveg', 260),
(1001, 64, 'szöveg', 56),
(1002, 17, 'zene', 164),
(1003, 225, 'szöveg', 28),
(1004, 216, 'szöveg', 106),
(1005, 184, 'szöveg', 64),
(1006, 169, 'fordítás', 47),
(1007, 384, 'szöveg', 196),
(1008, 242, 'zene', 187),
(1009, 202, 'zene', 37),
(1010, 155, 'fordítás', 209),
(1011, 55, 'szöveg', 223),
(1012, 104, 'szöveg', 220),
(1013, 152, 'zene', 164),
(1014, 167, 'zene', 48),
(1015, 333, 'zene', 39),
(1016, 27, 'szöveg', 74),
(1017, 391, 'szöveg', 213),
(1018, 291, 'fordítás', 236),
(1019, 323, 'zene', 48),
(1020, 337, 'zene', 82),
(1021, 121, 'zene', 48),
(1022, 61, 'szöveg', 59),
(1023, 397, 'szöveg', 184),
(1024, 8, 'szöveg', 47),
(1025, 17, 'szöveg', 72),
(1026, 388, 'zene', 50),
(1027, 367, 'szöveg', 245),
(1028, 332, 'zene', 43),
(1029, 35, 'zene', 192),
(1030, 134, 'szöveg', 47),
(1031, 133, 'szöveg', 7),
(1032, 91, 'szöveg', 182),
(1033, 89, 'szöveg', 229),
(1034, 310, 'zene', 258),
(1035, 132, 'zene', 211),
(1036, 198, 'zene', 81),
(1037, 183, 'szöveg', 124),
(1038, 81, 'zene', 199),
(1039, 256, 'szöveg', 123),
(1040, 151, 'zene', 37),
(1041, 26, 'szöveg', 125),
(1042, 393, 'zene', 81),
(1043, 263, 'zene', 166),
(1044, 328, 'zene', 44),
(1045, 186, 'szöveg', 107),
(1046, 357, 'szöveg', 61),
(1047, 199, 'zene', 197),
(1048, 179, 'zene', 177),
(1049, 188, 'szöveg', 243),
(1050, 86, 'szöveg', 196),
(1051, 387, 'fordítás', 40),
(1052, 124, 'szöveg', 252),
(1053, 228, 'fordítás', 7),
(1054, 191, 'szöveg', 1),
(1055, 252, 'zene', 164),
(1056, 311, 'szöveg', 76),
(1057, 278, 'zene', 153),
(1058, 226, 'fordítás', 11),
(1059, 348, 'zene', 176),
(1060, 317, 'zene', 197),
(1061, 249, 'fordítás', 145),
(1062, 69, 'zene', 48),
(1063, 116, 'szöveg', 113),
(1064, 110, 'zene', 247),
(1065, 59, 'szöveg', 239),
(1066, 398, 'zene', 197),
(1067, 120, 'szöveg', 118),
(1068, 249, 'zene', 211),
(1069, 150, 'zene', 82),
(1070, 115, 'fordítás', 245),
(1071, 53, 'zene', 168),
(1072, 106, 'zene', 187),
(1073, 259, 'zene', 153),
(1074, 122, 'zene', 232),
(1075, 369, 'szöveg', 81),
(1076, 352, 'zene', 199),
(1077, 325, 'fordítás', 56),
(1078, 207, 'szöveg', 118),
(1079, 400, 'szöveg', 254),
(1080, 28, 'szöveg', 71),
(1081, 95, 'szöveg', 81),
(1082, 314, 'szöveg', 171),
(1083, 254, 'szöveg', 174),
(1084, 36, 'szöveg', 224),
(1085, 389, 'szöveg', 196),
(1086, 241, 'szöveg', 55),
(1087, 28, 'szöveg', 125),
(1088, 101, 'szöveg', 196),
(1089, 357, 'zene', 39),
(1090, 252, 'szöveg', 54),
(1091, 371, 'zene', 210),
(1092, 75, 'zene', 60),
(1093, 347, 'zene', 154),
(1094, 403, 'zene', 50),
(1095, 313, 'szöveg', 179),
(1096, 240, 'zene', 82),
(1097, 140, 'szöveg', 153),
(1098, 333, 'szöveg', 125),
(1099, 252, 'szöveg', 145),
(1100, 313, 'zene', 258),
(1101, 285, 'szöveg', 172),
(1102, 186, 'zene', 16),
(1103, 167, 'szöveg', 215),
(1104, 140, 'zene', 153),
(1105, 165, 'szöveg', 106),
(1106, 164, 'szöveg', 150),
(1107, 65, 'zene', 48),
(1108, 283, 'zene', 192),
(1109, 9, 'zene', 154),
(1110, 24, 'szöveg', 149),
(1111, 289, 'szöveg', 5),
(1112, 177, 'zene', 82),
(1113, 260, 'szöveg', 47),
(1114, 135, 'szöveg', 118),
(1115, 286, 'szöveg', 22),
(1116, 21, 'szöveg', 72),
(1117, 59, 'szöveg', 144),
(1118, 119, 'zene', 48),
(1119, 232, 'szöveg', 266),
(1120, 375, 'szöveg', 160),
(1121, 1, 'szöveg', 196),
(1122, 14, 'szöveg', 118),
(1123, 79, 'szöveg', 165),
(1124, 307, 'szöveg', 249),
(1125, 192, 'zene', 23),
(1126, 128, 'szöveg', 160),
(1127, 181, 'szöveg', 160),
(1128, 248, 'zene', 232),
(1129, 253, 'zene', 69),
(1130, 317, 'szöveg', 126),
(1131, 222, 'zene', 164),
(1132, 143, 'szöveg', 160),
(1133, 18, 'szöveg', 266),
(1134, 387, 'szöveg', 115),
(1135, 264, 'szöveg', 44),
(1136, 412, 'zene', 69),
(1137, 4, 'szöveg', 219),
(1138, 80, 'zene', 81),
(1139, 248, 'szöveg', 184),
(1140, 401, 'fordítás', 100),
(1141, 343, 'szöveg', 7),
(1142, 39, 'fordítás', 171),
(1143, 340, 'zene', 143),
(1144, 308, 'szöveg', 9),
(1145, 338, 'szöveg', 118),
(1146, 343, 'zene', 101),
(1147, 70, 'szöveg', 54),
(1148, 209, 'zene', 39),
(1149, 192, 'zene', 103),
(1150, 180, 'zene', 86),
(1151, 53, 'szöveg', 47),
(1152, 75, 'szöveg', 145),
(1153, 227, 'zene', 62),
(1154, 396, 'zene', 153),
(1155, 323, 'szöveg', 196),
(1156, 11, 'zene', 258),
(1157, 198, 'szöveg', 81),
(1158, 388, 'szöveg', 46),
(1159, 97, 'szöveg', 106),
(1160, 179, 'szöveg', 81),
(1161, 336, 'zene', 90),
(1162, 152, 'szöveg', 249),
(1163, 329, 'szöveg', 160),
(1164, 401, 'szöveg', 95),
(1165, 317, 'szöveg', 32),
(1166, 304, 'szöveg', 145),
(1167, 177, 'szöveg', 118),
(1168, 293, 'szöveg', 47),
(1169, 300, 'zene', 69),
(1170, 11, 'szöveg', 213),
(1171, 62, 'szöveg', 47),
(1172, 268, 'szöveg', 75),
(1173, 100, 'fordítás', 245),
(1174, 385, 'zene', 69),
(1175, 192, 'szöveg', 226),
(1176, 405, 'zene', 35),
(1177, 169, 'szöveg', 49),
(1178, 69, 'szöveg', 194),
(1179, 107, 'szöveg', 159),
(1180, 37, 'fordítás', 145),
(1181, 241, 'zene', 259),
(1182, 410, 'szöveg', 21),
(1183, 301, 'zene', 267),
(1184, 191, 'fordítás', 47),
(1185, 39, 'szöveg', 66),
(1186, 50, 'szöveg', 179),
(1187, 337, 'szöveg', 118),
(1188, 170, 'szöveg', 121),
(1189, 70, 'zene', 3),
(1190, 339, 'szöveg', 101),
(1191, 309, 'szöveg', 106),
(1192, 144, 'zene', 51),
(1193, 207, 'zene', 164),
(1194, 150, 'szöveg', 118),
(1195, 69, 'szöveg', 26),
(1196, 224, 'szöveg', 76),
(1197, 20, 'szöveg', 81),
(1198, 347, 'szöveg', 109),
(1199, 193, 'zene', 154),
(1200, 2, 'zene', 187),
(1201, 204, 'zene', 57),
(1202, 288, 'szöveg', 157),
(1203, 220, 'szöveg', 249),
(1204, 117, 'szöveg', 88),
(1205, 271, 'szöveg', 26),
(1206, 3, 'szöveg', 231),
(1207, 373, 'szöveg', 55),
(1208, 146, 'zene', 177),
(1209, 76, 'zene', 246),
(1210, 71, 'zene', 197),
(1211, 61, 'zene', 258),
(1212, 359, 'zene', 179),
(1213, 258, 'szöveg', 53),
(1214, 153, 'zene', 247),
(1215, 251, 'szöveg', 160),
(1216, 41, 'szöveg', 47),
(1217, 255, 'zene', 69),
(1218, 267, 'szöveg', 117),
(1219, 240, 'zene', 154),
(1220, 381, 'szöveg', 81),
(1221, 173, 'szöveg', 76),
(1222, 88, 'zene', 211),
(1223, 73, 'szöveg', 213),
(1224, 211, 'szöveg', 260),
(1225, 74, 'szöveg', 81),
(1226, 89, 'zene', 154),
(1227, 231, 'szöveg', 170),
(1228, 84, 'zene', 168),
(1229, 180, 'szöveg', 208),
(1230, 31, 'szöveg', 87),
(1231, 206, 'szöveg', 245),
(1232, 400, 'szöveg', 70),
(1233, 202, 'zene', 247),
(1234, 188, 'szöveg', 106),
(1235, 46, 'szöveg', 106),
(1236, 233, 'zene', 27),
(1237, 161, 'zene', 131),
(1238, 88, 'szöveg', 170),
(1239, 26, 'szöveg', 140),
(1240, 253, 'szöveg', 179),
(1241, 229, 'zene', 16),
(1242, 55, 'zene', 187),
(1243, 262, 'szöveg', 169),
(1244, 396, 'szöveg', 153),
(1245, 319, 'szöveg', 36),
(1246, 156, 'zene', 259),
(1247, 24, 'zene', 27),
(1248, 74, 'zene', 81),
(1249, 197, 'zene', 6),
(1250, 90, 'zene', 2),
(1251, 209, 'szöveg', 61),
(1252, 37, 'zene', 211),
(1253, 334, 'szöveg', 106),
(1254, 378, 'fordítás', 245),
(1255, 392, 'zene', 82),
(1256, 235, 'zene', 108),
(1257, 10, 'zene', 81),
(1258, 315, 'zene', 177),
(1259, 303, 'szöveg', 76),
(1260, 66, 'szöveg', 25),
(1261, 292, 'zene', 247),
(1262, 55, 'szöveg', 193),
(1263, 22, 'zene', 211),
(1264, 154, 'szöveg', 160),
(1265, 217, 'szöveg', 29),
(1266, 331, 'szöveg', 179),
(1267, 229, 'szöveg', 107),
(1268, 277, 'zene', 2),
(1269, 73, 'zene', 247),
(1270, 185, 'fordítás', 36),
(1271, 257, 'szöveg', 196),
(1272, 266, 'szöveg', 84),
(1273, 126, 'szöveg', 72),
(1274, 155, 'zene', 45),
(1275, 105, 'szöveg', 160),
(1276, 258, 'zene', 200),
(1277, 102, 'zene', 267),
(1278, 27, 'szöveg', 76),
(1279, 380, 'szöveg', 160),
(1280, 321, 'szöveg', 121),
(1281, 42, 'szöveg', 42),
(1282, 10, 'szöveg', 193),
(1283, 111, 'szöveg', 230),
(1284, 16, 'zene', 168),
(1285, 223, 'szöveg', 55),
(1286, 230, 'szöveg', 47),
(1287, 100, 'szöveg', 140),
(1288, 355, 'szöveg', 18),
(1289, 127, 'zene', 81),
(1290, 392, 'szöveg', 215),
(1291, 255, 'szöveg', 217),
(1292, 144, 'szöveg', 133),
(1293, 125, 'szöveg', 106),
(1294, 205, 'szöveg', 106),
(1295, 273, 'szöveg', 110),
(1296, 94, 'zene', 13),
(1297, 320, 'szöveg', 216),
(1298, 228, 'szöveg', 80),
(1299, 384, 'zene', 247),
(1300, 90, 'szöveg', 118),
(1301, 2, 'szöveg', 141),
(1302, 303, 'zene', 2),
(1303, 312, 'szöveg', 218),
(1304, 374, 'szöveg', 47),
(1305, 238, 'zene', 232),
(1306, 6, 'szöveg', 81),
(1307, 92, 'szöveg', 92),
(1308, 281, 'zene', 13),
(1309, 352, 'fordítás', 47),
(1310, 302, 'szöveg', 170),
(1311, 23, 'zene', 165),
(1312, 77, 'szöveg', 261),
(1313, 347, 'szöveg', 183),
(1314, 172, 'szöveg', 121),
(1315, 149, 'szöveg', 118),
(1316, 78, 'szöveg', 114),
(1317, 315, 'szöveg', 118),
(1318, 240, 'zene', 48),
(1319, 239, 'zene', 247),
(1320, 246, 'zene', 199),
(1321, 302, 'szöveg', 140),
(1322, 168, 'szöveg', 81),
(1323, 327, 'szöveg', 159),
(1324, 324, 'szöveg', 175),
(1325, 220, 'zene', 176),
(1326, 277, 'szöveg', 193),
(1327, 216, 'zene', 82),
(1328, 192, 'szöveg', 106),
(1329, 345, 'zene', 48),
(1330, 165, 'zene', 37),
(1331, 370, 'szöveg', 106),
(1332, 378, 'zene', 211),
(1333, 403, 'szöveg', 47),
(1334, 358, 'zene', 58),
(1335, 99, 'zene', 60),
(1336, 159, 'zene', 197),
(1337, 120, 'szöveg', 240),
(1338, 274, 'szöveg', 181),
(1339, 276, 'szöveg', 245),
(1340, 204, 'szöveg', 134),
(1341, 405, 'szöveg', 189),
(1342, 112, 'szöveg', 145),
(1343, 302, 'fordítás', 76),
(1344, 102, 'szöveg', 47),
(1345, 80, 'szöveg', 81),
(1346, 160, 'szöveg', 106),
(1347, 63, 'szöveg', 235),
(1348, 272, 'szöveg', 170),
(1349, 142, 'szöveg', 160),
(1350, 294, 'szöveg', 54),
(1351, 217, 'zene', 45),
(1352, 390, 'zene', 60),
(1353, 306, 'szöveg', 106),
(1354, 393, 'szöveg', 81),
(1355, 330, 'szöveg', 73),
(1356, 405, 'fordítás', 145),
(1357, 34, 'szöveg', 106),
(1358, 164, 'zene', 211),
(1359, 231, 'zene', 2),
(1360, 63, 'zene', 187),
(1361, 283, 'szöveg', 156),
(1362, 79, 'zene', 165),
(1363, 305, 'zene', 60),
(1364, 48, 'zene', 168),
(1365, 316, 'zene', 258),
(1366, 273, 'zene', 60),
(1367, 22, 'fordítás', 245),
(1368, 369, 'zene', 81),
(1369, 5, 'szöveg', 47),
(1370, 250, 'szöveg', 153),
(1371, 34, 'zene', 48),
(1372, 244, 'szöveg', 7),
(1373, 330, 'szöveg', 170),
(1374, 154, 'szöveg', 196),
(1375, 361, 'szöveg', 153),
(1376, 346, 'zene', 69),
(1377, 180, 'szöveg', 78),
(1378, 172, 'szöveg', 118),
(1379, 310, 'szöveg', 258),
(1380, 18, 'szöveg', 4),
(1381, 174, 'zene', 164),
(1382, 19, 'zene', 39),
(1383, 7, 'szöveg', 59),
(1384, 365, 'zene', 247),
(1385, 259, 'szöveg', 153),
(1386, 381, 'zene', 81),
(1387, 302, 'zene', 2),
(1388, 52, 'szöveg', 44),
(1389, 9, 'szöveg', 19),
(1390, 307, 'zene', 232),
(1391, 88, 'szöveg', 73),
(1392, 27, 'zene', 177),
(1393, 54, 'fordítás', 7),
(1394, 289, 'zene', 99),
(1395, 244, 'zene', 210),
(1396, 408, 'szöveg', 153),
(1397, 101, 'szöveg', 52),
(1398, 314, 'zene', 232),
(1399, 387, 'zene', 39),
(1400, 83, 'zene', 154),
(1401, 295, 'szöveg', 33),
(1402, 203, 'szöveg', 61),
(1403, 149, 'szöveg', 202),
(1404, 116, 'szöveg', 4),
(1405, 308, 'fordítás', 56),
(1406, 346, 'szöveg', 55),
(1407, 108, 'fordítás', 245),
(1408, 228, 'szöveg', 71),
(1409, 12, 'zene', 48),
(1410, 59, 'zene', 13),
(1411, 227, 'szöveg', 184),
(1412, 335, 'zene', 247),
(1413, 398, 'szöveg', 249),
(1414, 401, 'zene', 211),
(1415, 330, 'fordítás', 47),
(1416, 82, 'szöveg', 119),
(1417, 45, 'szöveg', 221),
(1418, 312, 'zene', 83),
(1419, 353, 'zene', 247),
(1420, 303, 'szöveg', 118),
(1421, 245, 'zene', 39),
(1422, 50, 'zene', 69),
(1423, 237, 'zene', 82),
(1424, 148, 'szöveg', 47),
(1425, 124, 'szöveg', 77),
(1426, 372, 'szöveg', 122),
(1427, 143, 'zene', 192),
(1428, 104, 'zene', 220),
(1429, 219, 'fordítás', 145),
(1430, 328, 'szöveg', 44),
(1431, 3, 'zene', 57),
(1432, 72, 'szöveg', 67),
(1433, 330, 'zene', 211),
(1434, 163, 'szöveg', 121),
(1435, 267, 'fordítás', 84),
(1436, 164, 'fordítás', 7),
(1437, 341, 'zene', 48),
(1438, 200, 'zene', 45),
(1439, 162, 'zene', 195),
(1440, 408, 'zene', 153),
(1441, 352, 'szöveg', 93),
(1442, 145, 'szöveg', 106),
(1443, 339, 'zene', 101),
(1444, 60, 'zene', 232),
(1445, 30, 'szöveg', 81),
(1446, 116, 'zene', 211),
(1447, 332, 'szöveg', 173),
(1448, 193, 'szöveg', 118),
(1449, 281, 'szöveg', 68),
(1450, 142, 'szöveg', 118),
(1451, 372, 'zene', 48),
(1452, 10, 'szöveg', 81),
(1453, 141, 'szöveg', 125),
(1454, 269, 'szöveg', 266),
(1455, 61, 'szöveg', 196),
(1456, 169, 'zene', 211),
(1457, 49, 'szöveg', 44),
(1458, 189, 'zene', 82),
(1459, 158, 'zene', 39),
(1460, 58, 'szöveg', 106),
(1461, 404, 'szöveg', 157),
(1462, 272, 'zene', 211),
(1463, 357, 'szöveg', 61),
(1464, 199, 'zene', 197),
(1465, 179, 'zene', 177),
(1466, 188, 'szöveg', 243),
(1467, 86, 'szöveg', 196),
(1468, 387, 'fordítás', 40),
(1469, 124, 'szöveg', 252),
(1470, 228, 'fordítás', 7),
(1471, 191, 'szöveg', 1),
(1472, 252, 'zene', 164),
(1473, 311, 'szöveg', 76),
(1474, 278, 'zene', 153),
(1475, 226, 'fordítás', 11),
(1476, 348, 'zene', 176),
(1477, 317, 'zene', 197),
(1478, 249, 'fordítás', 145),
(1479, 69, 'zene', 48),
(1480, 116, 'szöveg', 113),
(1481, 110, 'zene', 247),
(1482, 59, 'szöveg', 239),
(1483, 398, 'zene', 197),
(1484, 120, 'szöveg', 118),
(1485, 249, 'zene', 211),
(1486, 150, 'zene', 82),
(1487, 115, 'fordítás', 245),
(1488, 53, 'zene', 168),
(1489, 106, 'zene', 187),
(1490, 259, 'zene', 153),
(1491, 122, 'zene', 232),
(1492, 369, 'szöveg', 81),
(1493, 352, 'zene', 199),
(1494, 325, 'fordítás', 56),
(1495, 207, 'szöveg', 118),
(1496, 400, 'szöveg', 254),
(1497, 28, 'szöveg', 71),
(1498, 95, 'szöveg', 81),
(1499, 314, 'szöveg', 171),
(1500, 254, 'szöveg', 174),
(1501, 36, 'szöveg', 224),
(1502, 389, 'szöveg', 196),
(1503, 241, 'szöveg', 55),
(1504, 28, 'szöveg', 125),
(1505, 101, 'szöveg', 196),
(1506, 357, 'zene', 39),
(1507, 252, 'szöveg', 54),
(1508, 371, 'zene', 210),
(1509, 75, 'zene', 60),
(1510, 347, 'zene', 154),
(1511, 403, 'zene', 50),
(1512, 313, 'szöveg', 179),
(1513, 240, 'zene', 82),
(1514, 140, 'szöveg', 153),
(1515, 333, 'szöveg', 125),
(1516, 252, 'szöveg', 145),
(1517, 313, 'zene', 258),
(1518, 285, 'szöveg', 172),
(1519, 186, 'zene', 16),
(1520, 167, 'szöveg', 215),
(1521, 140, 'zene', 153),
(1522, 165, 'szöveg', 106),
(1523, 164, 'szöveg', 150),
(1524, 65, 'zene', 48),
(1525, 283, 'zene', 192),
(1526, 9, 'zene', 154),
(1527, 24, 'szöveg', 149),
(1528, 289, 'szöveg', 5),
(1529, 177, 'zene', 82),
(1530, 260, 'szöveg', 47),
(1531, 135, 'szöveg', 118),
(1532, 286, 'szöveg', 22),
(1533, 21, 'szöveg', 72),
(1534, 59, 'szöveg', 144),
(1535, 119, 'zene', 48),
(1536, 232, 'szöveg', 266),
(1537, 375, 'szöveg', 160),
(1538, 1, 'szöveg', 196),
(1539, 14, 'szöveg', 118),
(1540, 79, 'szöveg', 165),
(1541, 307, 'szöveg', 249),
(1542, 192, 'zene', 23),
(1543, 128, 'szöveg', 160),
(1544, 181, 'szöveg', 160),
(1545, 248, 'zene', 232),
(1546, 253, 'zene', 69),
(1547, 317, 'szöveg', 126),
(1548, 222, 'zene', 164),
(1549, 143, 'szöveg', 160),
(1550, 18, 'szöveg', 266),
(1551, 387, 'szöveg', 115),
(1552, 264, 'szöveg', 44),
(1553, 412, 'zene', 69),
(1554, 4, 'szöveg', 219),
(1555, 80, 'zene', 81),
(1556, 248, 'szöveg', 184),
(1557, 401, 'fordítás', 100),
(1558, 343, 'szöveg', 7),
(1559, 39, 'fordítás', 171),
(1560, 340, 'zene', 143);






INSERT INTO `mu` (`id`, `cim`, `eredeti`, `szinhaz`, `ev`, `felvonas`, `kep`) VALUES
(1, 'A régi orfeum', '', 'Fővárosi Operettszínház', 1932, 3, 0),
(2, 'A tengerszem tündére', '', 'Magyar Színház', 1906, 3, 0),
(3, 'Eleven ördög', '', 'Népszínház', 1885, 3, 0),
(4, 'Felsőbb asszonyok', '', 'Népszínház', 1904, 3, 0),
(5, 'Itt a macska', '', '', 1922, 0, 0),
(6, 'Szentgalleni kaland', '', 'Kaposvár', 1909, 3, 0),
(7, 'Nápolyi kaland', '', 'Fővárosi Operettszínház', 1934, 3, 0),
(8, 'Nászutazás a kaszárnyában', '', 'Budai Nyári Színkör', 1905, 3, 0),
(9, 'Csodatükör', '', 'Fővárosi Operettszínház', 1941, 3, 0),
(10, 'Pünkösdi rózsa', '', 'Revü Színház', 1920, 3, 0),
(11, 'Gernyóhidi lakodalom', '', 'Óbudai Kisfaludy Színház', 1929, 3, 0),
(12, 'Macskazene', '', 'Szeged', 1937, 3, 0),
(13, 'A muzsikus leány', '', 'Budai Nyári Színkör', 1911, 3, 0),
(14, 'Zsiványkirály', '', 'Royal Orfeum', 1927, 3, 0),
(15, 'Leányka', '', 'Népszínház', 1906, 3, 0),
(16, 'Csak azért is', '', '', 1934, 0, 0),
(17, 'Meluzina', '', 'Városi Színház', 1930, 3, 0),
(18, 'Frasquita', '', 'Városi Színház', 1925, 3, 0),
(19, 'A kis király', '', 'Népopera', 1914, 3, 0),
(20, 'A kis kadét', '', 'Budai Nyári Színkör', 1921, 3, 0),
(21, 'A királyné papucsa', '', '', 1926, 0, 0),
(22, 'Apukám ', 'Clo-Clo', 'Fővárosi Operettszínház', 1924, 3, 0),
(23, 'Az anarchista kisasszony', '', 'Budai Nyári Színkör', 1910, 3, 0),
(24, 'A púpos Boldizsár', '', 'Magyar Színház', 1922, 3, 0),
(25, 'Narancsvirág', '', 'Király Színház', 1910, 1, 0),
(26, 'A tökéletes asszony', '', 'Budai Nyári Színkör', 1914, 3, 0),
(27, 'Olívia hercegnő', '', 'Fővárosi Operettszínház', 1922, 3, 0),
(28, 'Tökéletes feleség ', 'Die ideale Gattin', 'Király Színház', 1913, 3, 0),
(29, 'Gólyaszanatórium', '', 'Markus Park Színház', 1937, 3, 0),
(30, 'Kaszárnya áristom', '', 'Andrássy-úti Színház', 1929, 3, 0),
(31, 'Bécsi tavasz', '', 'Városi Színház', 1935, 3, 0),
(32, 'Falu végén kurta kocsma', '', 'Bethlen-téri Színház', 1931, 3, 0),
(33, 'Első emelet 7.', '', '', 1943, 0, 0),
(34, 'Zsákbamacska', '', 'Pesti Színház', 1932, 3, 0),
(35, 'Nemtudomka', '', 'Király Színház', 1914, 3, 0),
(36, 'Mária', '', 'Magyar Királyi Operaház', 1905, 3, 0),
(37, 'A víg özvegy ', 'Die lustige Witwe', 'Magyar Színház', 1906, 3, 0),
(38, 'Becskereki menyecske', '', 'Erzsébetvárosi Színház', 1941, 3, 0),
(39, 'Az erdészleány ', 'Förster Christl', 'Városligeti Színkör', 1909, 3, 0),
(40, 'Marica grófnő ', 'Grafin Mariza', 'Király Színház', 1924, 3, 0),
(41, 'Csodahajó', '', '', 1937, 0, 0),
(42, 'Vondergold kisassszony', '', 'Városi Színház', 1917, 3, 0),
(43, 'Ballag már a vén diák', '', 'Óbudai Kisfaludy Színház', 1929, 3, 0),
(44, 'Sárgarigófészek', '', 'Erzsébetvárosi Színház', 1940, 3, 0),
(45, 'Viki', '', 'Magyar Színház', 1935, 3, 0),
(46, 'Nem leszek hálátlan', '', 'Andrássy-úti Színház', 1938, 3, 0),
(47, 'Kék Duna', '', 'Király Színház', 1933, 3, 0),
(48, 'Katica', '', 'Óbudai Kisfaludy Színház', 1930, 3, 0),
(49, 'Fehérvári huszárok', '', 'Budai Nyári Színkör', 1933, 3, 6),
(50, 'Mézeskalács', '', 'Király Színház', 1923, 3, 0),
(51, 'Az ártatlan özvegy', '', 'Városi Színház', 1925, 3, 0),
(52, 'Szabad a csók', '', 'Városi Színház', 1934, 3, 0),
(53, 'Tisztelt ház', '', '', 1934, 0, 0),
(54, 'Bál a Savoyban', '', 'Magyar Színház', 1933, 3, 0),
(55, 'Miámi', '', 'Fővárosi Operettszínház', 1925, 3, 0),
(56, 'Rigó Jancsi', '', 'Fővárosi Operettszínház', 1947, 3, 0),
(57, 'Kávéházi Konrád', '', 'Budai Nyári Színkör', 1915, 3, 0),
(58, '3:1 a szerelem javára', '', 'Royal Színház', 1936, 2, 0),
(59, 'Egy férj, két feleség', '', 'Budai Nyári Színkör', 1917, 3, 0),
(60, 'Mézeshetek', '', 'Népszínház', 1901, 3, 0),
(61, 'Éjféli tangó', '', 'Király Színház', 1932, 3, 7),
(62, 'Donna Anna', '', '', 1920, 0, 0),
(63, 'A rátartós királykisasszony', '', '', 1904, 3, 0),
(64, 'Ma éjjel szabad vagyok', '', 'Andrássy-úti Színház', 1934, 3, 0),
(65, 'Fiatalság-bolondság', '', 'Fővárosi Operettszínház', 1940, 3, 0),
(66, 'Egy görbe éjszaka', '', 'Budai Nyári Színkör', 1934, 3, 0),
(67, 'A harang', '', 'Király Színház', 1907, 3, 0),
(68, 'A csodavászon', '', 'Népopera', 1913, 3, 0),
(69, 'Mesebeszéd', '', 'Vígszínház', 1944, 3, 0),
(70, 'Külteleki hercegnő', '', 'Népszínház', 1905, 3, 0),
(71, 'Vilmos huszárok', '', 'Király Színház', 1914, 3, 0),
(72, 'Pista!', '', 'Óbudai Kisfaludy Színház', 1921, 3, 0),
(73, 'Mesék az írógépről', '', 'Városi Színház', 1927, 3, 0),
(74, 'Májusi muzsika', '', 'Renaissance Színház', 1925, 3, 0),
(75, 'A portugál', '', 'Magyar Színház', 1905, 3, 0),
(76, 'A granadai vőlegény', '', 'Népszínház', 1905, 3, 0),
(77, 'Árvácska', '', 'Budai Színkör', 1924, 3, 0),
(78, 'Zöld bárány', '', 'Magyar Színház', 1931, 3, 8),
(79, 'Kis alamuszi', '', 'Népszínház', 1894, 3, 0),
(80, 'Gyurkovics fiúk', '', 'Városi Színház', 1928, 4, 6),
(81, 'Szökik az asszony', '', 'Budai Nyári Színkör', 1929, 3, 0),
(82, 'A csókszanatórium', '', 'Király Színház', 1912, 3, 0),
(83, 'Diákszerelem', '', 'Óbudai Kisfaludy Színház', 1927, 3, 0),
(84, 'A csúnya lány', '', 'Fővárosi Művész Színház', 1930, 3, 4),
(85, 'Fanny', '', 'Magyar Királyi Operaház', 1927, 4, 0),
(86, 'Csicsónénak három lánya', '', 'Fővárosi Operettszínház', 1946, 3, 0),
(87, 'Huszárkisasszony', '', 'Népszínház', 1903, 3, 0),
(88, 'A mosoly országa', '', 'Magyar Királyi Operaház', 1930, 3, 0),
(89, 'Szakítani nehéz dolog', '', 'Magyar Színház', 1936, 3, 0),
(90, 'Az utolsó verebély lány', '', 'Fővárosi Operettszínház', 1928, 3, 0),
(91, 'Bolond Istók', '', 'Városi Színház', 1922, 3, 0),
(92, 'Senki', '', 'Népszínház', 1903, 0, 0),
(93, 'Ki a Tisza vizét issza', '', 'Óbudai Kisfaludy Színház', 1926, 3, 0),
(94, 'Katicabogár', '', 'Blaha Lujza Színház', 1924, 3, 0),
(95, 'Repülj fecském', '', 'Király Színház', 1927, 3, 0),
(96, 'Kitty és Kató', '', 'Király Színház', 1926, 3, 0),
(97, 'Gyergyói bál', '', 'Magyar Színház', 1941, 3, 0),
(98, 'A dorozsmai szélmalom', '', 'Budai Nyári Színkör', 1934, 3, 5),
(99, 'Csókkirály', '', '', 1898, 3, 0),
(100, 'Csikágói Hercegnő ', 'Die Herzogin von Chicago', 'Király Színház', 1928, 3, 0),
(101, 'Az okos mama', '', 'Király Színház', 1930, 3, 0),
(102, 'Fehér orchideák', '', 'Óbudai Kisfaludy Színház', 1931, 3, 0),
(103, 'Erzsébet', '', 'Magyar Színház', 1939, 3, 0),
(104, 'Bál a pusztán', '', 'Óbudai Kisfaludy Színház', 1929, 3, 0),
(105, 'A kis gróf', '', 'Király Színház', 1911, 3, 0),
(106, 'Jánoska', '', 'Király Színház', 1909, 3, 0),
(107, 'Vőlegényem a gazember', '', 'Budai Nyári Színkör', 1932, 3, 6),
(108, 'A bajadér', '', 'Király Színház', 1922, 3, 0),
(109, 'Menyasszonyháború', '', 'Városi Színház', 1923, 3, 0),
(110, 'A fekete lány', '', 'Városi Színház', 1932, 3, 0),
(111, 'Blaháné', '', 'Budapesti Színház', 1926, 3, 0),
(112, 'A sárga dominó', '', 'Népszínház', 1907, 3, 0),
(113, 'A nótás kapitány', '', 'Fővárosi Operettszínház', 1924, 3, 0),
(114, 'Zsuzsi kisasszony', '', 'Vígszínház', 1915, 3, 0),
(115, 'A tangókirálynő ', 'Die Tangokönigin', 'Budai Nyári Színkör', 1923, 0, 0),
(116, 'A cárevics ', 'Der Zarewitsch', 'Városi Színház', 1928, 3, 0),
(117, 'Nyitott ablak', '', 'Fővárosi Operettszínház', 1932, 3, 0),
(118, 'Mintha álom volna', '', 'Budai Nyári Színkör', 1923, 3, 0),
(119, 'Meseáruház', '', 'Vígszínház/Fővárosi Operettszínház', 1936, 3, 0),
(120, 'Antoinette', '', 'Művész Színház', 1937, 3, 0),
(121, 'Egy vidám éjszaka', '', 'Magyar Színház', 1937, 3, 0),
(122, 'Lavotta szerelme', '', 'Városligeti Színkör', 1917, 3, 0),
(123, 'Cigányszerelem ', 'Zigeunerliebe', 'Király Színház', 1910, 3, 0),
(124, 'A papucs', '', 'Pesti Színház', 1933, 3, 0),
(125, 'Miss Amerika', '', 'Fővárosi Operettszínház', 1929, 3, 0),
(126, 'Huszárfogás', '', 'Fővárosi Operettszínház', 1930, 3, 0),
(127, 'Túl a nagy krivánon', '', 'Budai Nyári Színkör', 1918, 3, 0),
(128, 'Alexandra', '', 'Király Színház', 1925, 3, 0),
(129, 'Csókos regiment', '', 'Óbudai Kisfaludy Színház', 1931, 3, 4),
(130, 'Aranyfácán', '', '', 1917, 0, 0),
(131, 'Csöpi', '', '', 1941, 0, 0),
(132, 'Paganini', '', 'Városi Színház', 1926, 3, 0),
(133, 'Naftalin', '', 'Vígszínház', 1908, 3, 0),
(134, 'A 28-as hordár', '', 'Óbudai Kisfaludy Színház', 1930, 3, 0),
(135, 'Aranymadár', '', 'Royal Orfeum', 1922, 1, 0),
(136, 'Kis primadonna', '', 'Pécs', 0, 3, 0),
(137, 'A cirkusz csillaga', '', 'Vígszínház', 1934, 3, 0),
(138, 'A kék postakocsi', '', 'Várszínház', 1923, 3, 0),
(139, 'Babatündér', '', 'Szatmár', 0, 3, 0),
(140, 'Az oroszlánvadász', '', 'Népszínház', 1897, 3, 0),
(141, 'Montmartrei Ibolya ', 'Das Veilchen von Montmartre', 'Király Színház', 1935, 3, 0),
(142, 'Pillangófőhadnagy', '', 'Király Színház', 1918, 3, 0),
(143, 'Hajtóvadászat', '', 'Városi Színház', 1926, 3, 0),
(144, 'A kis boszorkány', '', 'Budai Nyári Színkör', 1909, 3, 0),
(145, 'Ezüstmenyasszony', '', 'Royal Színház', 1935, 3, 0),
(146, 'A bolygó görög', '', 'Király Színház', 1905, 3, 0),
(147, 'A ballerina', '', 'Király Színház', 1931, 3, 5),
(148, 'Tessék beszállni', '', '', 1933, 0, 0),
(149, 'Kávé habbal', '', 'Royal Színház', 1938, 3, 0),
(150, 'Music Hall', '', 'Fővárosi Operettszínház', 1934, 3, 0),
(151, 'Pesti család', '', 'Király Színház', 1929, 3, 0),
(152, 'Százszorszép', '', 'Városi Színház', 1919, 3, 0),
(153, 'Az alvó feleség', '', 'Budapesti Színház', 1926, 3, 0),
(154, 'A Rotschildok', '', 'Fővárosi Operettszínház', 1932, 3, 0),
(155, 'Marion', '', 'Városi Színház', 1940, 3, 0),
(156, 'Szép asszony kocsisa', '', 'Blaha Lujza Színház', 1923, 3, 0),
(157, 'Luxemburg grófja ', 'Der Graf von Luxemburg', 'Király Színház', 1910, 3, 0),
(158, 'A cirkuszhercegnő ', 'Die Zirkusprincessin', 'Király Színház', 1926, 3, 0),
(159, 'Frine avagy a szépség diadala', '', 'Új Színház', 1919, 2, 0),
(160, 'Mária főhadnagy', '', 'Fővárosi Operettszínház', 1942, 3, 0),
(161, 'Délibáb', '', 'Budai Nyári Színkör', 1922, 3, 0),
(162, 'Rigó Jancsi hegedűje', '', 'Óbudai Kisfaludy Színház', 1927, 3, 0),
(163, 'Az első tavasz', '', 'Budai Nyári Színkör', 1930, 3, 0),
(164, 'Mulató istenek ', 'Der Göttergatte', 'Magyar Színház', 1905, 2, 0),
(165, 'Régi jó Budapest', '', 'Király Színház', 1925, 3, 0),
(166, 'Liliputi hercegnő', '', 'Magyar Színház', 1899, 3, 0),
(167, 'Őfelsége a mama', '', 'Magyar Színház', 1944, 3, 0),
(168, 'Hajnali csók', '', 'Városi Színház', 1931, 3, 0),
(169, 'A bécsi asszonyok ', 'Wiener Frauen', 'Városligeti Színkör', 1910, 0, 0),
(170, 'Tommy és társa', '', 'Király Színház', 1929, 0, 5),
(171, 'Feketeszem éjszakája', '', 'Óbudai Kisfaludy Színház', 1929, 3, 0),
(172, 'Vadvirág', '', 'Andrássy-úti Színház', 1934, 3, 0),
(173, 'Fehér hattyú', '', 'Városi Színház', 1938, 3, 0),
(174, 'A legkisebbik Horváth lány', '', 'Király Színház', 1927, 3, 0),
(175, 'A szerelem éjszakája', '', 'Óbudai Kisfaludy Színház', 1927, 3, 0),
(176, 'Babavásár', '', 'Király Színház', 1922, 3, 0),
(177, 'Mimi', '', 'Royal Színház', 1935, 3, 0),
(178, 'Fifine', '', 'Magyar Színház', 1902, 3, 0),
(179, 'Hamupipőke', '', 'Magyar Királyi Operaház', 1912, 3, 0),
(180, 'Félórás feleség', '', 'Király Színház', 1934, 3, 5),
(181, 'Szibill', '', 'Király Színház', 1914, 3, 0),
(182, 'Fityfiritty', '', 'Fővárosi Operettszínház', 1941, 3, 0),
(183, 'A mozikirály ', 'Filmzauber', 'Király Színház', 1913, 3, 0),
(184, 'Miss ismeretlen', '', 'Király Színház', 1932, 3, 0),
(185, 'Hercegkisasszony ', 'Das Fürstenkind', 'Magyar Királyi Operaház', 1910, 3, 0),
(186, 'Asszonykám', '', 'Városi Színház', 1926, 3, 0),
(187, 'Mit susog a fehér akác?', '', 'Budai Nyári Színkör', 1929, 3, 0),
(188, 'Három huszár', '', 'Fővárosi Operettszínház', 1940, 3, 0),
(189, 'Maya', '', 'Fővárosi Operettszínház', 1931, 3, 0),
(190, 'Az aranypók', '', 'Andrássy-úti Színház', 1927, 3, 0),
(191, 'Éva', '', 'Király Színház', 1912, 3, 0),
(192, 'Levendula a szerelem virága', '', 'Várszínház', 1923, 3, 0),
(193, 'Fogadjunk!', '', 'Budai Nyári Színkör', 1916, 3, 0),
(194, 'A két kapitány', '', 'Erzsébetvárosi Színház', 1943, 3, 0),
(195, 'Rózsika lelkem', '', 'Budai Nyári Színkör', 1920, 3, 0),
(196, 'Aki mer, az nyer ', '', 'Budai Nyári Színkör', 1935, 3, 7),
(197, 'Lehullott a rezgőnyárfa', '', 'Budai Nyári Színkör', 1930, 3, 0),
(198, 'Debrecenbe kéne menni', '', 'Budai Nyári Színkör', 1920, 3, 0),
(199, 'A néma asszony', '', '', 1918, 0, 0),
(200, 'Eső után köpönyeg', '', 'Andrássy-úti Színház', 1936, 3, 0),
(201, 'Tüskerózsa', '', 'Király Színház', 1907, 3, 0),
(202, 'A meztelen Pest', '', 'Budapesti Színház', 1925, 0, 12),
(203, 'Kék mazúr ', 'Die blaue Mazur', 'Király Színház', 1921, 3, 0),
(204, 'Királyfogás', '', '', 1886, 3, 0),
(205, 'Sült galamb', '', 'Király Színház', 1933, 3, 0),
(206, 'Csuda Mihály szerencséje', '', 'Magyar Színház', 1926, 3, 0),
(207, 'Postás Katica', '', 'Blaha Lujza Színház', 1924, 4, 0),
(208, 'Négy a kislány', '', 'Budai Nyári Színkör', 1916, 3, 0),
(209, 'Hollandi menyecske ', 'Das Hollandweibchen', 'Király Színház', 1921, 3, 0),
(210, 'Aranyeső', '', 'Népopera', 1913, 3, 0),
(211, 'Mágnás Miska', '', 'Király Színház', 1916, 3, 0),
(212, 'Enyém az első csók', '', 'Andrássy-úti Színház', 1928, 3, 0),
(213, 'Mátyás király szerelme', '', 'Várszínház', 1921, 3, 0),
(214, 'A papa lánya ', '', 'Népszínház', 1906, 3, 0),
(215, 'Csipetke', '', 'Fővárosi Operettszínház', 1933, 3, 0),
(216, 'Vén diófa', '', 'Magyar Színház', 1942, 3, 7),
(217, 'Sárga liliom ', 'Die gelbe Lili', 'Fővárosi Operettszínház', 1934, 3, 0),
(218, 'Muskátli hercegnő ', 'Óh régi szép Tabán!', 'Óbudai Kisfaludy Színház', 1927, 3, 0),
(219, 'Marci', '', 'Budai Színkör', 1916, 3, 0),
(220, 'Két Hippolit', '', 'Népszínház', 1905, 3, 0),
(221, 'Don Quijote', '', 'Nagyvárad', 1909, 3, 0),
(222, 'A nóta vége', '', 'Budai Nyári Színkör', 1925, 3, 0),
(223, 'A pesti ucca', '', 'Magyar Színház', 1900, 3, 0),
(224, 'Az ezüst sirály', '', 'Városi Színház', 1920, 3, 0),
(225, 'Dinasztia', '', 'Magyar Színház', 1938, 3, 20),
(226, 'Lord Piccolo', '', 'Budai Nyári Színkör', 1911, 3, 0),
(227, 'Szép Ilonka', '', 'Király Színház', 1906, 3, 0),
(228, 'Miciszláv', '', 'Király Színház', 1907, 1, 0),
(229, 'A palatinus rózsái', '', '', 0, 3, 6),
(230, 'Napfogyatkozás', '', 'Népszínház', 1900, 3, 0),
(231, 'Mese a Grand Hotelben', '', '', 1936, 3, 0),
(232, 'Végre egyedül ', 'Endlich allein', 'Király Színház', 1915, 3, 0),
(233, 'Tubicám', '', 'Győr, Kisfaludy Színház', 1913, 3, 0),
(234, 'A hetedik', '', 'Szeged', 1909, 3, 0),
(235, 'Pintyőke', '', 'Budai Nyári Színkör', 1924, 3, 0),
(236, 'A nőtlen férj', '', '', 1930, 0, 0),
(237, 'A királynő csókja', '', 'Fővárosi Operettszínház', 1943, 3, 0),
(238, 'Jogot a nőknek', '', 'Budapesti Színház', 1918, 3, 0),
(239, 'Amikor a kislányból nagylány lesz', '', 'Budai Nyári Színkör', 1932, 3, 5),
(240, 'Egy boldog pesti nyár', '', 'Fővárosi Operettszínház', 1943, 3, 0),
(241, 'A hajdúk hadnagya', '', 'Magyar Színház', 1904, 3, 0),
(242, 'Leányvásár', '', 'Király Színház', 1911, 3, 0),
(243, 'Manolita', '', 'Fővárosi Operettszínház', 1932, 3, 0),
(244, 'Léni néni', '', 'Magyar Színház', 1914, 3, 0),
(245, 'Tatárjárás', '', 'Vígszínház', 1908, 3, 0),
(246, 'Mariora', '', '', 0, 3, 0),
(247, 'Eltörött a hegedűm', '', 'Király Színház', 1928, 3, 0),
(248, 'A századik menyasszony', '', 'Budai Nyári Színkör', 1907, 3, 0),
(249, 'Három feleség', '', 'Népszínház', 1908, 3, 0),
(250, 'Göre Gábor Budapesten', '', 'Király Színház', 1907, 3, 8),
(251, 'Van de nincs', '', 'Király Színház', 1908, 3, 0),
(252, 'Katonadolog', '', 'Népopera', 1913, 3, 0),
(253, 'Breton legenda', '', 'Andrássy-úti Színház', 1922, 1, 0),
(254, 'Rébusz báró', '', 'Király Színház', 1909, 3, 0),
(255, 'Az ezüstpille', '', 'Vígszínház', 1914, 3, 0),
(256, 'Balról a harmadik', '', 'Royal Orfeum', 1928, 3, 0),
(257, 'Párizsi divat', '', 'Városi Színház', 1928, 3, 0),
(258, 'Tabáni orgonák', '', 'Budai Nyári Színkör', 1934, 3, 5),
(259, 'Kleopatra', '', 'Magyar Színház', 1900, 3, 0),
(260, 'Napkelet rózsája', '', '', 0, 3, 0),
(261, 'Boris király', '', 'Király Színház', 1904, 3, 0),
(262, 'Boronkay lányok', '', 'Magyar Színház', 1942, 3, 7),
(263, 'A rikkancs', '', 'Magyar Színház', 1904, 3, 0),
(264, 'Hazudik a muzsikaszó', '', 'Budai Nyári Színkör', 1922, 3, 0),
(265, 'Csibészkirály', '', 'Király Színház', 1907, 3, 0),
(266, 'Limonádé ezredes', '', 'Király Színház', 1912, 3, 0),
(267, 'A három grácia', '', 'Fővárosi Operettszínház', 1923, 3, 0),
(268, 'Délibáb hercege', '', 'Blaha Lujza Színház', 1921, 3, 0),
(269, 'Farsang tündére ', 'Die Faschingsfee', 'Király Színház', 1919, 3, 0),
(270, 'Ibusz kisasszony', '', 'Budai Nyári Színkör', 1932, 3, 4),
(271, 'Fekete Péter', '', 'Vígszínház', 1943, 3, 0),
(272, 'A csillagok bolondja ', 'Der Sterngucker', 'Népopera', 1916, 3, 0),
(273, 'Karikagyűrű', '', 'Király Színház', 1915, 3, 0),
(274, 'Grand Café', '', 'Fővárosi Operettszínház', 1935, 3, 0),
(275, 'Sztrájkol a gólya', '', 'Vígszínház', 1913, 3, 0),
(276, 'A gárdista', '', 'Városi Színház', 1923, 3, 0),
(277, 'Zenebona', '', 'Fővárosi Operettszínház', 1928, 3, 0),
(278, 'Menyecskék', '', 'Népszínház', 1903, 3, 0),
(279, 'Férjhez ment a feleségem', '', 'Eskü Téri Színház', 1921, 3, 0),
(280, 'Cserebogár, sárga cserebogár', '', 'Óbudai Kisfaludy Színház', 1931, 3, 0),
(281, 'Délibáb', '', 'Szeged', 1911, 3, 0),
(282, 'Erdélyi diákok', '', 'Budai Nyári Színkör', 1929, 0, 0),
(283, 'Lili bárónő', '', 'Városi Színház', 1919, 2, 0),
(284, 'Az idegen menyasszony', '', 'Budai Nyári Színkör', 1922, 3, 0),
(285, 'A bús özvegy', '', 'Városligeti Színkör', 1907, 3, 0),
(286, 'Budapest szépe', '', 'Budai Nyári Színkör', 1901, 0, 6),
(287, 'Éva grófnő', '', 'Király Színház', 1928, 3, 0),
(288, 'Niobe', '', 'Népszínház', 1902, 3, 0),
(289, 'Gyönyvirág kisasszony', '', 'Budai Nyári Színkör', 1915, 3, 0),
(290, 'Kis kofa', '', 'Magyar Színház', 1903, 3, 0),
(291, 'Mókaházasság', '', 'Népszínház', 1906, 3, 0),
(292, 'Lila test, sárga sapka', '', 'Nyári Operettszínház', 1930, 3, 6),
(293, 'A csavargólány', '', '', 1936, 0, 0),
(294, 'Katalin', '', 'Budai Nyári Színkör', 1902, 3, 0),
(295, 'Hajrá Hollywood!', '', 'Király Színház', 1931, 3, 0),
(296, 'Tengerész Kató', '', 'Népopera', 1912, 3, 0),
(297, 'Weekend', '', 'Budai Nyári Színkör', 1932, 3, 7),
(298, 'A csókos asszony', '', 'Városi Színház', 1926, 3, 0),
(299, 'Kiss és kis', '', 'Városi Színház', 1927, 3, 0),
(300, 'Kutyuskám', '', 'Andrássy-úti Színház', 1919, 1, 0),
(301, 'Amerika lánya', '', 'Városi Színház', 1924, 3, 0),
(302, 'Hawai rózsája', '', 'Király Színház', 1932, 3, 0),
(303, 'Viktória', '', 'Király Színház', 1930, 3, 5),
(304, 'Csak tréfa', '', 'Magyar Színház', 1904, 3, 0),
(305, 'Lengyel legionárius', '', '', 1898, 0, 0),
(306, 'Én és a kisöcsém', '', 'Fővárosi Operettszínház', 1934, 3, 0),
(307, 'Casanova', '', 'Népszínház', 1902, 3, 0),
(308, 'Ördöglovas ', 'Der Feufelsreiter', 'Király Színház', 1934, 3, 0),
(309, 'Muzsikus Ferkó', '', 'Budai Nyári Színkör', 1926, 3, 0),
(310, 'Vannak még férfiak', '', 'Markus Park Színház', 1945, 3, 0),
(311, 'Júlia', '', 'Városi Színház', 1937, 3, 0),
(312, 'Csókprofesszor', '', 'Magyar Színház', 1931, 3, 5),
(313, 'A harapós férj', '', 'Fővárosi Operettszínház', 1931, 3, 0),
(314, 'Berger Zsiga', '', 'Városligeti Színkör', 1907, 3, 0),
(315, 'A császárnő apródja', '', 'Király Színház', 1925, 3, 0),
(316, 'Három a tánc', '', 'Király Színház', 1922, 3, 0),
(317, 'Krizantém', '', 'Városi Színház', 1924, 3, 0),
(318, 'Poldi', '', 'Király Színház', 1930, 3, 4),
(319, 'Kék orgonák', '', 'Belvárosi Színház', 1918, 1, 0),
(320, 'Cs.Sz.K. ', 'Csalódott Szerelmesek Klubja', 'Budai Nyári Színkör', 1931, 3, 5),
(321, 'Szeressen kedves!', '', 'Fővárosi Operettszínház', 1934, 3, 0),
(322, 'Tündérszerelem', '', 'Népszínház', 1907, 3, 0),
(323, 'A hölgy hozzám tartozik', '', 'Andrássy-úti Színház', 1938, 3, 0),
(324, 'A múmia', '', 'Magyar Színház', 1904, 3, 0),
(325, 'A fenséges asszony ', 'Eine Frau von Format', '', 0, 3, 0),
(326, 'A csikósbárónő', '', '', 0, 3, 0),
(327, 'Cigánykirály', '', 'Városi Színház', 1927, 3, 0),
(328, 'Zimberi-zombori szépasszony', '', 'Erzsébetvárosi Színház', 1939, 3, 0),
(329, 'Pacsirta', '', 'Király Színház', 1918, 3, 0),
(330, 'Szép a világ ', 'Schön ist die Welt', '', 0, 3, 0),
(331, 'A szegény ördög', '', 'Király Színház', 1934, 3, 0),
(332, 'A fekete huszár', '', 'Blaha Lujza Színház', 1924, 3, 0),
(333, 'Cigányprímás ', 'Der Zigeunerprimas', 'Király Színház', 1913, 3, 0),
(334, 'Hulló falevél', '', 'Városi Színház', 1936, 3, 0),
(335, 'Tánc a boldogságért', '', 'Budai Nyári Színkör', 1933, 3, 0),
(336, 'Kis császár', '', 'Népszínház', 1904, 3, 0),
(337, 'A hárem', '', 'Fővárosi Operettszínház', 1931, 3, 0),
(338, 'Jobb, mint otthon', '', 'Nyári Operettszínház', 1930, 3, 0),
(339, 'Dorottya', '', 'Szeged', 1929, 3, 0),
(340, 'Tiszavirág', '', 'Király Színház', 1915, 3, 0),
(341, 'XIV-ik René', '', 'Vígszínház', 1940, 3, 0),
(342, 'Gül baba', '', 'Király Színház', 1905, 3, 0),
(343, 'János vitéz', '', 'Király Színház', 1904, 0, 0),
(344, 'Halványsárga rózsa', '', 'Városi Színház', 1930, 3, 0),
(345, 'Tokaji aszu', '', 'Magyar Színház', 1940, 3, 0),
(346, 'Táncos huszárok', '', 'Király Színház', 1909, 3, 0),
(347, 'Tábornokné', '', 'Magyar Színház', 1943, 3, 9),
(348, 'Katinka grófnő', '', 'Népszínház', 1904, 3, 0),
(349, 'Szupécsárdás', '', 'Városi Színház', 1929, 3, 0),
(350, 'Bob herceg', '', 'Népszínház', 1902, 3, 0),
(351, 'A régi nyár', '', 'Budai Nyári Színkör', 1928, 3, 7),
(352, 'A szerelmes királynő ', 'Die verliebte Königin', '', 0, 3, 0),
(353, 'Asszonyok bolondja', '', 'Budai Nyári Színkör', 1923, 3, 0),
(354, 'Falusi kislány Pesten', '', 'Óbudai Kisfaludy Színház', 1929, 3, 9),
(355, 'Történnek még csodák', '', 'Magyar Színház', 1935, 3, 0),
(356, 'Az obsitos', '', 'Vígszínház', 1910, 3, 0),
(357, 'Csárdáskirálynő ', 'Die Csardasfürstin', 'Király Színház', 1916, 3, 0),
(358, 'Szépségkirálynő', '', 'Király Színház', 1935, 3, 0),
(359, 'Borcsa Amerikában', '', 'Óbudai Kisfaludy Színház', 1927, 3, 6),
(360, 'Tessék kiszállni', '', '', 1933, 0, 0),
(361, 'Szultán', '', 'Népszínház', 1892, 3, 0),
(362, 'Magyar rapszódia', '', 'Óbudai Kisfaludy Színház', 1929, 0, 4),
(363, 'Elssler Fanny', '', 'Király Színház', 1923, 3, 0),
(364, 'Sportlovagok', '', 'Fővárosi Nyári Színház', 1905, 3, 0),
(365, 'Őfelsége frakkja', '', 'Király Színház', 1931, 3, 0),
(366, 'A gróf úr', '', 'Újpest', 1924, 3, 0),
(367, 'A hamburgi menyasszony', '', 'Városi Színház', 1922, 3, 0),
(368, 'A drótostót ', 'Der Rastelbinder', 'Magyar Színház', 1903, 2, 0),
(369, 'Iglódi diákok', '', 'Kolozsvár', 1907, 3, 0),
(370, 'A kék lámpás', '', 'Király Színház', 1933, 3, 3),
(371, 'Annabál', '', 'Király Színház', 1925, 3, 0),
(372, 'Leány a talpán', '', 'Royal Színház', 1942, 3, 0),
(373, 'Mexikói leány', '', 'Király Színház', 1912, 3, 0),
(374, 'Vedd le a kalapod a honvéd előtt', '', '', 1942, 0, 0),
(375, 'Aranyvirág', '', 'Király Színház', 1903, 3, 0),
(376, 'Sárgapitykés közlegény', '', '', 1937, 0, 0),
(377, 'A falusi madonna', '', 'Király Színház', 1907, 3, 0),
(378, 'A sárga kabát ', 'Die gelbe Jacke', 'Király Színház', 1923, 3, 0),
(379, 'Mary Ann', '', 'Király Színház', 1908, 3, 0),
(380, 'Cigánygrófné', '', 'Király Színház', 1920, 3, 0),
(381, 'A királyné rózsája', '', 'Király Színház', 1926, 3, 0),
(382, 'Egy csók és más semmi', '', 'Magyar Színház', 1933, 3, 0),
(383, 'Alvinici huszárok', '', 'Király Színház', 1930, 3, 5),
(384, 'Sisters', '', 'Belvárosi Színház', 1929, 3, 9),
(385, 'A ferencvárosi angyal', '', 'Royal Orfeum', 1911, 3, 0),
(386, 'Tilos a csók', '', 'Király Színház', 1909, 3, 0),
(387, 'Joséphine császárné ', 'Kaiserin Joséphine', 'Városi Színház', 1937, 3, 0),
(388, 'A kislány', '', 'Revüszínház', 1920, 3, 0),
(389, 'Pusztai szerenád', '', 'Fővárosi Operettszínház', 1939, 3, 0),
(390, 'A sziámi herceg', '', 'Budai Nyári Színkör', 1910, 3, 0),
(391, 'A kék álarc', '', 'Budai Nyári Színkör', 1923, 3, 0),
(392, 'Az ördög nem alszik', '', 'Magyar Színház', 1940, 3, 0),
(393, 'Amit a lányok akarnak', '', 'Király Színház', 1932, 2, 11),
(394, 'Csókos asszony ', 'Clary-Clara', 'Eskü Téri Színház', 1921, 3, 0),
(395, 'Masinka', '', 'Népszínház', 1903, 3, 0),
(396, 'Virágcsata', '', 'Népszínház', 1894, 3, 0),
(397, 'A tánckirály', '', 'Budai Nyári Színkör', 1921, 3, 0),
(398, 'Offenbach', '', 'Király Színház', 1920, 3, 0),
(399, 'A legvitézebb huszár', '', 'Magyar Színház', 1905, 3, 0),
(400, 'Mesebeli herceg', '', 'Budai Nyári Színkör', 1924, 3, 0),
(401, 'Pesti nők ', 'Wiener Damen', 'Budai Nyári Színkör', 1903, 3, 0),
(402, 'Csárdás', '', 'Budai Nyári Színkör', 1936, 3, 10),
(403, 'A bakter', '', 'Kolozsvár', 1904, 1, 0),
(404, 'Fecskék', '', 'Király Színház', 1904, 3, 0),
(405, 'Az aranyhalacska', '', 'Nagyvárad', 1909, 3, 0),
(406, 'Aranyhattyú', '', 'Király Színház', 1927, 3, 0),
(407, 'A bajusz', '', 'Magyar Színház', 1903, 3, 0),
(408, 'Doktorkisasszonyok', '', 'Magyar Színház', 1903, 3, 0),
(409, 'Egyiptom gyöngye', '', 'Magyar Színház', 1899, 3, 0),
(410, 'Rézi', '', 'Népszínház', 1904, 3, 0),
(411, 'Angóramacska', '', 'Vígszínház', 1940, 3, 0),
(412, 'Gróf Rinaldo', '', 'Király Színház', 1918, 3, 0);

