INSERT INTO `foglalkozas` (`azon`, `szemaz`, `fognev`) VALUES
(1, 1, 'író'),
(2, 1, 'költő'),
(3, 2, 'színész'),
(4, 3, 'színész'),
(5, 4, 'bányamérnök'),
(6, 5, 'gépészmérnök'),
(7, 6, 'vegyészmérnök'),
(8, 7, 'vájár'),
(9, 7, 'politikus'),
(10, 8, 'matematikus'),
(11, 9, 'orvos'),
(12, 9, 'mikrobiológus'),
(13, 10, 'színész'),
(14, 11, 'vájár'),
(15, 12, 'villamosmérnök'),
(16, 13, 'agrármérnök'),
(17, 13, 'pedagógus'),
(18, 14, 'zenekar'),
(19, 15, 'pedagógus'),
(20, 16, 'gépmunkás'),
(21, 17, 'politikus'),
(22, 17, 'történész'),
(23, 18, 'színész'),
(24, 19, 'állattenyésztő'),
(25, 20, 'szobrász'),
(26, 21, 'színész'),
(27, 21, 'rendező'),
(28, 22, 'vegyészmérnök'),
(29, 22, 'talajvegyész'),
(30, 23, 'előadóművész'),
(31, 23, 'színházigazgató'),
(32, 24, 'színész'),
(33, 24, 'rendező'),
(34, 25, 'színész'),
(35, 25, 'főiskolai tanár'),
(36, 26, 'zoológus'),
(37, 27, 'fizikus'),
(38, 28, 'zeneszerző'),
(39, 28, 'karmester'),
(40, 29, 'rendező'),
(41, 29, 'színházigazgató'),
(42, 30, 'író'),
(43, 30, 'költő'),
(44, 30, 'műfordító'),
(45, 31, 'színházi'),
(46, 31, 'rendező'),
(47, 32, 'sebész-urológus'),
(48, 32, 'egészségügyi miniszter'),
(49, 33, 'építész'),
(50, 33, 'műemlékvédelmi szakmérnök'),
(51, 34, 'filmrendező'),
(52, 35, 'színész'),
(53, 36, 'festő'),
(54, 36, 'főiskolai tanár'),
(55, 37, 'kertészmérnök'),
(56, 38, 'zeneszerző'),
(57, 38, 'főiskolai tanár'),
(58, 39, 'író'),
(59, 39, 'költő'),
(60, 39, 'filmesztéta'),
(61, 40, 'fonónő'),
(62, 41, 'színész'),
(63, 42, 'fotóművész'),
(64, 43, 'gazdasági vezető'),
(65, 44, 'tsz-elnök'),
(66, 45, 'talajvegyész'),
(67, 46, 'orvos'),
(68, 47, 'zoológus'),
(69, 48, 'pedagógus'),
(70, 49, 'gordonkaművész'),
(71, 50, 'biokémikus'),
(72, 51, 'földműves'),
(73, 52, 'előadóművész'),
(74, 53, 'színész'),
(75, 54, 'színész'),
(76, 55, 'író'),
(77, 56, 'üzemmérnök'),
(78, 57, 'grafikus'),
(79, 58, 'vasesztergályos'),
(80, 59, 'festő'),
(81, 59, 'grafikus'),
(82, 60, 'költő'),
(83, 60, 'műfordító'),
(84, 60, 'grafikus'),
(85, 61, 'színész'),
(86, 62, 'növénynemesítő'),
(87, 63, 'villamosmérnök'),
(88, 64, 'építészmérnök'),
(89, 65, 'író'),
(90, 66, 'festő'),
(91, 66, 'grafikus'),
(92, 67, 'zeneszerző'),
(93, 67, 'zongoraművész'),
(94, 68, 'zenekar'),
(95, 69, 'színész'),
(96, 70, 'fizikus'),
(97, 70, 'pedagógus'),
(98, 71, 'vasesztergályos'),
(99, 72, 'állattenyésztő'),
(100, 73, 'színész'),
(101, 74, 'festő'),
(102, 74, 'grafikus'),
(103, 75, 'építész'),
(104, 76, 'filmrendező'),
(105, 77, 'színész'),
(106, 77, 'politikus'),
(107, 78, 'gépészmérnök'),
(108, 79, 'nyelvész'),
(109, 80, 'orvos'),
(110, 80, 'gyógypedagógus'),
(111, 81, 'zeneszerző'),
(112, 81, 'karmester'),
(113, 81, 'főiskolai tanár'),
(114, 82, 'tsz-elnök'),
(115, 83, 'színész'),
(116, 84, 'színész'),
(117, 85, 'operaénekes'),
(118, 86, 'szobrász'),
(119, 87, 'nagybőgős'),
(120, 88, 'kémikus'),
(121, 89, 'agrármérnök'),
(122, 90, 'nyelvész'),
(123, 91, 'csoportvezető'),
(124, 92, 'költő'),
(125, 92, 'műfordító'),
(126, 93, 'szobrász'),
(127, 94, 'tsz-tag'),
(128, 95, 'festő'),
(129, 95, 'grafikus'),
(130, 96, 'vájár'),
(131, 97, 'törzsállattenyésztő'),
(132, 98, 'festő'),
(133, 99, 'író'),
(134, 99, 'irodalomtörténész'),
(135, 99, 'műfordító'),
(136, 100, 'villamosmérnök'),
(137, 101, 'gépállomás-igazgató'),
(138, 102, 'író'),
(139, 102, 'költő'),
(140, 102, 'politikus'),
(141, 103, 'zenész'),
(142, 104, 'vegyészmérnök'),
(143, 105, 'író'),
(144, 105, 'dramaturg'),
(145, 105, 'filmrendező'),
(146, 106, 'gazdaságtörténész'),
(147, 107, 'szülész-nőgyógyász'),
(148, 108, 'festő'),
(149, 109, 'gépészmérnök'),
(150, 110, 'festő'),
(151, 110, 'író'),
(152, 111, 'író'),
(153, 111, 'költő'),
(154, 112, 'színész'),
(155, 113, 'erdőmérnök'),
(156, 114, 'rendező'),
(157, 115, 'mezőgazdász'),
(158, 116, 'színész'),
(159, 117, 'tsz-elnök'),
(160, 118, 'színész'),
(161, 119, 'színész'),
(162, 120, 'gépészmérnök'),
(163, 121, 'operatőr'),
(164, 122, 'villamosmérnök'),
(165, 123, 'vájár'),
(166, 124, 'fizikus'),
(167, 125, 'író'),
(168, 126, 'színész'),
(169, 127, 'zongoraművész'),
(170, 128, 'földműves'),
(171, 129, 'gépészmérnök'),
(172, 129, 'politikus'),
(173, 130, 'kémikus'),
(174, 130, 'egyetemi tanár'),
(175, 131, 'agrármérnök'),
(176, 132, 'ütőhangszer művész'),
(177, 133, 'szobrász'),
(178, 134, 'gépészmérnök'),
(179, 135, 'mérnök'),
(180, 136, 'mérnök'),
(181, 137, 'esztergályos'),
(182, 138, 'mérnök'),
(183, 139, 'gépészmérnök'),
(184, 140, 'pedagógus'),
(185, 141, 'előadóművész'),
(186, 142, 'gépészmérnök'),
(187, 143, 'tervezőmérnök'),
(188, 144, 'szobrász'),
(189, 144, 'éremművész'),
(190, 144, 'grafikus'),
(191, 145, 'festő'),
(192, 145, 'grafikus'),
(193, 145, 'tervezőgrafikus'),
(194, 146, 'építészmérnök'),
(195, 147, 'gordonkaművész'),
(196, 148, 'zeneszerző'),
(197, 149, 'koreográfus'),
(198, 149, 'táncművész'),
(199, 150, 'előhengerész'),
(200, 151, 'gazdasági vezető'),
(201, 152, 'író'),
(202, 152, 'publicista'),
(203, 153, 'filmrendező'),
(204, 153, 'színész'),
(205, 154, 'fémöntő'),
(206, 155, 'előadóművész'),
(207, 155, 'zeneszerző'),
(208, 155, 'szövegíró'),
(209, 156, 'kémikus'),
(210, 156, 'egyetemi tanár'),
(211, 157, 'cérnázómester'),
(212, 157, 'mérnök'),
(213, 158, 'költő'),
(214, 158, 'műfordító'),
(215, 159, 'bábszínész társulat'),
(216, 160, 'vájár'),
(217, 161, 'kémikus'),
(218, 162, 'fizikus'),
(219, 163, 'sebész'),
(220, 164, 'színész'),
(221, 165, 'gépészmérnök'),
(222, 166, 'ács'),
(223, 167, 'kőműves'),
(224, 168, 'pedagógus'),
(225, 169, 'kémikus'),
(226, 170, 'bányamérnök'),
(227, 171, 'kémikus'),
(228, 172, 'mérnök'),
(229, 173, 'kohómérnök'),
(230, 174, 'gépészmérnök'),
(231, 174, 'politikus'),
(232, 175, 'földműves'),
(233, 176, 'festő'),
(234, 176, 'grafikus'),
(235, 177, 'építőipari munkás'),
(236, 178, 'mérnök'),
(237, 179, 'író'),
(238, 179, 'költő'),
(239, 180, 'művészettörténész'),
(240, 180, 'muzeológus'),
(241, 181, 'építészmérnök'),
(242, 182, 'színész'),
(243, 183, 'festő'),
(244, 184, 'matematikus'),
(245, 185, 'előadóművész'),
(246, 185, 'énekes'),
(247, 185, 'zeneszerző'),
(248, 186, 'földműves'),
(249, 187, 'művezető'),
(250, 188, 'karnagy'),
(251, 188, 'zeneszerző'),
(252, 188, 'népzenekutató'),
(253, 189, 'mérnök'),
(254, 190, 'textilmérnök'),
(255, 191, 'író'),
(256, 191, 'újságíró'),
(257, 192, 'színész'),
(258, 193, 'festő'),
(259, 193, 'grafikus'),
(260, 194, 'ipari formatervező'),
(261, 195, 'építész'),
(262, 195, 'egyetemi tanár'),
(263, 196, 'villamosmérnök'),
(264, 197, 'építész'),
(265, 197, 'díszlet és jelmeztervező'),
(266, 198, 'színész'),
(267, 199, 'építészmérnök'),
(268, 200, 'író'),
(269, 200, 'költő'),
(270, 200, 'politikus'),
(271, 201, 'szobrász'),
(272, 202, 'költő'),
(273, 202, 'műfordító'),
(274, 203, 'kazánfűtő'),
(275, 204, 'festő'),
(276, 205, 'író'),
(277, 205, 'költő'),
(278, 206, 'állatorvos'),
(279, 207, 'kémikus'),
(280, 208, 'higiénikus'),
(281, 209, 'fizikus'),
(282, 210, 'pedagógus'),
(283, 211, 'színművész'),
(284, 212, 'író'),
(285, 212, 'népművelési miniszter'),
(286, 213, 'zeneszerző'),
(287, 214, 'építészmérnök'),
(288, 215, 'pedagógus'),
(289, 216, 'színművész'),
(290, 217, 'esztergályos'),
(291, 218, 'főművezető'),
(292, 219, 'festő'),
(293, 219, 'grafikus'),
(294, 219, 'szobrász'),
(295, 220, 'vegyészmérnök'),
(296, 221, 'művészettörténész'),
(297, 222, 'festő'),
(298, 223, 'költő'),
(299, 223, 'műfordító'),
(300, 224, 'hegedűművész'),
(301, 225, 'dalszövegíró'),
(302, 225, 'műfordító'),
(303, 226, 'mérnök'),
(304, 227, 'operaénekes'),
(305, 228, 'író'),
(306, 229, 'festő'),
(307, 230, 'építész'),
(308, 231, 'orvos'),
(309, 232, 'gépészmérnök'),
(310, 233, 'író'),
(311, 233, 'politikus'),
(312, 234, 'író'),
(313, 234, 'újságíró'),
(314, 235, 'főgépész'),
(315, 236, 'zeneszerző'),
(316, 236, 'karmester'),
(317, 237, 'festő'),
(318, 238, 'geofizikus'),
(319, 239, 'földműves'),
(320, 240, 'grafikus'),
(321, 241, 'gépészmérnök'),
(322, 242, 'vájár'),
(323, 243, 'orvos'),
(324, 244, 'balettművész'),
(325, 245, 'olvasztár'),
(326, 246, 'zoológus'),
(327, 247, 'nyomdász'),
(328, 248, 'zeneszerző'),
(329, 249, 'koreográfus'),
(330, 249, 'díszlettervező'),
(331, 249, 'festő'),
(332, 250, 'mérnök'),
(333, 251, 'nyelvész'),
(334, 251, 'irodalomtörténész'),
(335, 252, 'agrokémikus'),
(336, 253, 'matematikus'),
(337, 254, 'festő'),
(338, 255, 'egyetemi tanár'),
(339, 255, 'geofizikus'),
(340, 256, 'operatőr'),
(341, 256, 'rendező'),
(342, 257, 'vájár'),
(343, 258, 'festő'),
(344, 258, 'díszlet és jelmeztervező'),
(345, 259, 'történész'),
(346, 260, 'történész'),
(347, 261, 'író'),
(348, 261, 'költő'),
(349, 261, 'műfordító'),
(350, 262, 'zeneszerző'),
(351, 262, 'karmester'),
(352, 263, 'színművész'),
(353, 264, 'agrárközgazdász'),
(354, 264, 'szociológus'),
(355, 264, 'politikus'),
(356, 265, 'geodéta-mérnök'),
(357, 266, 'géplakatos'),
(358, 267, 'karmester'),
(359, 268, 'etnográfus'),
(360, 268, 'folklorista'),
(361, 269, 'kémikus'),
(362, 270, 'fizikus'),
(363, 270, 'kémikus'),
(364, 270, 'oktatásügyi miniszter'),
(365, 271, 'bábszínész'),
(366, 272, 'matematikus'),
(367, 273, 'orvos'),
(368, 273, 'biofizikus'),
(369, 274, 'építészmérnök'),
(370, 275, 'tervezőmérnök'),
(371, 276, 'mérnök'),
(372, 277, 'író'),
(373, 277, 'publicista'),
(374, 278, 'színművész'),
(375, 278, 'rendező'),
(376, 279, 'bányamérnök'),
(377, 280, 'tsz-vezetők'),
(378, 281, 'agronómus'),
(379, 282, 'festő'),
(380, 282, 'grafikus'),
(381, 283, 'népzenész'),
(382, 284, 'hengerész'),
(383, 285, 'geofizikus'),
(384, 286, 'író'),
(385, 286, 'költő'),
(386, 286, 'műfordító'),
(387, 287, 'operaénekes'),
(388, 288, 'zeneszerző'),
(389, 289, 'gazdasági vezető'),
(390, 290, 'építész'),
(391, 291, 'befűző'),
(392, 292, 'kőműves'),
(393, 293, 'filmrendező'),
(394, 293, 'színművész'),
(395, 294, 'vegyészmérnök'),
(396, 295, 'vegyészmérnök'),
(397, 296, 'festő'),
(398, 297, 'matematikus'),
(399, 298, 'író'),
(400, 299, 'kertészmérnök'),
(401, 300, 'matematikus'),
(402, 301, 'turkológus'),
(403, 302, 'festő'),
(404, 302, 'grafikus'),
(405, 303, 'színművész'),
(406, 304, 'színművész'),
(407, 305, 'karmester'),
(408, 306, 'építészmérnök'),
(409, 307, 'látványtervező'),
(410, 307, 'építész'),
(411, 308, 'acélöntő'),
(412, 309, 'szobrász'),
(413, 310, 'gobelinművész'),
(414, 311, 'traktoros'),
(415, 312, 'pedagógus'),
(416, 313, 'építészmérnök'),
(417, 314, 'zongoraművész'),
(418, 315, 'karmester'),
(419, 316, 'író'),
(420, 316, 'költő'),
(421, 316, 'műfordító'),
(422, 317, 'kémikus'),
(423, 317, 'egyetemi tanár'),
(424, 318, 'operaénekes'),
(425, 319, 'író'),
(426, 319, 'költő'),
(427, 319, 'műfordító'),
(428, 319, 'újságíró'),
(429, 320, 'tsz-elnök'),
(430, 321, 'filozófus'),
(431, 322, 'kohómérnök'),
(432, 323, 'koreográfus'),
(433, 323, 'táncművész'),
(434, 324, 'gépészmérnök'),
(435, 325, 'gépészmérnök'),
(436, 326, 'festő'),
(437, 327, 'textilmérnök'),
(438, 328, 'irodalomtörténész'),
(439, 329, 'kémikus'),
(440, 330, 'geológus'),
(441, 331, 'vonalmester'),
(442, 332, 'kohómérnök'),
(443, 333, 'matematikus'),
(444, 334, 'vegyészmérnök'),
(445, 335, 'tervezőmérnök'),
(446, 336, 'matematikus'),
(447, 337, 'lelkész'),
(448, 337, 'művészettörténész'),
(449, 338, 'gépésztechnikus'),
(450, 339, 'balettművész'),
(451, 339, 'koreográfus'),
(452, 340, 'díszlettervező'),
(453, 341, 'író'),
(454, 341, 'költő'),
(455, 342, 'filmrendező'),
(456, 343, 'bányamérnök'),
(457, 344, 'színművész'),
(458, 345, 'író'),
(459, 345, 'politikus'),
(460, 346, 'matematikus'),
(461, 347, 'költő'),
(462, 347, 'műfordító'),
(463, 347, 'kritikus'),
(464, 347, 'politikus'),
(465, 348, 'vájár'),
(466, 349, 'színművész'),
(467, 350, 'mérnök'),
(468, 350, 'politikus'),
(469, 351, 'író'),
(470, 351, 'újságíró'),
(471, 352, 'színművész'),
(472, 352, 'író'),
(473, 353, 'selyemszövő'),
(474, 354, 'keramikus'),
(475, 355, 'mérnök'),
(476, 356, 'mérnök-közgazdász'),
(477, 357, 'író'),
(478, 358, 'színművész'),
(479, 358, 'humorista'),
(480, 359, 'író'),
(481, 359, 'műfordító'),
(482, 359, 'színigazgató'),
(483, 360, 'gyermekgyógyász'),
(484, 361, 'kohómérnök'),
(485, 362, 'rendező'),
(486, 363, 'költő'),
(487, 363, 'író'),
(488, 363, 'újságíró'),
(489, 364, 'mérnök'),
(490, 365, 'vegyészmérnök'),
(491, 366, 'biokémikus'),
(492, 366, 'egyetemi tanár'),
(493, 367, 'művészettörténész'),
(494, 367, 'régész'),
(495, 367, 'muzeológus'),
(496, 368, 'író'),
(497, 368, 'költő'),
(498, 368, 'műfordító'),
(499, 369, 'orgonaművész'),
(500, 369, 'kántor'),
(501, 370, 'író'),
(502, 371, 'patológus'),
(503, 371, 'könyvtáros'),
(504, 372, 'pedagógus'),
(505, 373, 'politikus'),
(506, 373, 'közgazdász'),
(507, 374, 'filmrendező'),
(508, 375, 'gazdasági vezető'),
(509, 375, 'földműves'),
(510, 376, 'földműves'),
(511, 377, 'gépészmérnök'),
(512, 378, 'építészmérnök'),
(513, 379, 'festő'),
(514, 380, 'építészmérnök'),
(515, 381, 'építészmérnök'),
(516, 382, 'színművész'),
(517, 383, 'író'),
(518, 384, 'fizikus'),
(519, 385, 'gépészmérnök'),
(520, 386, 'keramikus'),
(521, 387, 'gépészmérnök'),
(522, 388, 'filmrendező'),
(523, 388, 'díszlet- és jelmeztervező'),
(524, 389, 'színművész'),
(525, 390, 'belgyógyász'),
(526, 391, 'tsz-elnök'),
(527, 392, 'színművész'),
(528, 393, 'író'),
(529, 394, 'irodalomtörténész'),
(530, 395, 'operaénekes'),
(531, 396, 'növényanatómus'),
(532, 397, 'író'),
(533, 398, 'festő'),
(534, 398, 'grafikus'),
(535, 399, 'filmrendező'),
(536, 399, 'operatőr'),
(537, 400, 'előadóművész'),
(538, 401, 'zenész'),
(539, 402, 'traktoros'),
(540, 403, 'bőrgyógyász'),
(541, 404, 'mezőgazdász'),
(542, 405, 'filmrendező'),
(543, 406, 'festő'),
(544, 406, 'grafikus'),
(545, 407, 'földműves'),
(546, 408, 'genetikus'),
(547, 408, 'biológus'),
(548, 409, 'neurológus'),
(549, 409, 'gyermekpszichiáter'),
(550, 410, 'grafikus'),
(551, 410, 'animációsfilm-rendező'),
(552, 411, 'fizikus'),
(553, 412, 'vájár'),
(554, 413, 'író'),
(555, 413, 'publicista'),
(556, 414, 'operaénekes'),
(557, 415, 'író'),
(558, 415, 'költő'),
(559, 415, 'publicista'),
(560, 416, 'főgépész'),
(561, 417, 'textilművész'),
(562, 418, 'építészmérnök'),
(563, 418, 'régész'),
(564, 419, 'matematikus'),
(565, 420, 'bányamérnök'),
(566, 421, 'színművész'),
(567, 421, 'énekes'),
(568, 422, 'vármegyei tisztifőorvos'),
(569, 423, 'mérnök'),
(570, 424, 'népzenész'),
(571, 425, 'kőműves'),
(572, 426, 'filozófus'),
(573, 426, 'író'),
(574, 426, 'műfordító'),
(575, 427, 'nevelés- és agrártörténész'),
(576, 428, 'balettművész'),
(577, 428, 'koreográfus'),
(578, 429, 'gépészmérnök'),
(579, 430, 'kinetikus szobrász'),
(580, 431, 'hegedűművész'),
(581, 432, 'vasbetonszerelő'),
(582, 433, 'kábelmester'),
(583, 434, 'író'),
(584, 434, 'költő'),
(585, 434, 'műfordító'),
(586, 434, 'építész'),
(587, 434, 'filozófus'),
(588, 435, 'irodalomtörténész'),
(589, 435, 'író'),
(590, 435, 'kritikus'),
(591, 436, 'színművész'),
(592, 437, 'mikrobiológus'),
(593, 438, 'balettművész'),
(594, 438, 'pedagógus'),
(595, 439, 'belgyógyász'),
(596, 439, 'egyetemi tanár'),
(597, 440, 'geodéta'),
(598, 441, 'balettművész'),
(599, 442, 'író'),
(600, 442, 'forgatókönyvíró'),
(601, 442, 'lapszerkesztő'),
(602, 443, 'drámaíró'),
(603, 443, 'műfordító'),
(604, 444, 'vármegyei alispán'),
(605, 445, 'operaénekes'),
(606, 446, 'pedagógus'),
(607, 446, 'történész'),
(608, 447, 'operatőr'),
(609, 448, 'gépészmérnök'),
(610, 449, 'gépészmérnök'),
(611, 449, 'egyetemi tanár'),
(612, 450, 'író'),
(613, 450, 'költő'),
(614, 451, 'grafikus'),
(615, 451, 'festő'),
(616, 452, 'talajvegyész'),
(617, 453, 'író'),
(618, 453, 'közgazdász'),
(619, 454, 'zongoraművész1956'),
(620, 455, 'szerszámkészítő'),
(621, 456, 'filmrendező'),
(622, 457, 'belgyógyász'),
(623, 457, 'egyetemi tanár'),
(624, 458, 'vegyészmérnök'),
(625, 458, 'közgazdász'),
(626, 458, 'politikus'),
(627, 459, 'író'),
(628, 459, 'műfordító'),
(629, 460, 'bányamérnök'),
(630, 461, 'festő'),
(631, 461, 'grafikus'),
(632, 462, 'tsz-elnök'),
(633, 463, 'tüdőgyógyász'),
(634, 464, 'vegyész'),
(635, 464, 'egyetemi tanár'),
(636, 465, 'villamosmérnök'),
(637, 466, 'színművész'),
(638, 466, 'humorista'),
(639, 466, 'előadóművész'),
(640, 467, 'ütőhanszeres művész'),
(641, 468, 'festő'),
(642, 468, 'grafikus'),
(643, 469, 'filmrendező'),
(644, 469, 'operatőr'),
(645, 470, 'gazdasági vezető'),
(646, 471, 'rendező'),
(647, 472, 'színművész'),
(648, 473, 'belsőépítész'),
(649, 473, 'formatervező'),
(650, 474, 'rendező'),
(651, 474, 'színigazgató'),
(652, 475, 'vasesztergályos'),
(653, 475, 'vezérigazgató'),
(654, 476, 'földműves'),
(655, 476, 'gazdasági vezető'),
(656, 477, 'gépészmérnök'),
(657, 478, 'irodalomtörténész'),
(658, 479, 'mozdonyfűtő'),
(659, 480, 'klasszika-filológus'),
(660, 481, 'építőipari munkás'),
(661, 482, 'lakatos'),
(662, 483, 'színművész'),
(663, 484, 'vegyészmérnök'),
(664, 484, 'közgazdász'),
(665, 485, 'vájár'),
(666, 486, 'színművész'),
(667, 487, 'földműves'),
(668, 487, 'tsz-elnök'),
(669, 488, 'tsz-tagok'),
(670, 489, 'tsz-tagok'),
(671, 490, 'író'),
(672, 490, 'műfordító'),
(673, 491, 'neurológus'),
(674, 492, 'filmrendező'),
(675, 492, 'grafikus'),
(676, 493, 'pedagógus'),
(677, 494, 'színművész'),
(678, 494, 'rendező'),
(679, 495, 'vájár'),
(680, 496, 'dalszerző'),
(681, 496, 'énekes'),
(682, 497, 'tsz-vezetők'),
(683, 498, 'rendező'),
(684, 498, 'színművész'),
(685, 499, 'villamosmérnök'),
(686, 500, 'író'),
(687, 501, 'író'),
(688, 501, 'kritikus'),
(689, 501, 'műfordító'),
(690, 501, 'könyvkiadó'),
(691, 502, 'operatőr'),
(692, 503, 'zeneszerző'),
(693, 504, 'író'),
(694, 504, 'költő'),
(695, 505, 'operaénekes'),
(696, 506, 'grafikus'),
(697, 507, 'gyógyszerkutató'),
(698, 507, 'orvos'),
(699, 508, 'mikrobiológus'),
(700, 508, 'bakteriológus'),
(701, 509, 'traktoros'),
(702, 510, 'brácsaművész'),
(703, 511, 'előadóművész'),
(704, 512, 'filmrendező'),
(705, 513, 'belgyógyász'),
(706, 513, 'gyógyszerkutató'),
(707, 514, 'zongoraművész'),
(708, 515, 'író'),
(709, 516, 'író'),
(710, 516, 'költő'),
(711, 517, 'rajzfilmrendező'),
(712, 517, 'kultúrtörténész'),
(713, 517, 'illusztrátor'),
(714, 518, 'öntő'),
(715, 519, 'geológus'),
(716, 520, 'építőmérnök'),
(717, 521, 'operaénekes'),
(718, 522, 'fizikus'),
(719, 523, 'zeneszerző'),
(720, 523, 'népzenekutató'),
(721, 524, 'flórakutató'),
(722, 524, 'geobotanikus'),
(723, 525, 'olvasztár'),
(724, 526, 'patológus'),
(725, 526, 'higiénikus'),
(726, 527, 'zeneszerző'),
(727, 528, 'költő'),
(728, 528, 'műfordító'),
(729, 529, 'gépészmérnök'),
(730, 530, 'író'),
(731, 531, 'magkészítő'),
(732, 532, 'pedagógus'),
(733, 533, 'matematikus'),
(734, 534, 'színművész'),
(735, 534, 'rendező'),
(736, 534, 'színigazgató'),
(737, 535, 'szobrász'),
(738, 536, 'költő'),
(739, 537, 'költő'),
(740, 537, 'lapszerkesztő'),
(741, 538, 'vasbetonszerelő'),
(742, 539, 'belgyógyász'),
(743, 540, 'építészmérnök'),
(744, 540, 'egyetemi tanár'),
(745, 541, 'géplakatos'),
(746, 542, 'agronómus'),
(747, 543, 'entomológus'),
(748, 544, 'zeneszerző'),
(749, 544, 'zongoraművész'),
(750, 545, 'bútortervező'),
(751, 545, 'iparművész'),
(752, 546, 'népzenegyűjtő'),
(753, 546, 'folklorista'),
(754, 547, 'matematikus'),
(755, 548, 'filmrendező'),
(756, 549, 'operaénekes'),
(757, 550, 'építész'),
(758, 551, 'juhász'),
(759, 551, 'faragó népművész'),
(760, 552, 'gyermekgyógyász'),
(761, 553, 'gépészmérnök'),
(762, 554, 'történész'),
(763, 555, 'festőművész'),
(764, 556, 'etnográfus'),
(765, 557, 'irodalomtörténész'),
(766, 557, 'kritikus'),
(767, 557, 'író'),
(768, 557, 'műfordító'),
(769, 558, 'irodalomtörténész'),
(770, 558, 'filológus'),
(771, 559, 'író'),
(772, 560, 'mezőgazdász'),
(773, 561, 'grafikus'),
(774, 561, 'szobrász'),
(775, 562, 'színművész'),
(776, 563, 'író'),
(777, 563, 'költő'),
(778, 563, 'festő'),
(779, 563, 'lapszerkesztő'),
(780, 564, 'földműves'),
(781, 564, 'egyéni gazdálkodó'),
(782, 565, 'rendező'),
(783, 566, 'vájár'),
(784, 567, 'festő'),
(785, 567, 'grafikus'),
(786, 568, 'színművész'),
(787, 569, 'klarinét- és tárogatóművész'),
(788, 570, 'bányamérnök'),
(789, 571, 'színművész'),
(790, 572, 'geofizikus'),
(791, 572, 'geológus'),
(792, 573, 'fazekas'),
(793, 573, 'népművész'),
(794, 574, 'író'),
(795, 574, 'költő'),
(796, 574, 'műfordító'),
(797, 575, 'író'),
(798, 575, 'kritikus'),
(799, 576, 'gépészmérnök'),
(800, 577, 'operaénekes'),
(801, 578, 'filmrendező'),
(802, 579, 'agrármérnök'),
(803, 580, 'pedagógus'),
(804, 580, 'író'),
(805, 581, 'bábszínész'),
(806, 581, 'bábkészítő'),
(807, 582, 'fogorvos'),
(808, 583, 'operatőr'),
(809, 584, 'zeneszerző'),
(810, 584, 'karmester'),
(811, 585, 'tsz-elnök'),
(812, 586, 'rendező'),
(813, 586, 'színigazgató'),
(814, 587, 'szobrász'),
(815, 588, 'építészmérnök'),
(816, 588, 'díszlettervező'),
(817, 589, 'színművész'),
(818, 589, 'színigazgató'),
(819, 590, 'gyermekgyógyász'),
(820, 591, 'geológus'),
(821, 592, 'mozdonyfűtő'),
(822, 593, 'író'),
(823, 593, 'műfordító'),
(824, 594, 'kovács'),
(825, 595, 'festő'),
(826, 595, 'grafikus'),
(827, 596, 'balettművész'),
(828, 596, 'koreográfus'),
(829, 597, 'párttitkár'),
(830, 598, 'operaénekes'),
(831, 599, 'irodalomtörténész'),
(832, 600, 'belsőépítész'),
(833, 601, 'színművész'),
(834, 602, 'asztalos'),
(835, 603, 'filmrendező'),
(836, 604, 'szobrász'),
(837, 605, 'szövetkezet'),
(838, 606, 'mérnök'),
(839, 606, 'könnyűipari miniszter'),
(840, 607, 'kémikus'),
(841, 608, 'anatómus'),
(842, 609, 'fejőgulyás'),
(843, 610, 'kémikus'),
(844, 611, 'szobrász'),
(845, 611, 'politikus'),
(846, 612, 'etnográfus'),
(847, 613, 'pedagógus'),
(848, 614, 'színművész'),
(849, 615, 'szobrász'),
(850, 615, 'éremművész'),
(851, 616, 'bányamérnök'),
(852, 617, 'földműves'),
(853, 618, 'esztergályos'),
(854, 619, 'irodalomtörténész'),
(855, 620, 'mérnök'),
(856, 621, 'festő'),
(857, 622, 'nyelvész'),
(858, 623, 'gépészmérnök'),
(859, 624, 'mineralógus'),
(860, 625, 'zeneszerző'),
(861, 626, 'szobrász'),
(862, 627, 'növénynemesítő'),
(863, 628, 'zongoraművész'),
(864, 628, 'karmester'),
(865, 629, 'zeneszerző'),
(866, 629, 'népzenekutató'),
(867, 630, 'író'),
(868, 631, 'festő'),
(869, 632, 'festő'),
(870, 633, 'agrármérnök'),
(871, 634, 'filmrendező'),
(872, 635, 'népművelő'),
(873, 636, 'vegyész'),
(874, 637, 'író'),
(875, 637, 'kritikus'),
(876, 637, 'műfordító'),
(877, 638, 'operatőr'),
(878, 639, 'erdész'),
(879, 640, 'hegedűművész'),
(880, 640, 'hangversenymester'),
(881, 641, 'operaénekes'),
(882, 642, 'karmester'),
(883, 643, 'vegyész'),
(884, 644, 'színművész'),
(885, 644, 'rendező'),
(886, 645, 'festő'),
(887, 645, 'grafikus'),
(888, 646, 'festő'),
(889, 646, 'grafikus'),
(890, 647, 'festő'),
(891, 648, 'író'),
(892, 648, 'szociológus'),
(893, 648, 'kiadói szerkesztő'),
(894, 649, 'bábtervező'),
(895, 650, 'kémikus'),
(896, 651, 'statikus mérnök'),
(897, 652, 'gépészmérnök'),
(898, 653, 'fotóművész'),
(899, 654, 'festő'),
(900, 655, 'parazitológus'),
(901, 656, 'mérnök'),
(902, 657, 'filmrendező'),
(903, 658, 'klarinétművész'),
(904, 659, 'hegedűművész'),
(905, 660, 'pedagógus'),
(906, 661, 'történész'),
(907, 661, 'író'),
(908, 661, 'irodalomtörténész'),
(909, 662, 'fizikus'),
(910, 663, 'kőműves'),
(911, 664, 'karmester'),
(912, 665, 'építőipari brigád'),
(913, 666, 'pedagógus'),
(914, 667, 'villamosmérnök'),
(915, 668, 'pedagógus'),
(916, 668, 'népművelő'),
(917, 669, 'vájár'),
(918, 670, 'keramikus'),
(919, 670, 'szobrász'),
(920, 671, 'balettművész'),
(921, 672, 'osztályvezető'),
(922, 673, 'tüdőgyógyász'),
(923, 674, 'operaénekes'),
(924, 675, 'színművész'),
(925, 676, 'villamosmérnök'),
(926, 677, 'költő'),
(927, 677, 'író'),
(928, 678, 'karmester'),
(929, 679, 'bányamérnök'),
(930, 680, 'színművész'),
(931, 681, 'építészmérnök'),
(932, 682, 'szobrász'),
(933, 683, 'könyvtártudományi szakíró'),
(934, 684, 'vegyész'),
(935, 685, 'író'),
(936, 686, 'agrokémikus'),
(937, 687, 'költő'),
(938, 687, 'műfordító'),
(939, 688, 'hengerész'),
(940, 689, 'gyermekgyógyász'),
(941, 690, 'színművész'),
(942, 691, 'balettművész'),
(943, 692, 'gépészmérnök'),
(944, 693, 'zeneszerző'),
(945, 694, 'festő'),
(946, 695, 'mérnök'),
(947, 696, 'kőműves'),
(948, 697, 'színművész'),
(949, 698, 'zeneszerző'),
(950, 698, 'népzenekutató'),
(951, 699, 'gyárigazgató'),
(952, 700, 'balettművész'),
(953, 701, 'író'),
(954, 701, 'költő'),
(955, 701, 'műfordító'),
(956, 702, 'orvos'),
(957, 702, 'biokémikus'),
(958, 703, 'festő'),
(959, 703, 'grafikus'),
(960, 704, 'színművész'),
(961, 705, 'színművész'),
(962, 706, 'költő'),
(963, 706, 'műfordító'),
(964, 706, 'esszéíró'),
(965, 707, 'irodalomtörténész'),
(966, 707, 'nyelvész'),
(967, 708, 'vegyészmérnök'),
(968, 709, 'költő'),
(969, 709, 'író'),
(970, 709, 'műfordító'),
(971, 710, 'építészmérnök'),
(972, 711, 'pedagógus'),
(973, 712, 'író'),
(974, 713, 'színművész'),
(975, 713, 'rendező'),
(976, 714, 'karmester'),
(977, 715, 'színművész'),
(978, 716, 'gépészmérnök'),
(979, 717, 'nyomdász'),
(980, 718, 'zeneszerző'),
(981, 719, 'fiziko-kémikus'),
(982, 720, 'író'),
(983, 720, 'költő'),
(984, 721, 'grafikus'),
(985, 721, 'könyvművész'),
(986, 722, 'rendező'),
(987, 723, 'gépészmérnök'),
(988, 724, 'zeneszerző'),
(989, 725, 'nyelvész'),
(990, 725, 'orientalista'),
(991, 726, 'kohómérnök'),
(992, 727, 'mérnök'),
(993, 728, 'könyvtáros'),
(994, 728, 'festő'),
(995, 728, 'grafikus'),
(996, 729, 'villamosmérnök'),
(997, 730, 'fiziológus'),
(998, 731, 'gyártmányszerkesztő'),
(999, 732, 'sebész'),
(1000, 733, 'lakatos'),
(1001, 734, 'mozdonyfűtő'),
(1002, 735, 'politikus'),
(1003, 736, 'operaénekes'),
(1004, 737, 'festő'),
(1005, 738, 'földműves'),
(1006, 738, 'tsz-elnök'),
(1007, 739, 'frontmester'),
(1008, 739, 'vájár'),
(1009, 740, 'mozdonyvezető'),
(1010, 741, 'mérnök'),
(1011, 742, 'gépészmérnök'),
(1012, 743, 'vájár'),
(1013, 744, 'karmester'),
(1014, 745, 'esztéta'),
(1015, 745, 'filozófus'),
(1016, 746, 'villamosmérnök'),
(1017, 747, 'színész'),
(1018, 748, 'karmester'),
(1019, 749, 'brácsaművész'),
(1020, 750, 'rendező'),
(1021, 751, 'építészmérnök'),
(1022, 752, 'néprajzkutató'),
(1023, 752, 'szociálpszichológus'),
(1024, 753, 'művészettörténész'),
(1025, 754, 'darutervező'),
(1026, 755, 'kőműves'),
(1027, 756, 'színész'),
(1028, 756, 'színházi rendező'),
(1029, 757, 'pedagógus'),
(1030, 758, 'építész'),
(1031, 758, 'építészettörténész'),
(1032, 759, 'színész'),
(1033, 759, 'rendező'),
(1034, 759, 'színigazgató'),
(1035, 760, 'filmrendező'),
(1036, 761, 'színész'),
(1037, 762, 'pedagógus'),
(1038, 763, 'építész'),
(1039, 763, 'belsőépítész'),
(1040, 764, 'szobrász'),
(1041, 765, 'operaénekes'),
(1042, 766, 'vegyész'),
(1043, 766, 'szerológus'),
(1044, 767, 'mezőgazdász'),
(1045, 768, 'állatorvos'),
(1046, 769, 'állatorvos'),
(1047, 770, 'olvasztár'),
(1048, 771, 'balettművész'),
(1049, 771, 'koreográfus'),
(1050, 772, 'klasszika-filológus'),
(1051, 773, 'gépészmérnök'),
(1052, 774, 'költő'),
(1053, 774, 'műfordító'),
(1054, 775, 'gépészmérnök'),
(1055, 776, 'rendező'),
(1056, 777, 'operaénekes'),
(1057, 778, 'jogász'),
(1058, 779, 'rendező'),
(1059, 779, 'színigazgató'),
(1060, 780, 'szobrász'),
(1061, 781, 'festő'),
(1062, 781, 'grafikus'),
(1063, 782, 'fizikus'),
(1064, 783, 'vegyészmérnök'),
(1065, 784, 'vegyészmérnök'),
(1066, 785, 'kémikus'),
(1067, 785, 'hidrobiológus'),
(1068, 786, 'festő'),
(1069, 786, 'grafikus'),
(1070, 786, 'filmkészítő'),
(1071, 787, 'égető'),
(1072, 788, 'színész'),
(1073, 789, 'gépészmérnök'),
(1074, 790, 'író'),
(1075, 791, 'író'),
(1076, 791, 'költő'),
(1077, 792, 'filmrendező'),
(1078, 793, 'villamoshegesztő'),
(1079, 794, 'iparművész'),
(1080, 794, 'jelmeztervező'),
(1081, 795, 'habarcsterítő kőműves'),
(1082, 796, 'színész'),
(1083, 797, 'színész'),
(1084, 798, 'botanikus'),
(1085, 799, 'építészmérnök'),
(1086, 800, 'operaénekes'),
(1087, 801, 'színész'),
(1088, 802, 'szobrász'),
(1089, 803, 'előhengerész'),
(1090, 804, 'védőnő'),
(1091, 805, 'szobrászművész'),
(1092, 806, 'politikus'),
(1093, 806, 'vezérigazgató'),
(1094, 807, 'bőrgyógyász'),
(1095, 808, 'földműves'),
(1096, 809, 'operaénekes'),
(1097, 810, 'szobrász'),
(1098, 811, 'színész'),
(1099, 812, 'író'),
(1100, 813, 'vegyészmérnök'),
(1101, 814, 'gordonkaművész'),
(1102, 815, 'író'),
(1103, 816, 'kombájnos'),
(1104, 817, 'író'),
(1105, 817, 'újságíró'),
(1106, 818, 'pszichológus'),
(1107, 819, 'színész'),
(1108, 820, 'traktoros'),
(1109, 821, 'filozófus'),
(1110, 821, 'esztéta'),
(1111, 822, 'állatorvos'),
(1112, 823, 'vájár'),
(1113, 824, 'filmrendező'),
(1114, 825, 'jogász'),
(1115, 825, 'vasúti üzemszervező'),
(1116, 826, 'író'),
(1117, 826, 'költő'),
(1118, 826, 'műfordító'),
(1119, 827, 'kertészeti'),
(1120, 827, 'növénynemesítő'),
(1121, 828, 'író'),
(1122, 829, 'hídépítő mérnök'),
(1123, 830, 'zeneszerző'),
(1124, 830, 'karmester'),
(1125, 830, 'operaház-igazgató'),
(1126, 831, 'kohómérnök'),
(1127, 832, 'tsz-elnök'),
(1128, 833, 'rendező'),
(1129, 834, 'szobrász'),
(1130, 834, 'éremművész'),
(1131, 835, 'operaénekes'),
(1132, 836, 'vegyészmérnök'),
(1133, 837, 'építészmérnök'),
(1134, 838, 'olvasztár'),
(1135, 839, 'állatorvos'),
(1136, 840, 'kertészmérnök'),
(1137, 841, 'építészmérnök'),
(1138, 842, 'író'),
(1139, 843, 'operaénekes'),
(1140, 844, 'zeneszerző'),
(1141, 844, 'zeneesztéta'),
(1142, 845, 'gyógyszervegyész'),
(1143, 846, 'sebész'),
(1144, 847, 'külügyminiszter'),
(1145, 848, 'földműves'),
(1146, 848, 'egyéni gazdálkodó'),
(1147, 849, 'koreográfus'),
(1148, 849, 'néptánckutató'),
(1149, 850, 'színész'),
(1150, 851, 'festő'),
(1151, 852, 'színész'),
(1152, 853, 'elektromérnök'),
(1153, 854, 'színész'),
(1154, 855, 'klasszika-filológus'),
(1155, 856, 'vízépítő mérnök'),
(1156, 857, 'esztergályos'),
(1157, 858, 'gépészmérnök'),
(1158, 859, 'zenekar'),
(1159, 860, 'szerves-kémikus'),
(1160, 861, 'sebész-anatómus'),
(1161, 862, 'villamosmérnök'),
(1162, 863, 'kémikus'),
(1163, 864, 'vegyészmérnök'),
(1164, 865, 'költő'),
(1165, 866, 'lakatos'),
(1166, 867, 'vegyészmérnök'),
(1167, 868, 'író'),
(1168, 869, 'költő'),
(1169, 869, 'műfordító'),
(1170, 870, 'író'),
(1171, 870, 'újságíró'),
(1172, 871, 'balettművész'),
(1173, 872, 'iparművész'),
(1174, 872, 'jelmeztervező'),
(1175, 873, 'író'),
(1176, 874, 'balettművész'),
(1177, 875, 'operarendező'),
(1178, 875, 'zeneszerző'),
(1179, 876, 'festő'),
(1180, 877, 'villamosmérnök'),
(1181, 877, 'fizikus'),
(1182, 878, 'történész'),
(1183, 878, 'politikus'),
(1184, 879, 'költő'),
(1185, 879, 'esszéíró'),
(1186, 879, 'műfordító'),
(1187, 880, 'pedagógus'),
(1188, 881, 'animációsfilm-rendező'),
(1189, 882, 'fizikus'),
(1190, 883, 'brácsaművész'),
(1191, 884, 'orientalista'),
(1192, 885, 'író'),
(1193, 886, 'tsz-elnök'),
(1194, 887, 'gépészmérnök'),
(1195, 888, 'koreográfus'),
(1196, 889, 'fizikus'),
(1197, 890, 'agrármérnök'),
(1198, 890, 'vegyész'),
(1199, 891, 'osztályvezető'),
(1200, 892, 'termelőszövetkezet'),
(1201, 893, 'rendező'),
(1202, 893, 'díszlettervező'),
(1203, 894, 'gazdasági vezető'),
(1204, 895, 'szobrász'),
(1205, 895, 'éremművész'),
(1206, 896, 'színész'),
(1207, 897, 'színész'),
(1208, 898, 'gordonkaművész'),
(1209, 899, 'költő'),
(1210, 899, 'műfordító'),
(1211, 900, 'költő'),
(1212, 900, 'író'),
(1213, 900, 'műfordító'),
(1214, 901, 'gyapjúszövő'),
(1215, 902, 'mozdonyfűtő'),
(1216, 903, 'mezőgazdász'),
(1217, 904, 'balettművész'),
(1218, 905, 'operaénekes'),
(1219, 906, 'vájár'),
(1220, 907, 'operaénekes'),
(1221, 908, 'vegyészmérnök'),
(1222, 909, 'geofizikus'),
(1223, 910, 'magkészítő'),
(1224, 911, 'író'),
(1225, 911, 'műfordító'),
(1226, 912, 'író'),
(1227, 913, 'méhész'),
(1228, 914, 'fizikus'),
(1229, 914, 'egyetemi tanár'),
(1230, 915, 'színész'),
(1231, 916, 'történész'),
(1232, 917, 'nyelvész'),
(1233, 918, 'vájár'),
(1234, 919, 'vájár'),
(1235, 920, 'operaénekes'),
(1236, 921, 'építészmérnök'),
(1237, 922, 'bolyhozó'),
(1238, 923, 'gépészmérnök'),
(1239, 924, 'hídépítő mérnök'),
(1240, 925, 'öntő'),
(1241, 926, 'újságíró'),
(1242, 927, 'díszlettervező'),
(1243, 928, 'bábművész'),
(1244, 928, 'színész'),
(1245, 929, 'bányamérnök'),
(1246, 930, 'gépészmérnök'),
(1247, 931, 'díszlet- és jelmeztervező'),
(1248, 931, 'performer'),
(1249, 932, 'gépésztechnikus'),
(1250, 933, 'színész'),
(1251, 934, 'szerszámlakatos'),
(1252, 935, 'fizikus'),
(1253, 936, 'igazgató'),
(1254, 937, 'kőműves'),
(1255, 938, 'vegyipari szakmunkás'),
(1256, 939, 'irodalomtörténész'),
(1257, 939, 'kritikus'),
(1258, 940, 'balettművész'),
(1259, 940, 'koreográfus'),
(1260, 941, 'író'),
(1261, 941, 'költő'),
(1262, 942, 'beatzenész'),
(1263, 942, 'dobos'),
(1264, 943, 'szobrász'),
(1265, 943, 'éremművész'),
(1266, 944, 'lakatos'),
(1267, 945, 'jazz-zenész'),
(1268, 945, 'gordonművész'),
(1269, 946, 'geomorfológus'),
(1270, 946, 'pedagógus'),
(1271, 947, 'gépészmérnök'),
(1272, 948, 'gordonkaművész'),
(1273, 949, 'táncfolklorista'),
(1274, 949, 'koreográfus'),
(1275, 950, 'gyermekgyógyász'),
(1276, 951, 'költő'),
(1277, 951, 'műfordító'),
(1278, 952, 'zeneszerző'),
(1279, 953, 'színész'),
(1280, 954, 'mérnök'),
(1281, 955, 'lakatos'),
(1282, 956, 'matematikus'),
(1283, 957, 'vegyészmérnök'),
(1284, 958, 'művészettörténész'),
(1285, 959, 'költő'),
(1286, 960, 'vegyészmérnök'),
(1287, 961, 'vegyészmérnök'),
(1288, 962, 'munkás'),
(1289, 963, 'karmester'),
(1290, 964, 'operaénekes'),
(1291, 965, 'textilművész'),
(1292, 966, 'vegyészmérnök'),
(1293, 967, 'balettművész'),
(1294, 968, 'balettművész'),
(1295, 969, 'kertészeti növénynemesítő'),
(1296, 970, 'esztergályos'),
(1297, 971, 'tengerészkapitány'),
(1298, 972, 'kőműves'),
(1299, 973, 'festő'),
(1300, 974, 'mérnök'),
(1301, 975, 'zeneszerző'),
(1302, 975, 'előadóművész'),
(1303, 975, 'zenekarvezető'),
(1304, 976, 'szerelési főosztályvezető'),
(1305, 977, 'kémikus'),
(1306, 978, 'színész'),
(1307, 979, 'gépészmérnök'),
(1308, 980, 'balettművész'),
(1309, 981, 'vegyészmérnök'),
(1310, 982, 'operaénekes'),
(1311, 983, 'geográfus'),
(1312, 984, 'előadóművész'),
(1313, 985, 'filmrendező'),
(1314, 986, 'operatőr'),
(1315, 987, 'népzenekutató'),
(1316, 987, 'zenetörténész'),
(1317, 987, 'zenepedagógus'),
(1318, 988, 'malomépítész'),
(1319, 989, 'csőhajlító'),
(1320, 990, 'színész'),
(1321, 991, 'színész'),
(1322, 992, 'filmrendező'),
(1323, 993, 'grafikus'),
(1324, 994, 'gépészmérnök'),
(1325, 995, 'mikrobiológus'),
(1326, 996, 'pedagógus'),
(1327, 997, 'koreográfus'),
(1328, 998, 'cimbalomművész'),
(1329, 999, 'ütőhangszeres művész'),
(1330, 1000, 'városvédő'),
(1331, 1000, 'operatőr'),
(1332, 1000, 'rendező'),
(1333, 1001, 'költő'),
(1334, 1001, 'műfordító'),
(1335, 1002, 'zongoraművész'),
(1336, 1003, 'zeneszerző'),
(1337, 1004, 'történész'),
(1338, 1005, 'színész'),
(1339, 1006, 'gépészmérnök'),
(1340, 1007, 'geodéta'),
(1341, 1008, 'üzemvezető'),
(1342, 1009, 'grafikus'),
(1343, 1010, 'építészmérnök'),
(1344, 1011, 'animációs'),
(1345, 1011, 'filmrendező'),
(1346, 1012, 'geofizikus'),
(1347, 1013, 'matematikus'),
(1348, 1014, 'matematikus'),
(1349, 1015, 'publicista'),
(1350, 1015, 'irodalomtörténész'),
(1351, 1015, 'politikus'),
(1352, 1016, 'gépészmérnök'),
(1353, 1017, 'fővájár'),
(1354, 1018, 'mezőgazdász'),
(1355, 1019, 'író'),
(1356, 1020, 'matematikus'),
(1357, 1021, 'munkás'),
(1358, 1022, 'építész'),
(1359, 1023, 'karmester'),
(1360, 1023, 'hegedűművész'),
(1361, 1024, 'kémikus'),
(1362, 1025, 'operaénekes'),
(1363, 1026, 'balettművész'),
(1364, 1027, 'erdőmérnök'),
(1365, 1028, 'szövőnő'),
(1366, 1029, 'esztergályos'),
(1367, 1030, 'operaénekes'),
(1368, 1031, 'sebész'),
(1369, 1032, 'repülőmérnök'),
(1370, 1033, 'filozófus'),
(1371, 1034, 'mérnök'),
(1372, 1035, 'festő'),
(1373, 1035, 'grafikus'),
(1374, 1036, 'vájár'),
(1375, 1037, 'kémikus'),
(1376, 1038, 'belgyógyász'),
(1377, 1039, 'rendező'),
(1378, 1040, 'színész'),
(1379, 1041, 'író'),
(1380, 1042, 'mérnök'),
(1381, 1043, 'traktoros'),
(1382, 1044, 'vájár'),
(1383, 1045, 'lakatos'),
(1384, 1046, 'állatorvos'),
(1385, 1047, 'gépészmérnök'),
(1386, 1048, 'író'),
(1387, 1048, 'kritikus'),
(1388, 1049, 'operaénekes'),
(1389, 1050, 'író'),
(1390, 1050, 'újságíró'),
(1391, 1051, 'író'),
(1392, 1052, 'ideggyógyász'),
(1393, 1053, 'operatőr'),
(1394, 1053, 'filmrendező'),
(1395, 1054, 'zeneszerző'),
(1396, 1055, 'gyógyszervegyész'),
(1397, 1056, 'mérnök'),
(1398, 1057, 'jelmeztervező'),
(1399, 1058, 'agrármérnök'),
(1400, 1059, 'fiziko-kémikus'),
(1401, 1060, 'festő'),
(1402, 1060, 'grafikus'),
(1403, 1061, 'zongoraművész'),
(1404, 1062, 'mérnök'),
(1405, 1063, 'optikai műszertervező'),
(1406, 1064, 'gépészmérnök'),
(1407, 1065, 'bányamérnök'),
(1408, 1065, 'geológus'),
(1409, 1066, 'sebész'),
(1410, 1067, 'irodalomtörténész'),
(1411, 1068, 'keramikus'),
(1412, 1069, 'kémikus'),
(1413, 1070, 'tüdősebész'),
(1414, 1071, 'tsz-elnök'),
(1415, 1072, 'villamosmérnök'),
(1416, 1072, 'politikus'),
(1417, 1073, 'előadóművész'),
(1418, 1073, 'népdalénekes'),
(1419, 1074, 'növénynemesítő'),
(1420, 1075, 'gépészmérnök'),
(1421, 1076, 'fizikus'),
(1422, 1077, 'táncművész'),
(1423, 1077, 'koreográfus'),
(1424, 1078, 'operaénekes'),
(1425, 1079, 'traktoros'),
(1426, 1080, 'tsz-elnök'),
(1427, 1081, 'költő'),
(1428, 1082, 'színész'),
(1429, 1082, 'rendező'),
(1430, 1083, 'fizikus'),
(1431, 1084, 'költő'),
(1432, 1084, 'író'),
(1433, 1085, 'színész'),
(1434, 1086, 'színész'),
(1435, 1087, 'népzenész'),
(1436, 1088, 'rendező'),
(1437, 1089, 'költő'),
(1438, 1089, 'író'),
(1439, 1089, 'pedagógus'),
(1440, 1089, 'piarista pap'),
(1441, 1090, 'színész'),
(1442, 1091, 'textiltervező'),
(1443, 1091, 'iparművész'),
(1444, 1092, 'színész'),
(1445, 1093, 'színész'),
(1446, 1093, 'színigazgató'),
(1447, 1094, 'költő'),
(1448, 1094, 'író'),
(1449, 1094, 'műfordító'),
(1450, 1095, 'színész'),
(1451, 1096, 'kertész'),
(1452, 1096, 'népnevelő'),
(1453, 1097, 'szobrász'),
(1454, 1098, 'karmester'),
(1455, 1099, 'kertészmérnök'),
(1456, 1100, 'botanikus'),
(1457, 1101, 'zeneszerző'),
(1458, 1102, 'operaénekes'),
(1459, 1103, 'orvos'),
(1460, 1104, 'vegyészmérnök'),
(1461, 1105, 'író'),
(1462, 1105, 'irodalomtörténész'),
(1463, 1106, 'író'),
(1464, 1106, 'költő'),
(1465, 1106, 'irodalomtörténész'),
(1466, 1106, 'műfordító'),
(1467, 1107, 'blokk-kitoló munkás'),
(1468, 1108, 'műszerész'),
(1469, 1109, 'biokémikus'),
(1470, 1110, 'geológus'),
(1471, 1111, 'tervezőmérnök'),
(1472, 1112, 'vájár'),
(1473, 1112, 'politikus'),
(1474, 1113, 'zeneszerző'),
(1475, 1113, 'pedagógus'),
(1476, 1114, 'színész'),
(1477, 1115, 'mezőgazdász'),
(1478, 1116, 'építőipari munkás'),
(1479, 1117, 'író'),
(1480, 1118, 'traktoros'),
(1481, 1119, 'festő'),
(1482, 1120, 'operaénekes'),
(1483, 1121, 'zenetanár'),
(1484, 1121, 'karnagy'),
(1485, 1122, 'védőnő'),
(1486, 1123, 'zeneszerző'),
(1487, 1124, 'színész'),
(1488, 1125, 'jogász'),
(1489, 1126, 'tsz-elnök'),
(1490, 1126, 'földműves'),
(1491, 1127, 'mezőgazdász'),
(1492, 1127, 'tsz-elnök'),
(1493, 1128, 'filmrendező'),
(1494, 1129, 'szobrász'),
(1495, 1130, 'agrármérnök'),
(1496, 1131, 'költő'),
(1497, 1131, 'műfordító'),
(1498, 1132, 'író'),
(1499, 1133, 'karnagy'),
(1500, 1134, 'író'),
(1501, 1135, 'színész'),
(1502, 1136, 'színész'),
(1503, 1137, 'tüdőgyógyász'),
(1504, 1138, 'fiziko-kémikus'),
(1505, 1139, 'zenetörténész'),
(1506, 1140, 'jelmeztervező'),
(1507, 1141, 'vegyészmérnök'),
(1508, 1142, 'balettművész'),
(1509, 1143, 'bábszínész'),
(1510, 1144, 'zongoraművész'),
(1511, 1144, 'zeneszerző'),
(1512, 1144, 'jazz-zenész'),
(1513, 1145, 'tüdőgyógyász'),
(1514, 1146, 'író'),
(1515, 1147, 'grafikus'),
(1516, 1148, 'atomfizikus'),
(1517, 1149, 'kábelmester'),
(1518, 1150, 'munkás'),
(1519, 1151, 'geokémikus'),
(1520, 1151, 'geológus'),
(1521, 1152, 'pedagógus'),
(1522, 1153, 'festő'),
(1523, 1153, 'író'),
(1524, 1154, 'könyvtervező'),
(1525, 1154, 'tipográfus'),
(1526, 1154, 'grafikus'),
(1527, 1155, 'író'),
(1528, 1156, 'irodalomtörténész'),
(1529, 1156, 'műfordító'),
(1530, 1156, 'pedagógus'),
(1531, 1157, 'vegyészmérnök'),
(1532, 1158, 'rendező'),
(1533, 1159, 'matematikus'),
(1534, 1160, 'géplakatos'),
(1535, 1161, 'nyelvész'),
(1536, 1162, 'színész'),
(1537, 1163, 'villamosmérnök'),
(1538, 1164, 'építészmérnök'),
(1539, 1165, 'gépészmérnök'),
(1540, 1165, 'energetikus'),
(1541, 1166, 'anatómus'),
(1542, 1166, 'agykutató'),
(1543, 1167, 'biokémikus'),
(1544, 1168, 'festő'),
(1545, 1168, 'rajztanár'),
(1546, 1169, 'agrármérnök'),
(1547, 1169, 'pedagógus'),
(1548, 1170, 'festő'),
(1549, 1171, 'író'),
(1550, 1171, 'műfordító'),
(1551, 1171, 'pedagógus'),
(1552, 1172, 'villamosmérnök'),
(1553, 1173, 'farmakológus'),
(1554, 1173, 'vegyészmérnök'),
(1555, 1174, 'gépészmérnök'),
(1556, 1175, 'zeneszerző'),
(1557, 1176, 'szobrász'),
(1558, 1177, 'hídépítő mérnök'),
(1559, 1178, 'operatőr'),
(1560, 1179, 'mérnök'),
(1561, 1180, 'költő'),
(1562, 1180, 'műfordító'),
(1563, 1180, 'kiadói szerkesztő'),
(1564, 1181, 'operaénekes'),
(1565, 1182, 'vegyész'),
(1566, 1183, 'gépészmérnök'),
(1567, 1184, 'gépészmérnök'),
(1568, 1185, 'építészmérnök'),
(1569, 1186, 'bábművész'),
(1570, 1186, 'színigazgató'),
(1571, 1187, 'író'),
(1572, 1188, 'történész'),
(1573, 1188, 'művészettörténész'),
(1574, 1189, 'agrármérnök'),
(1575, 1190, 'rendező'),
(1576, 1190, 'színigazgató'),
(1577, 1191, 'színész'),
(1578, 1192, 'népművelő'),
(1579, 1193, 'jogász'),
(1580, 1194, 'esztergályos'),
(1581, 1195, 'zeneszerző'),
(1582, 1196, 'filmrendező'),
(1583, 1197, 'selyemszövő'),
(1584, 1198, 'zeneszerző'),
(1585, 1199, 'színész'),
(1586, 1200, 'zenekarvezető'),
(1587, 1200, 'dalszerző'),
(1588, 1200, 'énekes'),
(1589, 1200, 'gitáros'),
(1590, 1201, 'basszusgitáros'),
(1591, 1201, 'dalszerző'),
(1592, 1201, 'zenei rendező'),
(1593, 1202, 'kovács'),
(1594, 1203, 'vasesztergályos'),
(1595, 1203, 'gépészmérnök'),
(1596, 1204, 'gépészmérnök'),
(1597, 1205, 'matematikus'),
(1598, 1206, 'brigádvezető'),
(1599, 1206, 'állattenyésztő'),
(1600, 1207, 'zeneszerző'),
(1601, 1207, 'zenetörténész'),
(1602, 1208, 'festő'),
(1603, 1209, 'filmrendező'),
(1604, 1210, 'színész'),
(1605, 1211, 'előadóművész'),
(1606, 1212, 'fúrómester'),
(1607, 1213, 'hegedűművész'),
(1608, 1214, 'ötvös'),
(1609, 1214, 'restaurátor'),
(1610, 1215, 'vájár'),
(1611, 1216, 'olvasztár'),
(1612, 1217, 'operaénekes'),
(1613, 1218, 'író'),
(1614, 1218, 'költő'),
(1615, 1218, 'műfordító'),
(1616, 1219, 'író'),
(1617, 1220, 'író'),
(1618, 1220, 'költő'),
(1619, 1220, 'műfordító'),
(1620, 1221, 'matematikus'),
(1621, 1222, 'állatfiziológus'),
(1622, 1222, 'orvos'),
(1623, 1223, 'földműves'),
(1624, 1224, 'pedagógus'),
(1625, 1225, 'gépészmérnök'),
(1626, 1226, 'bányamérnök'),
(1627, 1227, 'biofizikus'),
(1628, 1228, 'fonónő'),
(1629, 1229, 'filmrendező'),
(1630, 1230, 'vegyészmérnök'),
(1631, 1231, 'író'),
(1632, 1232, 'rendező'),
(1633, 1233, 'színész'),
(1634, 1234, 'geodéta'),
(1635, 1234, 'geofizikus'),
(1636, 1235, 'hegedűművész'),
(1637, 1236, 'kohómérnök'),
(1638, 1237, 'előhengerész'),
(1639, 1238, 'író'),
(1640, 1239, 'kémikus'),
(1641, 1240, 'papírmérnök'),
(1642, 1240, 'gazdasági vezető'),
(1643, 1241, 'tervezőmérnök'),
(1644, 1242, 'operaénekes'),
(1645, 1243, 'színész'),
(1646, 1244, 'operaénekes'),
(1647, 1245, 'pedagógus'),
(1648, 1246, 'színész'),
(1649, 1247, 'geológus'),
(1650, 1248, 'színész'),
(1651, 1249, 'író'),
(1652, 1250, 'színész'),
(1653, 1250, 'rendező'),
(1654, 1251, 'villamosmérnök'),
(1655, 1252, 'zeneesztéta'),
(1656, 1253, 'traktoros'),
(1657, 1254, 'vasesztergályos'),
(1658, 1255, 'textilmérnök'),
(1659, 1256, 'gazdasági vezető'),
(1660, 1257, 'mozdonyvezető'),
(1661, 1258, 'filmoperatőr'),
(1662, 1258, 'rendező'),
(1663, 1259, 'mezőgazdász'),
(1664, 1260, 'festő'),
(1665, 1261, 'gazdasági vezető'),
(1666, 1262, 'történész'),
(1667, 1263, 'mérnök'),
(1668, 1264, 'hisztológus'),
(1669, 1265, 'színész'),
(1670, 1266, 'építészmérnök'),
(1671, 1267, 'kémikus'),
(1672, 1268, 'vegyész'),
(1673, 1269, 'tsz-elnök'),
(1674, 1270, 'színész'),
(1675, 1271, 'költő'),
(1676, 1271, 'kritikus'),
(1677, 1271, 'műfordító'),
(1678, 1272, 'matematikus'),
(1679, 1273, 'irodalomtörténész'),
(1680, 1274, 'gépészmérnök'),
(1681, 1275, 'villamosmérnök'),
(1682, 1276, 'mikológus'),
(1683, 1276, 'herbológus'),
(1684, 1277, 'festő'),
(1685, 1277, 'grafikus'),
(1686, 1278, 'színész'),
(1687, 1279, 'táncművész'),
(1688, 1279, 'balettpedagógus'),
(1689, 1280, 'zeneesztéta'),
(1690, 1281, 'zongoraművész'),
(1691, 1282, 'szobrász'),
(1692, 1283, 'színész'),
(1693, 1284, 'színész'),
(1694, 1285, 'író'),
(1695, 1285, 'újságíró'),
(1696, 1286, 'gépészmérnök'),
(1697, 1287, 'bányamérnök'),
(1698, 1288, 'immunológus'),
(1699, 1289, 'műhelyvezető'),
(1700, 1290, 'geológus'),
(1701, 1291, 'építész'),
(1702, 1292, 'vegyészmérnök'),
(1703, 1293, 'zeneszerző'),
(1704, 1294, 'kőműves'),
(1705, 1295, 'vegyészmérnök'),
(1706, 1296, 'villamosmérnök'),
(1707, 1297, 'vasesztergályos'),
(1708, 1298, 'színházi'),
(1709, 1299, 'tsz-elnök'),
(1710, 1300, 'költő'),
(1711, 1300, 'politikus'),
(1712, 1301, 'gépészmérnök'),
(1713, 1302, 'kikészítőmester'),
(1714, 1303, 'vájár'),
(1715, 1304, 'gépészmérnök'),
(1716, 1305, 'vájár'),
(1717, 1306, 'író'),
(1718, 1306, 'újságíró'),
(1719, 1307, 'szobrász'),
(1720, 1308, 'vegyészmérnök'),
(1721, 1309, 'kőműves'),
(1722, 1310, 'festő'),
(1723, 1310, 'díszlettervező'),
(1724, 1311, 'matematikus'),
(1725, 1312, 'kémikus'),
(1726, 1313, 'író'),
(1727, 1313, 'költő'),
(1728, 1313, 'műfordító'),
(1729, 1314, 'díszlettervező'),
(1730, 1315, 'ütőhangszeres kamaraművész'),
(1731, 1316, 'bányamérnök'),
(1732, 1317, 'mezőgazdász'),
(1733, 1318, 'agronómus'),
(1734, 1319, 'gépészmérnök'),
(1735, 1320, 'rendező'),
(1736, 1321, 'színész'),
(1737, 1322, 'színművész'),
(1738, 1322, 'rendező'),
(1739, 1323, 'mérnök'),
(1740, 1324, 'zeneszerző'),
(1741, 1324, 'karnagy'),
(1742, 1325, 'zongoraművész'),
(1743, 1325, 'karmester'),
(1744, 1326, 'villamosmérnök'),
(1745, 1327, 'szobrász'),
(1746, 1328, 'geológus'),
(1747, 1328, 'muzeológus'),
(1748, 1329, 'geológus'),
(1749, 1330, 'gépészmérnök'),
(1750, 1331, 'író'),
(1751, 1332, 'zeneszerző'),
(1752, 1333, 'vegyészmérnök'),
(1753, 1334, 'fizikus'),
(1754, 1334, 'pedagógus'),
(1755, 1335, 'kohómérnök'),
(1756, 1336, 'író'),
(1757, 1336, 'költő'),
(1758, 1337, 'orvos'),
(1759, 1338, 'szobrász'),
(1760, 1339, 'tsz-elnök'),
(1761, 1340, 'DÉFOSZ-titkár'),
(1762, 1341, 'festőművész'),
(1763, 1342, 'zeneszerző'),
(1764, 1343, 'geológus'),
(1765, 1344, 'tv-riporter'),
(1766, 1344, 'újságíró'),
(1767, 1345, 'szobrász'),
(1768, 1345, 'éremművész'),
(1769, 1346, 'pedagógus'),
(1770, 1347, 'balettművész'),
(1771, 1348, 'gépészmérnök'),
(1772, 1349, 'gazdasági vezető'),
(1773, 1350, 'építész'),
(1774, 1351, 'orvos'),
(1775, 1352, 'zeneszerző'),
(1776, 1353, 'fiziológus'),
(1777, 1354, 'költő'),
(1778, 1354, 'műfordító'),
(1779, 1355, 'agrármérnök'),
(1780, 1356, 'kohómérnök'),
(1781, 1357, 'villamosmérnök'),
(1782, 1358, 'gépészmérnök'),
(1783, 1359, 'elektrofizikus'),
(1784, 1360, 'orvos'),
(1785, 1360, 'mikrobiológus'),
(1786, 1361, 'építészmérnök'),
(1787, 1362, 'pedagógus'),
(1788, 1363, 'bányamérnök'),
(1789, 1364, 'hegedűművész'),
(1790, 1365, 'művészettörténész'),
(1791, 1366, 'festő'),
(1792, 1366, 'grafikus'),
(1793, 1367, 'kohómérnök'),
(1794, 1368, 'író'),
(1795, 1368, 'szociográfus'),
(1796, 1369, 'költő'),
(1797, 1370, 'szerveskémikus'),
(1798, 1371, 'színművész'),
(1799, 1372, 'mérnök'),
(1800, 1373, 'anatómus'),
(1801, 1374, 'botanikus'),
(1802, 1374, 'muzeológus'),
(1803, 1375, 'gépészmérnök'),
(1804, 1376, 'színházi rendező'),
(1805, 1377, 'radiológus orvos'),
(1806, 1378, 'szabó'),
(1807, 1379, 'vájár'),
(1808, 1380, 'gépészmérnök'),
(1809, 1381, 'történész'),
(1810, 1382, 'nyelvész'),
(1811, 1383, 'színművész'),
(1812, 1383, 'rendező'),
(1813, 1384, 'filmrendező'),
(1814, 1385, 'operaénekes'),
(1815, 1386, 'zenész'),
(1816, 1386, 'zeneszerző'),
(1817, 1387, 'színművész'),
(1818, 1388, 'szobrászművész'),
(1819, 1389, 'rendező'),
(1820, 1390, 'színművész'),
(1821, 1391, 'építész'),
(1822, 1392, 'filmrendező'),
(1823, 1393, 'hegedűművész'),
(1824, 1393, 'karmester'),
(1825, 1394, 'festőművész'),
(1826, 1395, 'költő'),
(1827, 1395, 'drámaíró'),
(1828, 1396, 'karnagy'),
(1829, 1397, 'gordonkaművész'),
(1830, 1398, 'színművész'),
(1831, 1399, 'színművész'),
(1832, 1400, 'építészmérnök'),
(1833, 1400, 'tárgytervező'),
(1834, 1401, 'hegedűművész'),
(1835, 1402, 'színművész'),
(1836, 1402, 'rendező'),
(1837, 1403, 'költő'),
(1838, 1403, 'műfordító'),
(1839, 1404, 'költő'),
(1840, 1404, 'író'),
(1841, 1404, 'műfordító'),
(1842, 1405, 'költő'),
(1843, 1405, 'író'),
(1844, 1405, 'műfordító'),
(1845, 1406, 'színművész'),
(1846, 1407, 'filmrendező'),
(1847, 1407, 'író'),
(1848, 1407, 'dramaturg'),
(1849, 1408, 'festőművész'),
(1850, 1408, 'grafikusművész'),
(1851, 1408, 'szobrászművész'),
(1852, 1408, 'környezettervező'),
(1853, 1409, 'karmester'),
(1854, 1410, 'előadóművész'),
(1855, 1411, 'rendező'),
(1856, 1412, 'rendező'),
(1857, 1413, 'forgatókönyvíró'),
(1858, 1413, 'dramaturg'),
(1859, 1414, 'balettművész'),
(1860, 1415, 'előadóművész'),
(1861, 1416, 'festőművész'),
(1862, 1417, 'színművész'),
(1863, 1418, 'magánénekes'),
(1864, 1419, 'operatőr'),
(1865, 1420, 'színművész'),
(1866, 1421, 'író'),
(1867, 1421, 'költő'),
(1868, 1421, 'műfordító'),
(1869, 1422, 'hegedűművész'),
(1870, 1423, 'színművész'),
(1871, 1424, 'költő'),
(1872, 1425, 'építészmérnök'),
(1873, 1002, 'zongoraművész');

CREATE TABLE `mikor` (
  `azonosito` int(11) NOT NULL,
  `szemaz` int(11) NOT NULL,
  `ev` int(11) NOT NULL
) ENGINE=InnoDB DEFAULT CHARSET=utf8mb4;

INSERT INTO `mikor` (`azonosito`, `szemaz`, `ev`) VALUES
(1, 1, 1949),
(2, 2, 1985),
(3, 3, 1954),
(4, 4, 1951),
(5, 5, 1948),
(6, 6, 1960),
(7, 7, 1954),
(8, 8, 1951),
(9, 9, 1962),
(10, 10, 1997),
(11, 11, 1960),
(12, 12, 1962),
(13, 13, 1961),
(14, 14, 2004),
(15, 15, 1955),
(16, 16, 1948),
(17, 17, 1949),
(18, 18, 1994),
(19, 19, 1954),
(20, 20, 1993),
(21, 21, 1954),
(22, 22, 1958),
(23, 23, 1956),
(24, 24, 1992),
(25, 25, 1975),
(26, 26, 1953),
(27, 27, 1952),
(28, 27, 1954),
(29, 28, 1957),
(30, 29, 1965),
(31, 30, 1992),
(32, 31, 1995),
(33, 32, 1951),
(34, 33, 2005),
(35, 34, 1985),
(36, 35, 1948),
(37, 36, 2002),
(38, 37, 1961),
(39, 38, 1983),
(40, 39, 1949),
(41, 40, 1962),
(42, 41, 1951),
(43, 42, 2004),
(44, 43, 1953),
(45, 44, 1954),
(46, 45, 1957),
(47, 46, 1955),
(48, 47, 1963),
(49, 48, 1954),
(50, 49, 1958),
(51, 50, 1955),
(52, 51, 1950),
(53, 52, 2006),
(54, 53, 1996),
(55, 54, 2002),
(56, 55, 1954),
(57, 56, 1949),
(58, 57, 1999),
(59, 58, 1948),
(60, 59, 1954),
(61, 59, 1985),
(62, 60, 2001),
(63, 61, 1953),
(64, 62, 1962),
(65, 63, 1957),
(66, 64, 1957),
(67, 65, 1956),
(68, 66, 1993),
(69, 67, 1948),
(70, 68, 1977),
(71, 69, 1952),
(72, 70, 1958),
(73, 71, 1948),
(74, 72, 1960),
(75, 73, 2003),
(76, 74, 1985),
(77, 75, 1994),
(78, 76, 1950),
(79, 76, 1952),
(80, 76, 1954),
(81, 77, 2001),
(82, 78, 1951),
(83, 79, 1952),
(84, 80, 1953),
(85, 81, 1955),
(86, 82, 1960),
(87, 83, 1993),
(88, 84, 1955),
(89, 85, 1954),
(90, 86, 1949),
(91, 87, 2000),
(92, 88, 1949),
(93, 89, 1959),
(94, 90, 1960),
(95, 91, 1949),
(96, 92, 2001),
(97, 93, 1992),
(98, 94, 1949),
(99, 95, 1952),
(100, 96, 1956),
(101, 97, 1955),
(102, 98, 1952),
(103, 99, 1963),
(104, 100, 1958),
(105, 101, 1954),
(106, 102, 1950),
(107, 102, 1952),
(108, 103, 2006),
(109, 104, 1949),
(110, 105, 2001),
(111, 106, 1961),
(112, 107, 1949),
(113, 108, 1951),
(114, 109, 1952),
(115, 110, 1948),
(116, 110, 1970),
(117, 111, 2004),
(118, 112, 1953),
(119, 112, 1955),
(120, 113, 1960),
(121, 114, 1995),
(122, 115, 1954),
(123, 116, 2000),
(124, 117, 1951),
(125, 118, 1951),
(126, 118, 1953),
(127, 119, 2000),
(128, 120, 1949),
(129, 121, 2004),
(130, 122, 1952),
(131, 123, 1959),
(132, 124, 1959),
(133, 125, 2003),
(134, 126, 2005),
(135, 127, 2004),
(136, 128, 1948),
(137, 129, 1949),
(138, 129, 1956),
(139, 130, 1948),
(140, 130, 1962),
(141, 131, 1958),
(142, 132, 2004),
(143, 133, 1949),
(144, 134, 1954),
(145, 135, 1953),
(146, 136, 1953),
(147, 137, 1954),
(148, 138, 1949),
(149, 139, 1956),
(150, 140, 1948),
(151, 141, 2006),
(152, 142, 1957),
(153, 143, 1958),
(154, 144, 1957),
(155, 145, 1973),
(156, 146, 2004),
(157, 147, 1970),
(158, 148, 1990),
(159, 149, 2006),
(160, 150, 1952),
(161, 151, 1950),
(162, 152, 1955),
(163, 153, 2000),
(164, 154, 1950),
(165, 155, 2000),
(166, 156, 1949),
(167, 156, 1955),
(168, 157, 1948),
(169, 158, 2005),
(170, 159, 1999),
(171, 160, 1955),
(172, 161, 1953),
(173, 162, 1951),
(174, 163, 1949),
(175, 164, 1956),
(176, 165, 1948),
(177, 166, 1953),
(178, 167, 1953),
(179, 168, 1960),
(180, 169, 1949),
(181, 169, 1954),
(182, 170, 1959),
(183, 171, 1959),
(184, 172, 1957),
(185, 173, 1948),
(186, 174, 1962),
(187, 175, 1948),
(188, 176, 1948),
(189, 177, 1950),
(190, 178, 1956),
(191, 179, 1975),
(192, 180, 1954),
(193, 181, 2003),
(194, 182, 2006),
(195, 183, 1952),
(196, 184, 1963),
(197, 185, 2001),
(198, 186, 1948),
(199, 187, 1962),
(200, 188, 1952),
(201, 189, 1955),
(202, 190, 1952),
(203, 191, 1975),
(204, 192, 1990),
(205, 193, 1997),
(206, 194, 1993),
(207, 195, 1997),
(208, 196, 1953),
(209, 197, 2001),
(210, 198, 1996),
(211, 199, 1954),
(212, 200, 1990),
(213, 201, 1950),
(214, 202, 1985),
(215, 203, 1951),
(216, 204, 1948),
(217, 204, 1952),
(218, 205, 1999),
(219, 206, 1954),
(220, 207, 1953),
(221, 208, 1956),
(222, 209, 1955),
(223, 210, 1952),
(224, 211, 1978),
(225, 211, 1998),
(226, 212, 1956),
(227, 212, 1960),
(228, 213, 1957),
(229, 214, 1954),
(230, 215, 1951),
(231, 216, 1952),
(232, 217, 1952),
(233, 218, 1949),
(234, 219, 1993),
(235, 220, 1953),
(236, 221, 1954),
(237, 222, 1948),
(238, 223, 1953),
(239, 224, 1970),
(240, 225, 2001),
(241, 226, 1955),
(242, 227, 2005),
(243, 228, 1948),
(244, 229, 1958),
(245, 230, 1999),
(246, 231, 1954),
(247, 232, 1955),
(248, 233, 1994),
(249, 234, 1959),
(250, 235, 1949),
(251, 236, 1990),
(252, 237, 1953),
(253, 237, 1956),
(254, 238, 1954),
(255, 239, 1950),
(256, 240, 1956),
(257, 241, 1952),
(258, 242, 1962),
(259, 243, 1961),
(260, 244, 1978),
(261, 245, 1957),
(262, 246, 1957),
(263, 247, 1949),
(264, 248, 1978),
(265, 249, 1978),
(266, 250, 1955),
(267, 251, 1990),
(268, 252, 1956),
(269, 253, 1949),
(270, 253, 1953),
(271, 254, 1948),
(272, 255, 1957),
(273, 256, 1955),
(274, 257, 1953),
(275, 258, 2002),
(276, 259, 1953),
(277, 260, 1949),
(278, 261, 2005),
(279, 262, 2002),
(280, 263, 1999),
(281, 264, 1948),
(282, 264, 1962),
(283, 265, 1960),
(284, 266, 1951),
(285, 267, 1975),
(286, 268, 2001),
(287, 269, 1951),
(288, 269, 1958),
(289, 270, 1950),
(290, 270, 1956),
(291, 271, 1999),
(292, 272, 1958),
(293, 273, 1948),
(294, 273, 1956),
(295, 274, 1954),
(296, 275, 1949),
(297, 276, 1953),
(298, 277, 1996),
(299, 278, 2001),
(300, 279, 1952),
(301, 280, 1948),
(302, 281, 1950),
(303, 282, 1951),
(304, 283, 1999),
(305, 284, 1954),
(306, 285, 1953),
(307, 286, 1994),
(308, 287, 1985),
(309, 288, 1950),
(310, 288, 1991),
(311, 289, 1959),
(312, 290, 1952),
(313, 290, 1988),
(314, 291, 1948),
(315, 292, 1950),
(316, 293, 1953),
(317, 293, 1955),
(318, 293, 1970),
(319, 294, 1951),
(320, 295, 1948),
(321, 296, 2000),
(322, 297, 1948),
(323, 298, 1975),
(324, 299, 1961),
(325, 300, 1957),
(326, 301, 1956),
(327, 302, 1978),
(328, 303, 1953),
(329, 304, 1975),
(330, 305, 1951),
(331, 305, 1961),
(332, 306, 2006),
(333, 307, 2002),
(334, 308, 1950),
(335, 309, 1948),
(336, 309, 1965),
(337, 310, 1948),
(338, 311, 1955),
(339, 312, 1949),
(340, 313, 1996),
(341, 314, 1949),
(342, 314, 1955),
(343, 314, 1965),
(344, 315, 2006),
(345, 316, 1992),
(346, 317, 1950),
(347, 317, 1954),
(348, 318, 1953),
(349, 319, 1957),
(350, 320, 1953),
(351, 321, 1952),
(352, 322, 1953),
(353, 323, 1995),
(354, 324, 1956),
(355, 325, 1952),
(356, 326, 1970),
(357, 327, 1954),
(358, 328, 1951),
(359, 329, 1952),
(360, 330, 1951),
(361, 331, 1948),
(362, 332, 1950),
(363, 333, 1959),
(364, 334, 1950),
(365, 335, 1955),
(366, 336, 1953),
(367, 337, 1957),
(368, 338, 1950),
(369, 339, 1962),
(370, 340, 1951),
(371, 341, 1948),
(372, 342, 1991),
(373, 343, 1963),
(374, 344, 2002),
(375, 345, 1978),
(376, 346, 1956),
(377, 347, 1965),
(378, 348, 1963),
(379, 349, 1988),
(380, 350, 1952),
(381, 351, 1953),
(382, 352, 1953),
(383, 353, 1948),
(384, 354, 1955),
(385, 354, 1975),
(386, 355, 1952),
(387, 356, 1961),
(388, 357, 1978),
(389, 358, 2005),
(390, 359, 1951),
(391, 360, 1953),
(392, 361, 1951),
(393, 361, 1955),
(394, 362, 1950),
(395, 362, 1953),
(396, 363, 1949),
(397, 364, 1952),
(398, 365, 1950),
(399, 366, 1949),
(400, 367, 1954),
(401, 368, 2000),
(402, 369, 1994),
(403, 370, 1949),
(404, 370, 1956),
(405, 371, 1961),
(406, 372, 1952),
(407, 373, 1949),
(408, 374, 1957),
(409, 375, 1948),
(410, 376, 1950),
(411, 377, 1949),
(412, 377, 1957),
(413, 378, 1954),
(414, 379, 1952),
(415, 380, 1957),
(416, 381, 1953),
(417, 382, 1949),
(418, 383, 1966),
(419, 384, 1948),
(420, 384, 1950),
(421, 385, 1956),
(422, 386, 1963),
(423, 387, 1956),
(424, 388, 1997),
(425, 389, 1954),
(426, 390, 1957),
(427, 391, 1951),
(428, 392, 1951),
(429, 393, 2006),
(430, 394, 2000),
(431, 395, 1999),
(432, 396, 1958),
(433, 397, 1999),
(434, 398, 1995),
(435, 399, 2004),
(436, 400, 2000),
(437, 401, 2000),
(438, 402, 1948),
(439, 403, 1951),
(440, 404, 1955),
(441, 405, 2000),
(442, 406, 1990),
(443, 407, 1948),
(444, 408, 1949),
(445, 409, 1962),
(446, 410, 2004),
(447, 411, 1953),
(448, 412, 1958),
(449, 413, 1980),
(450, 414, 1951),
(451, 415, 1994),
(452, 416, 1954),
(453, 417, 2003),
(454, 418, 1990),
(455, 419, 1951),
(456, 419, 1962),
(457, 420, 1953),
(458, 421, 2001),
(459, 422, 1948),
(460, 423, 1959),
(461, 424, 1999),
(462, 425, 1954),
(463, 426, 1990),
(464, 427, 1955),
(465, 428, 1956),
(466, 429, 1961),
(467, 430, 2000),
(468, 431, 1997),
(469, 432, 1956),
(470, 433, 1948),
(471, 434, 1991),
(472, 435, 1959),
(473, 436, 1985),
(474, 437, 1950),
(475, 438, 1965),
(476, 439, 1957),
(477, 440, 1955),
(478, 441, 1998),
(479, 442, 1951),
(480, 443, 1951),
(481, 444, 1948),
(482, 445, 1970),
(483, 446, 1949),
(484, 447, 1950),
(485, 448, 1956),
(486, 449, 1951),
(487, 450, 1957),
(488, 451, 2004),
(489, 452, 1955),
(490, 453, 1999),
(491, 454, 1956),
(492, 455, 1948),
(493, 456, 2006),
(494, 457, 1950),
(495, 457, 1955),
(496, 458, 1959),
(497, 459, 1962),
(498, 460, 1958),
(499, 461, 1958),
(500, 462, 1954),
(501, 463, 1948),
(502, 464, 1948),
(503, 465, 1959),
(504, 466, 1998),
(505, 467, 2004),
(506, 468, 1961),
(507, 469, 1952),
(508, 470, 1950),
(509, 471, 1949),
(510, 472, 1953),
(511, 473, 1980),
(512, 474, 1951),
(513, 474, 1953),
(514, 475, 1950),
(515, 476, 1948),
(516, 477, 1957),
(517, 478, 1948),
(518, 479, 1952),
(519, 480, 1955),
(520, 481, 1950),
(521, 482, 1948),
(522, 483, 1992),
(523, 484, 1956),
(524, 485, 1957),
(525, 486, 1973),
(526, 487, 1952),
(527, 488, 1950),
(528, 489, 1950),
(529, 490, 1994),
(530, 491, 1960),
(531, 492, 1990),
(532, 493, 1953),
(533, 494, 1978),
(534, 495, 1956),
(535, 496, 2000),
(536, 497, 1948),
(537, 498, 1998),
(538, 499, 1959),
(539, 500, 1950),
(540, 500, 1955),
(541, 501, 1963),
(542, 502, 1950),
(543, 502, 1973),
(544, 503, 2000),
(545, 504, 1948),
(546, 504, 1953),
(547, 504, 1970),
(548, 505, 1965),
(549, 506, 1953),
(550, 507, 1952),
(551, 508, 1948),
(552, 508, 1952),
(553, 509, 1948),
(554, 510, 1958),
(555, 511, 1995),
(556, 512, 1973),
(557, 512, 2006),
(558, 513, 1948),
(559, 513, 1955),
(560, 514, 1997),
(561, 515, 2003),
(562, 516, 1956),
(563, 517, 1978),
(564, 518, 1951),
(565, 519, 1953),
(566, 520, 1948),
(567, 521, 1963),
(568, 522, 1951),
(569, 523, 1954),
(570, 524, 1952),
(571, 525, 1953),
(572, 526, 1963),
(573, 527, 2001),
(574, 528, 1990),
(575, 529, 1948),
(576, 530, 1994),
(577, 531, 1951),
(578, 532, 1954),
(579, 533, 1956),
(580, 534, 1996),
(581, 535, 1997),
(582, 536, 1948),
(583, 537, 1951),
(584, 537, 1973),
(585, 538, 1951),
(586, 539, 1962),
(587, 540, 1993),
(588, 541, 1951),
(589, 542, 1958),
(590, 543, 1955),
(591, 544, 1950),
(592, 544, 1975),
(593, 545, 1956),
(594, 546, 1996),
(595, 547, 1950),
(596, 548, 1952),
(597, 549, 2003),
(598, 550, 2001),
(599, 551, 1955),
(600, 552, 1952),
(601, 553, 1957),
(602, 554, 1949),
(603, 555, 2006),
(604, 556, 1948),
(605, 557, 1953),
(606, 558, 1956),
(607, 559, 1955),
(608, 560, 1950),
(609, 561, 1999),
(610, 562, 1963),
(611, 563, 1965),
(612, 564, 1948),
(613, 565, 1965),
(614, 566, 1956),
(615, 567, 1952),
(616, 568, 1973),
(617, 569, 2003),
(618, 570, 1956),
(619, 571, 1970),
(620, 572, 1952),
(621, 573, 1978),
(622, 574, 1993),
(623, 575, 1960),
(624, 576, 1953),
(625, 577, 1997),
(626, 578, 1951),
(627, 578, 1953),
(628, 578, 1954),
(629, 579, 1954),
(630, 580, 1948),
(631, 581, 2005),
(632, 582, 1950),
(633, 583, 1994),
(634, 584, 1953),
(635, 585, 1955),
(636, 586, 2002),
(637, 587, 1955),
(638, 588, 1992),
(639, 589, 1965),
(640, 590, 1951),
(641, 591, 1953),
(642, 592, 1950),
(643, 593, 1997),
(644, 594, 1957),
(645, 595, 2000),
(646, 596, 1990),
(647, 597, 1950),
(648, 598, 1980),
(649, 599, 1953),
(650, 600, 1996),
(651, 601, 2003),
(652, 602, 1948),
(653, 603, 1975),
(654, 604, 1950),
(655, 604, 1953),
(656, 605, 1948),
(657, 606, 1954),
(658, 607, 1955),
(659, 608, 1952),
(660, 609, 1954),
(661, 610, 1963),
(662, 611, 1970),
(663, 612, 1948),
(664, 613, 1959),
(665, 614, 1957),
(666, 615, 1975),
(667, 616, 1953),
(668, 617, 1951),
(669, 618, 1951),
(670, 619, 1955),
(671, 620, 1948),
(672, 621, 1949),
(673, 622, 1953),
(674, 623, 1960),
(675, 624, 1953),
(676, 625, 2000),
(677, 626, 1953),
(678, 627, 1959),
(679, 628, 1978),
(680, 628, 2005),
(681, 629, 1948),
(682, 629, 1952),
(683, 629, 1957),
(684, 630, 1990),
(685, 631, 1966),
(686, 632, 1983),
(687, 633, 1957),
(688, 634, 1958),
(689, 635, 1955),
(690, 636, 1950),
(691, 636, 1953),
(692, 637, 1980),
(693, 638, 1985),
(694, 639, 1954),
(695, 640, 1970),
(696, 640, 1977),
(697, 641, 1973),
(698, 642, 1963),
(699, 643, 1953),
(700, 644, 1997),
(701, 645, 1990),
(702, 646, 1950),
(703, 646, 1952),
(704, 647, 1998),
(705, 648, 1990),
(706, 649, 1999),
(707, 650, 1958),
(708, 651, 1955),
(709, 652, 1963),
(710, 653, 1999),
(711, 654, 1948),
(712, 655, 1951),
(713, 656, 1948),
(714, 657, 1970),
(715, 658, 1988),
(716, 659, 1963),
(717, 660, 1952),
(718, 661, 1955),
(719, 662, 1951),
(720, 663, 1950),
(721, 664, 2001),
(722, 665, 1950),
(723, 666, 1950),
(724, 667, 1953),
(725, 668, 1954),
(726, 669, 1957),
(727, 670, 1948),
(728, 671, 1953),
(729, 672, 1954),
(730, 673, 1955),
(731, 674, 1992),
(732, 675, 1996),
(733, 676, 1948),
(734, 677, 1950),
(735, 677, 1953),
(736, 678, 1970),
(737, 679, 1951),
(738, 680, 2005),
(739, 681, 1959),
(740, 682, 2001),
(741, 683, 1956),
(742, 684, 1955),
(743, 685, 2004),
(744, 686, 1950),
(745, 686, 1954),
(746, 687, 1954),
(747, 688, 1951),
(748, 689, 1953),
(749, 690, 2006),
(750, 691, 1962),
(751, 692, 1954),
(752, 693, 1973),
(753, 693, 1996),
(754, 694, 1985),
(755, 695, 1960),
(756, 696, 1955),
(757, 697, 1952),
(758, 698, 1951),
(759, 699, 1959),
(760, 700, 1957),
(761, 701, 1995),
(762, 702, 1948),
(763, 703, 1998),
(764, 704, 1950),
(765, 705, 1990),
(766, 706, 1995),
(767, 707, 1990),
(768, 708, 1952),
(769, 709, 1998),
(770, 710, 2005),
(771, 711, 1963),
(772, 712, 1996),
(773, 713, 2004),
(774, 714, 1973),
(775, 715, 2004),
(776, 716, 1962),
(777, 717, 1949),
(778, 718, 1998),
(779, 719, 1955),
(780, 720, 1963),
(781, 721, 1961),
(782, 722, 2006),
(783, 723, 1949),
(784, 724, 2003),
(785, 725, 1949),
(786, 726, 1953),
(787, 727, 1956),
(788, 728, 1954),
(789, 729, 1954),
(790, 730, 1954),
(791, 731, 1954),
(792, 732, 1954),
(793, 733, 1961),
(794, 734, 1950),
(795, 735, 1956),
(796, 736, 1956),
(797, 737, 1994),
(798, 738, 1951),
(799, 739, 1952),
(800, 740, 1952),
(801, 741, 1953),
(802, 742, 1955),
(803, 743, 1951),
(804, 744, 1996),
(805, 745, 1948),
(806, 745, 1955),
(807, 746, 1952),
(808, 747, 1963),
(809, 748, 1973),
(810, 749, 1965),
(811, 750, 2006),
(812, 751, 1953),
(813, 752, 2001),
(814, 753, 1952),
(815, 753, 1964),
(816, 754, 1952),
(817, 755, 1956),
(818, 756, 1996),
(819, 757, 1952),
(820, 758, 1949),
(821, 759, 1948),
(822, 759, 1955),
(823, 760, 1973),
(824, 761, 1954),
(825, 762, 1956),
(826, 763, 1990),
(827, 764, 1978),
(828, 765, 1957),
(829, 766, 1949),
(830, 767, 1954),
(831, 768, 1950),
(832, 768, 1961),
(833, 769, 1949),
(834, 770, 1950),
(835, 771, 1983),
(836, 772, 1961),
(837, 773, 1957),
(838, 774, 2002),
(839, 775, 1950),
(840, 776, 1957),
(841, 776, 1970),
(842, 777, 1997),
(843, 778, 1957),
(844, 779, 2003),
(845, 780, 2003),
(846, 781, 1973),
(847, 782, 1955),
(848, 783, 1955),
(849, 784, 1950),
(850, 785, 1954),
(851, 786, 2003),
(852, 787, 1953),
(853, 788, 1998),
(854, 789, 1957),
(855, 790, 1988),
(856, 791, 1990),
(857, 792, 1956),
(858, 793, 1950),
(859, 794, 1952),
(860, 795, 1950),
(861, 796, 1983),
(862, 797, 1985),
(863, 798, 1955),
(864, 799, 1950),
(865, 799, 1956),
(866, 800, 1953),
(867, 801, 1958),
(868, 802, 1948),
(869, 802, 1957),
(870, 803, 1958),
(871, 804, 1954),
(872, 805, 2006),
(873, 806, 1948),
(874, 807, 1955),
(875, 808, 1948),
(876, 809, 1962),
(877, 810, 1988),
(878, 811, 1980),
(879, 812, 1962),
(880, 813, 1961),
(881, 814, 1997),
(882, 815, 2002),
(883, 816, 1960),
(884, 817, 1953),
(885, 818, 1949),
(886, 819, 1950),
(887, 819, 1954),
(888, 820, 1948),
(889, 821, 1956),
(890, 822, 1963),
(891, 823, 1954),
(892, 824, 1990),
(893, 825, 1962),
(894, 826, 1999),
(895, 827, 1956),
(896, 828, 1990),
(897, 829, 1948),
(898, 830, 1955),
(899, 831, 1963),
(900, 832, 1957),
(901, 833, 1975),
(902, 834, 1949),
(903, 834, 1952),
(904, 835, 1980),
(905, 836, 1954),
(906, 837, 1955),
(907, 838, 1952),
(908, 839, 1952),
(909, 840, 1949),
(910, 841, 1952),
(911, 842, 1983),
(912, 843, 1994),
(913, 844, 1957),
(914, 845, 1954),
(915, 846, 1958),
(916, 847, 1948),
(917, 847, 1963),
(918, 848, 1948),
(919, 849, 1990),
(920, 850, 1995),
(921, 851, 2005),
(922, 852, 1956),
(923, 853, 1955),
(924, 854, 2004),
(925, 855, 1949),
(926, 856, 1952),
(927, 857, 1950),
(928, 858, 1952),
(929, 859, 1999),
(930, 860, 1953),
(931, 861, 1952),
(932, 862, 1957),
(933, 863, 1952),
(934, 864, 1952),
(935, 865, 2000),
(936, 866, 1948),
(937, 867, 1953),
(938, 868, 1948),
(939, 869, 1966),
(940, 870, 1949),
(941, 871, 2000),
(942, 872, 1956),
(943, 873, 1992),
(944, 874, 1958),
(945, 875, 1950),
(946, 875, 1954),
(947, 875, 1965),
(948, 876, 2001),
(949, 877, 1963),
(950, 878, 1954),
(951, 879, 1983),
(952, 880, 1949),
(953, 881, 1999),
(954, 882, 1950),
(955, 883, 1970),
(956, 883, 1997),
(957, 884, 1948),
(958, 885, 1957),
(959, 886, 1948),
(960, 887, 1956),
(961, 888, 1993),
(962, 889, 1949),
(963, 889, 1953),
(964, 890, 1949),
(965, 891, 1954),
(966, 892, 1948),
(967, 893, 1951),
(968, 893, 1954),
(969, 894, 1961),
(970, 895, 1959),
(971, 896, 1973),
(972, 897, 1955),
(973, 898, 1993),
(974, 899, 2003),
(975, 900, 1992),
(976, 901, 1950),
(977, 902, 1952),
(978, 903, 1962),
(979, 904, 1965),
(980, 905, 1956),
(981, 906, 1948),
(982, 907, 1949),
(983, 908, 1956),
(984, 909, 1953),
(985, 910, 1950),
(986, 911, 1985),
(987, 912, 1973),
(988, 913, 1955),
(989, 914, 1948),
(990, 915, 1990),
(991, 916, 1949),
(992, 917, 1951),
(993, 918, 1948),
(994, 919, 1948),
(995, 920, 1949),
(996, 921, 1962),
(997, 922, 1950),
(998, 923, 1953),
(999, 924, 1953),
(1000, 925, 1951),
(1001, 926, 1951),
(1002, 927, 1951),
(1003, 928, 1999),
(1004, 929, 1952),
(1005, 930, 1952),
(1006, 931, 2005),
(1007, 932, 1955),
(1008, 933, 1965),
(1009, 934, 1956),
(1010, 935, 1962),
(1011, 936, 1956),
(1012, 937, 1952),
(1013, 938, 1958),
(1014, 939, 1970),
(1015, 940, 1994),
(1016, 941, 1993),
(1017, 942, 2000),
(1018, 943, 1950),
(1019, 943, 1965),
(1020, 944, 1949),
(1021, 945, 2002),
(1022, 946, 1949),
(1023, 947, 1950),
(1024, 948, 1980),
(1025, 949, 1992),
(1026, 950, 1950),
(1027, 951, 1996),
(1028, 952, 1966),
(1029, 952, 2006),
(1030, 953, 1951),
(1031, 953, 1953),
(1032, 954, 1957),
(1033, 955, 1949),
(1034, 956, 1951),
(1035, 957, 1954),
(1036, 958, 1955),
(1037, 959, 1980),
(1038, 960, 1954),
(1039, 961, 1953),
(1040, 962, 1951),
(1041, 963, 1952),
(1042, 964, 1990),
(1043, 965, 1999),
(1044, 966, 1961),
(1045, 967, 1985),
(1046, 968, 2004),
(1047, 969, 1952),
(1048, 970, 1954),
(1049, 971, 1957),
(1050, 972, 1950),
(1051, 973, 1949),
(1052, 973, 1951),
(1053, 974, 1954),
(1054, 975, 2003),
(1055, 976, 1952),
(1056, 977, 1953),
(1057, 978, 1966),
(1058, 979, 1963),
(1059, 980, 1953),
(1060, 981, 1953),
(1061, 982, 1975),
(1062, 983, 1963),
(1063, 984, 2000),
(1064, 985, 1949),
(1065, 986, 1991),
(1066, 987, 1990),
(1067, 988, 1956),
(1068, 989, 1948),
(1069, 990, 1958),
(1070, 991, 1992),
(1071, 992, 1956),
(1072, 993, 1975),
(1073, 994, 1953),
(1074, 995, 1953),
(1075, 996, 1949),
(1076, 997, 1952),
(1077, 998, 1948),
(1078, 999, 2004),
(1079, 1000, 1996),
(1080, 1001, 1998),
(1081, 1002, 1978),
(1082, 1003, 1954),
(1083, 1004, 1961),
(1084, 1005, 1949),
(1085, 1006, 1957),
(1086, 1007, 1953),
(1087, 1008, 1954),
(1088, 1009, 1963),
(1089, 1010, 2000),
(1090, 1011, 1993),
(1091, 1012, 1954),
(1092, 1013, 1950),
(1093, 1013, 1955),
(1094, 1014, 1949),
(1095, 1014, 1954),
(1096, 1015, 1949),
(1097, 1016, 1963),
(1098, 1017, 1951),
(1099, 1018, 1953),
(1100, 1019, 1954),
(1101, 1020, 1949),
(1102, 1020, 1953),
(1103, 1021, 1957),
(1104, 1022, 1955),
(1105, 1023, 1985),
(1106, 1024, 1953),
(1107, 1025, 2004),
(1108, 1026, 1965),
(1109, 1027, 1955),
(1110, 1028, 1951),
(1111, 1029, 1952),
(1112, 1030, 1955),
(1113, 1031, 1954),
(1114, 1032, 1963),
(1115, 1033, 1949),
(1116, 1034, 1954),
(1117, 1035, 1949),
(1118, 1036, 1955),
(1119, 1037, 1954),
(1120, 1038, 1949),
(1121, 1038, 1956),
(1122, 1039, 1993),
(1123, 1040, 1960),
(1124, 1041, 1955),
(1125, 1042, 1954),
(1126, 1043, 1949),
(1127, 1044, 1948),
(1128, 1045, 1948),
(1129, 1046, 1955),
(1130, 1047, 1953),
(1131, 1048, 2005),
(1132, 1049, 1993),
(1133, 1050, 1953),
(1134, 1051, 1973),
(1135, 1052, 1949),
(1136, 1053, 1978),
(1137, 1054, 1975),
(1138, 1055, 1961),
(1139, 1056, 1955),
(1140, 1057, 1997),
(1141, 1058, 1954),
(1142, 1059, 1952),
(1143, 1059, 1956),
(1144, 1060, 1995),
(1145, 1061, 1996),
(1146, 1062, 1948),
(1147, 1063, 1960),
(1148, 1064, 1951),
(1149, 1065, 1956),
(1150, 1066, 1951),
(1151, 1067, 1949),
(1152, 1068, 1991),
(1153, 1069, 1949),
(1154, 1069, 1951),
(1155, 1070, 1951),
(1156, 1071, 1962),
(1157, 1072, 1954),
(1158, 1073, 1999),
(1159, 1074, 1950),
(1160, 1074, 1954),
(1161, 1075, 1959),
(1162, 1076, 1952),
(1163, 1077, 1980),
(1164, 1078, 1953),
(1165, 1079, 1948),
(1166, 1080, 1952),
(1167, 1081, 1955),
(1168, 1082, 1950),
(1169, 1083, 1952),
(1170, 1084, 1990),
(1171, 1085, 1995),
(1172, 1086, 1966),
(1173, 1087, 1999),
(1174, 1088, 1994),
(1175, 1089, 1948),
(1176, 1090, 1955),
(1177, 1091, 2006),
(1178, 1092, 1948),
(1179, 1092, 1951),
(1180, 1093, 1957),
(1181, 1094, 1997),
(1182, 1095, 1953),
(1183, 1095, 1959),
(1184, 1096, 1948),
(1185, 1097, 1954),
(1186, 1098, 1951),
(1187, 1099, 1956),
(1188, 1100, 1951),
(1189, 1100, 1954),
(1190, 1101, 1999),
(1191, 1102, 1998),
(1192, 1103, 1959),
(1193, 1104, 1961),
(1194, 1105, 1954),
(1195, 1106, 2006),
(1196, 1107, 1949),
(1197, 1108, 1949),
(1198, 1109, 1948),
(1199, 1109, 1958),
(1200, 1110, 1953),
(1201, 1111, 1948),
(1202, 1112, 1949),
(1203, 1113, 1954),
(1204, 1114, 1957),
(1205, 1115, 1957),
(1206, 1116, 1950),
(1207, 1117, 1992),
(1208, 1118, 1953),
(1209, 1119, 1994),
(1210, 1120, 1952),
(1211, 1121, 2000),
(1212, 1122, 1953),
(1213, 1123, 1951),
(1214, 1123, 1954),
(1215, 1124, 2000),
(1216, 1125, 1956),
(1217, 1126, 1960),
(1218, 1127, 1948),
(1219, 1127, 1958),
(1220, 1128, 1975),
(1221, 1129, 1959),
(1222, 1130, 1963),
(1223, 1131, 1957),
(1224, 1132, 1978),
(1225, 1133, 1991),
(1226, 1134, 1951),
(1227, 1134, 1954),
(1228, 1135, 1954),
(1229, 1136, 1991),
(1230, 1137, 1952),
(1231, 1138, 1950),
(1232, 1138, 1957),
(1233, 1139, 1951),
(1234, 1139, 1965),
(1235, 1140, 1998),
(1236, 1141, 1956),
(1237, 1142, 1991),
(1238, 1143, 1999),
(1239, 1144, 2005),
(1240, 1145, 1950),
(1241, 1146, 1997),
(1242, 1147, 1992),
(1243, 1148, 1952),
(1244, 1149, 1948),
(1245, 1150, 1948),
(1246, 1151, 1949),
(1247, 1151, 1952),
(1248, 1152, 1962),
(1249, 1153, 1983),
(1250, 1154, 1996),
(1251, 1155, 1985),
(1252, 1156, 1948),
(1253, 1157, 1955),
(1254, 1158, 1988),
(1255, 1159, 1952),
(1256, 1160, 1951),
(1257, 1161, 1957),
(1258, 1162, 1985),
(1259, 1163, 1959),
(1260, 1164, 1963),
(1261, 1165, 1963),
(1262, 1166, 1950),
(1263, 1167, 1948),
(1264, 1168, 1953),
(1265, 1169, 1963),
(1266, 1170, 1957),
(1267, 1171, 1988),
(1268, 1172, 1956),
(1269, 1173, 1970),
(1270, 1174, 1954),
(1271, 1175, 1951),
(1272, 1175, 1955),
(1273, 1176, 2001),
(1274, 1177, 1948),
(1275, 1178, 1970),
(1276, 1179, 1952),
(1277, 1180, 2005),
(1278, 1181, 1949),
(1279, 1181, 1955),
(1280, 1182, 1959),
(1281, 1183, 1956),
(1282, 1184, 1959),
(1283, 1185, 1951),
(1284, 1186, 1980),
(1285, 1187, 2001),
(1286, 1188, 1991),
(1287, 1189, 1951),
(1288, 1190, 1970),
(1289, 1191, 1988),
(1290, 1192, 1961),
(1291, 1193, 1953),
(1292, 1194, 1953),
(1293, 1195, 1966),
(1294, 1196, 2005),
(1295, 1197, 1948),
(1296, 1198, 2006),
(1297, 1199, 1952),
(1298, 1200, 2000),
(1299, 1201, 2000),
(1300, 1202, 1950),
(1301, 1203, 1949),
(1302, 1204, 1955),
(1303, 1205, 1950),
(1304, 1205, 1953),
(1305, 1206, 1955),
(1306, 1207, 1985),
(1307, 1208, 1949),
(1308, 1209, 1992),
(1309, 1210, 1998),
(1310, 1211, 2006),
(1311, 1212, 1953),
(1312, 1213, 1958),
(1313, 1214, 1988),
(1314, 1215, 1953),
(1315, 1216, 1959),
(1316, 1217, 1956),
(1317, 1218, 1991),
(1318, 1219, 1954),
(1319, 1220, 1998),
(1320, 1221, 1961),
(1321, 1222, 1957),
(1322, 1223, 1948),
(1323, 1224, 1950),
(1324, 1225, 1962),
(1325, 1226, 1950),
(1326, 1226, 1953),
(1327, 1227, 1961),
(1328, 1228, 1951),
(1329, 1229, 2003),
(1330, 1230, 1952),
(1331, 1231, 1991),
(1332, 1232, 2002),
(1333, 1233, 1994),
(1334, 1234, 1949),
(1335, 1235, 1958),
(1336, 1236, 1948),
(1337, 1237, 1954),
(1338, 1238, 1949),
(1339, 1239, 1962),
(1340, 1240, 1955),
(1341, 1241, 1957),
(1342, 1242, 1957),
(1343, 1243, 1957),
(1344, 1244, 1985),
(1345, 1245, 1951),
(1346, 1246, 1951),
(1347, 1246, 1952),
(1348, 1247, 1953),
(1349, 1248, 1956),
(1350, 1249, 2006),
(1351, 1250, 1991),
(1352, 1251, 1959),
(1353, 1252, 1952),
(1354, 1253, 1962),
(1355, 1254, 1948),
(1356, 1255, 1951),
(1357, 1256, 1948),
(1358, 1257, 1950),
(1359, 1258, 2001),
(1360, 1259, 1956),
(1361, 1260, 1990),
(1362, 1261, 1950),
(1363, 1262, 1952),
(1364, 1263, 1958),
(1365, 1264, 1952),
(1366, 1265, 1954),
(1367, 1265, 1973),
(1368, 1265, 1999),
(1369, 1266, 1995),
(1370, 1267, 1955),
(1371, 1268, 1953),
(1372, 1269, 1961),
(1373, 1270, 1952),
(1374, 1271, 2004),
(1375, 1272, 1949),
(1376, 1272, 1952),
(1377, 1273, 1958),
(1378, 1274, 1956),
(1379, 1275, 1956),
(1380, 1276, 1951),
(1381, 1277, 1999),
(1382, 1278, 1990),
(1383, 1279, 2002),
(1384, 1280, 1966),
(1385, 1281, 1949),
(1386, 1282, 1953),
(1387, 1283, 1953),
(1388, 1284, 1955),
(1389, 1285, 1952),
(1390, 1286, 1953),
(1391, 1287, 1962),
(1392, 1288, 1948),
(1393, 1289, 1954),
(1394, 1290, 1948),
(1395, 1290, 1952),
(1396, 1291, 1998),
(1397, 1292, 1963),
(1398, 1293, 2003),
(1399, 1294, 1951),
(1400, 1295, 1957),
(1401, 1296, 1954),
(1402, 1297, 1949),
(1403, 1298, 2005),
(1404, 1299, 1962),
(1405, 1300, 1965),
(1406, 1301, 1957),
(1407, 1302, 1948),
(1408, 1303, 1948),
(1409, 1304, 1948),
(1410, 1305, 1950),
(1411, 1306, 2002),
(1412, 1307, 1973),
(1413, 1308, 1950),
(1414, 1308, 1952),
(1415, 1309, 1951),
(1416, 1310, 1956),
(1417, 1311, 1952),
(1418, 1312, 1956),
(1419, 1313, 1962),
(1420, 1313, 1985),
(1421, 1314, 2006),
(1422, 1315, 2004),
(1423, 1316, 1954),
(1424, 1317, 1963),
(1425, 1318, 1962),
(1426, 1319, 1957),
(1427, 1320, 1970),
(1428, 1321, 1975),
(1429, 1322, 1953),
(1430, 1322, 1956),
(1431, 1323, 1958),
(1432, 1324, 1949),
(1433, 1325, 1998),
(1434, 1326, 1955),
(1435, 1327, 1948),
(1436, 1327, 1960),
(1437, 1328, 1951),
(1438, 1329, 1948),
(1439, 1330, 1953),
(1440, 1331, 1950),
(1441, 1331, 1952),
(1442, 1332, 1949),
(1443, 1333, 1955),
(1444, 1334, 1954),
(1445, 1335, 1949),
(1446, 1335, 1958),
(1447, 1336, 1978),
(1448, 1337, 1948),
(1449, 1338, 1980),
(1450, 1339, 1950),
(1451, 1340, 1949),
(1452, 1341, 1948),
(1453, 1342, 1956),
(1454, 1343, 1951),
(1455, 1344, 2005),
(1456, 1345, 1978),
(1457, 1346, 1953),
(1458, 1347, 2000),
(1459, 1348, 1951),
(1460, 1349, 1949),
(1461, 1350, 1954),
(1462, 1351, 1949),
(1463, 1352, 1950),
(1464, 1352, 1960),
(1465, 1353, 1957),
(1466, 1354, 1970),
(1467, 1355, 1952),
(1468, 1356, 1954),
(1469, 1357, 1956),
(1470, 1358, 1951),
(1471, 1359, 1950),
(1472, 1359, 1953),
(1473, 1360, 1963),
(1474, 1361, 1991),
(1475, 1362, 1953),
(1476, 1363, 1953),
(1477, 1364, 1951),
(1478, 1364, 1955),
(1479, 1365, 1992),
(1480, 1366, 1951),
(1481, 1367, 1951),
(1482, 1368, 2005),
(1483, 1369, 1949),
(1484, 1369, 1954),
(1485, 1370, 1948),
(1486, 1371, 1997),
(1487, 1372, 1956),
(1488, 1373, 1957),
(1489, 1374, 1955),
(1490, 1375, 1956),
(1491, 1376, 1988),
(1492, 1377, 1955),
(1493, 1378, 1954),
(1494, 1379, 1961),
(1495, 1380, 1956),
(1496, 1381, 1949),
(1497, 1382, 1949),
(1498, 1383, 2006),
(1499, 1384, 1973),
(1500, 1385, 2007),
(1501, 1386, 2007),
(1502, 1387, 2007),
(1503, 1388, 2007),
(1504, 1389, 2007),
(1505, 1390, 2007),
(1506, 1391, 2007),
(1507, 1392, 2007),
(1508, 1393, 2007),
(1509, 1394, 2007),
(1510, 1395, 2007),
(1511, 1396, 2007),
(1512, 948, 2007),
(1513, 1398, 2007),
(1514, 978, 2007),
(1515, 1400, 2007),
(1516, 1401, 2007),
(1517, 1402, 2007),
(1518, 1403, 2007),
(1519, 1404, 2007),
(1520, 1405, 2008),
(1521, 1406, 2008),
(1522, 1407, 2008),
(1523, 1408, 2008),
(1524, 1409, 2008),
(1525, 1410, 2008),
(1526, 1411, 2008),
(1527, 1412, 2008),
(1528, 1413, 2008),
(1529, 1414, 2008),
(1530, 1415, 2008),
(1531, 1416, 2008),
(1532, 1417, 2008),
(1533, 1418, 2008),
(1534, 1419, 2008),
(1535, 1420, 2008),
(1536, 1421, 2008),
(1537, 1422, 2008),
(1538, 1423, 2008),
(1539, 1424, 2008),
(1540, 1425, 2008),
(1541, 1002, 2008);

CREATE TABLE `szemely` (
  `szemaz` int(11) NOT NULL,
  `nev` varchar(30) NOT NULL
) ENGINE=InnoDB DEFAULT CHARSET=utf8mb4;

INSERT INTO `szemely` (`szemaz`, `nev`) VALUES
(1, 'Aczél Tamás'),
(2, 'Agárdi Gábor'),
(3, 'Ajtay Andor'),
(4, 'Ajtay Zoltán'),
(5, 'Akarat Endre'),
(6, 'Albert János'),
(7, 'Albrecht József'),
(8, 'Alexits György'),
(9, 'Alföldi Zoltán'),
(10, 'Almási Éva'),
(11, 'Almási István'),
(12, 'Almássy György'),
(13, 'Almássy Károly'),
(14, 'AMADINDA Ütőegyüttes'),
(15, 'Ambró Ilona'),
(16, 'Ambrus Teréz'),
(17, 'Andics Erzsébet'),
(18, 'Andorai Péter'),
(19, 'Andrikó István'),
(20, 'Antal Károly'),
(21, 'Apáthi Imre'),
(22, 'Arany Sándor'),
(23, 'Ascher Oszkár'),
(24, 'Ascher Tamás'),
(25, 'Avar István'),
(26, 'Ábrahám Ambrus'),
(27, 'Ács Ernő'),
(28, 'Ádám Jenő'),
(29, 'Ádám Ottó'),
(30, 'Ágh István'),
(31, 'Babarczy László'),
(32, 'Babics Antal'),
(33, 'Bachman Zoltán'),
(34, 'Bacsó Péter'),
(35, 'Bajor Gizi'),
(36, 'Bak Imre'),
(37, 'Bakonyi József'),
(38, 'Balassa Sándor'),
(39, 'Balázs Béla'),
(40, 'Balázs Józsefné'),
(41, 'Balázs Samu'),
(42, 'Balla Demeter'),
(43, 'Balla Imre'),
(44, 'Balla János'),
(45, 'Ballenegger Róbert'),
(46, 'Baló József'),
(47, 'Balogh János'),
(48, 'Balogh József'),
(49, 'Banda Ede'),
(50, 'Banga Ilona'),
(51, 'Banga Imre'),
(52, 'Bangó Margit'),
(53, 'Bánsági Ildikó'),
(54, 'Bara Margit'),
(55, 'Barabás Tibor'),
(56, 'Barakonyi László'),
(57, 'Baranyay András'),
(58, 'Baráth Antal'),
(59, 'Barcsay Jenő'),
(60, 'Bari Károly'),
(61, 'Barsy Béla'),
(62, 'Barsy Sarolta'),
(63, 'Barta István'),
(64, 'Barta József'),
(65, 'Barta Lajos'),
(66, 'Bartha László'),
(67, 'Bartók Béla'),
(68, 'Bartók Vonósnégyes'),
(69, 'Bartos Gyula'),
(70, 'Bayer István'),
(71, 'Bayer Oszkár'),
(72, 'Báldy Bálint'),
(73, 'Bálint András'),
(74, 'Bálint Endre'),
(75, 'Bán Ferenc'),
(76, 'Bán Frigyes'),
(77, 'Bánffy György'),
(78, 'Bárány Nándor'),
(79, 'Bárczi Géza'),
(80, 'Bárczi Gusztáv'),
(81, 'Bárdos Lajos'),
(82, 'Bártfai Sándor'),
(83, 'Básti Juli'),
(84, 'Básti Lajos'),
(85, 'Báthy Anna'),
(86, 'Beck András'),
(87, 'Becze Gábor'),
(88, 'Beke Dénes'),
(89, 'Beke Ferenc'),
(90, 'Beke Ödön'),
(91, 'Belitzky József'),
(92, 'Bella István'),
(93, 'Bencsik István'),
(94, 'Bencsik Mihály'),
(95, 'Bencze László'),
(96, 'Bencze Miklós'),
(97, 'Benczik Sándor'),
(98, 'Benedek Jenő'),
(99, 'Benedek Marcell'),
(100, 'Benedikt Ottó'),
(101, 'Benitz Zsigmond'),
(102, 'Benjámin László'),
(103, 'Benkó Sándor'),
(104, 'Bereczky Endre'),
(105, 'Bereményi Géza'),
(106, 'Berend T. Iván'),
(107, 'Berentey Ernő'),
(108, 'Berény Róbert'),
(109, 'Bereznai Oszkár'),
(110, 'Bernáth Aurél'),
(111, 'Bertók László'),
(112, 'Bessenyei Ferenc'),
(113, 'Bezzegh László'),
(114, 'Békés András'),
(115, 'Békésy Miklós'),
(116, 'Béres Ilona'),
(117, 'Bihari Ferenc'),
(118, 'Bihari József'),
(119, 'Bitskey Tibor'),
(120, 'Bíró Ferenc'),
(121, 'Bíró Miklós'),
(122, 'Bochner Endre Lajos'),
(123, 'Bodó Elemér'),
(124, 'Bodó Zalán'),
(125, 'Bodor Ádám'),
(126, 'Bodrogi Gyula'),
(127, 'Bogányi Gergely'),
(128, 'Bogdán József'),
(129, 'Bognár Géza'),
(130, 'Bognár Rezső'),
(131, 'Bojtor Miklós'),
(132, 'Bojtos Károly'),
(133, 'Bokros Birman Dezső'),
(134, 'Bonkáló Tamás'),
(135, 'Bonta József'),
(136, 'Borbély Mihály'),
(137, 'Bordás András'),
(138, 'Bordás Lajos'),
(139, 'Boromisza Gyula'),
(140, 'Boros Gyula'),
(141, 'Boross Lajos'),
(142, 'Bors János'),
(143, 'Bors Károly'),
(144, 'Borsos Miklós'),
(145, 'Bortnyik Sándor'),
(146, 'Borvendég Béla'),
(147, 'Botvay Károly'),
(148, 'Bozay Attila'),
(149, 'Bozsik Yvette'),
(150, 'Bódi Béla'),
(151, 'Bólya József'),
(152, 'Bölöni György'),
(153, 'Böszörményi Géza'),
(154, 'Bőzsöny Lajos'),
(155, 'Bródy János'),
(156, 'Bruckner Győző'),
(157, 'Bruckner Lipót'),
(158, 'Buda Ferenc'),
(159, 'Budapest Bábszínház'),
(160, 'Budavári Károly'),
(161, 'Budinevits Andor'),
(162, 'Budó Ágoston'),
(163, 'Bugyi István'),
(164, 'Bulla Elma'),
(165, 'Bun József'),
(166, 'Bunda János'),
(167, 'Buti Gyula'),
(168, 'Buti Sándor'),
(169, 'Buzágh Aladár'),
(170, 'Buzási János'),
(171, 'Cholnoky László'),
(172, 'Cholnoky Tibor'),
(173, 'Claus Alajos'),
(174, 'Czibere Tibor'),
(175, 'Czifranics Mihály'),
(176, 'Czóbel Béla'),
(177, 'Czukor Anna'),
(178, 'Csanádi György'),
(179, 'Csanádi Imre'),
(180, 'Csatkai Endre'),
(181, 'Cságoly Ferenc'),
(182, 'Csákányi Eszter'),
(183, 'Csáki-Maronyák József'),
(184, 'Császár Ákos'),
(185, 'Cseh Tamás'),
(186, 'Cseke Bálint'),
(187, 'Cseke István'),
(188, 'Csenki Imre'),
(189, 'Cseperkálovics Antal'),
(190, 'Csepreghy Győző'),
(191, 'Cseres Tibor'),
(192, 'Cserhalmi György'),
(193, 'Csernus Tibor'),
(194, 'Cserny József'),
(195, 'Csete György'),
(196, 'Csicsátka Antal'),
(197, 'Csikós Attila'),
(198, 'Csomós Mari'),
(199, 'Csonka Pál'),
(200, 'Csoóri Sándor'),
(201, 'Csorba Géza'),
(202, 'Csorba Győző'),
(203, 'Csorba István'),
(204, 'Csók István'),
(205, 'Csukás István'),
(206, 'Csukás Zoltán'),
(207, 'Csűrös Zoltán'),
(208, 'Dabis László'),
(209, 'Dallos András'),
(210, 'Danis Imréné'),
(211, 'Darvas Iván'),
(212, 'Darvas József'),
(213, 'Dávid Gyula'),
(214, 'Dávid Károly'),
(215, 'Davida Leóné'),
(216, 'Dayka Margit'),
(217, 'Deák János'),
(218, 'Dege Lajos'),
(219, 'Deim Pál'),
(220, 'Demeter László'),
(221, 'Dercsényi Dezső'),
(222, 'Derkovits Gyula'),
(223, 'Devecseri Gábor'),
(224, 'Devich Sándor'),
(225, 'Dénes G. György'),
(226, 'Dénes Péter'),
(227, 'Déry Gabriella'),
(228, 'Déry Tibor'),
(229, 'Dési Huber István'),
(230, 'Dévényi Sándor'),
(231, 'Dienes Endre'),
(232, 'Dischka Győző'),
(233, 'Dobos László'),
(234, 'Dobozy Imre'),
(235, 'Dogossy Ferenc'),
(236, 'Dohnányi Ernő'),
(237, 'Domanovszky Endre'),
(238, 'Dombai Tibor'),
(239, 'Domján Bálint'),
(240, 'Domján József'),
(241, 'Domonkos Endre'),
(242, 'Domonkos István'),
(243, 'Donhoffer Szilárd'),
(244, 'Dózsa Imre'),
(245, 'Dubniczky Mihály'),
(246, 'Dudich Endre'),
(247, 'Dunai Ernő'),
(248, 'Durkó Zsolt'),
(249, 'Eck Imre'),
(250, 'Ecker Ferenc'),
(251, 'Eckhardt Sándor'),
(252, 'Egerszegi Sándor'),
(253, 'Egerváry Jenő'),
(254, 'Egry József'),
(255, 'Egyed László'),
(256, 'Eiben István'),
(257, 'Elekes Ferenc'),
(258, 'El Kazovszkij'),
(259, 'Elekes Lajos'),
(260, 'Ember Győző'),
(261, 'Eörsi István'),
(262, 'Eötvös Péter'),
(263, 'Eperjes Károly'),
(264, 'Erdei Ferenc'),
(265, 'Erdélyi Elek'),
(266, 'Erdélyi Gyula'),
(267, 'Erdélyi Miklós'),
(268, 'Erdélyi Zsuzsanna'),
(269, 'Erdey László'),
(270, 'Erdey-Grúz Tibor'),
(271, 'Erdős István'),
(272, 'Erdős Pál'),
(273, 'Ernst Jenő'),
(274, 'Erős Imre'),
(275, 'Erőssy Lajos'),
(276, 'Ertl Róbert'),
(277, 'Esterházy Péter'),
(278, 'Eszenyi Enikő'),
(279, 'Esztó Péter'),
(280, 'Etyek és Vidéke Földmívesszöve'),
(281, 'Égető Ernő'),
(282, 'Ék Sándor'),
(283, 'Éri Péter'),
(284, 'Érsek Gyula'),
(285, 'Facsinay László'),
(286, 'Faludy György'),
(287, 'Faragó András'),
(288, 'Farkas Ferenc'),
(289, 'Farkas József'),
(290, 'Farkasdi Zoltán'),
(291, 'Fábián Magdolna'),
(292, 'Fábik József'),
(293, 'Fábri Zoltán'),
(294, 'Fári László'),
(295, 'Fehér István'),
(296, 'Fehér László'),
(297, 'Fejér Lipót'),
(298, 'Fejes Endre'),
(299, 'Fejes Sándor'),
(300, 'Fejes Tóth László'),
(301, 'Fekete Lajos'),
(302, 'Feledy Gyula'),
(303, 'Feleki Kamill'),
(304, 'Feleki Sári'),
(305, 'Ferencsik János'),
(306, 'Ferencz István'),
(307, 'Ferenczfy Kovács Attila'),
(308, 'Ferenczi Ödön'),
(309, 'Ferenczy Béni'),
(310, 'Ferenczy Noémi'),
(311, 'Fernbach Antal'),
(312, 'Feuer Klára'),
(313, 'Finta József'),
(314, 'Fischer Annie'),
(315, 'Fischer Iván'),
(316, 'Fodor András'),
(317, 'Fodor Gábor Béla'),
(318, 'Fodor János'),
(319, 'Fodor József'),
(320, 'Fodróczi Lajos'),
(321, 'Fogarasi Béla'),
(322, 'Fogarasi János'),
(323, 'Foltin Jolán'),
(324, 'Fonó Albert'),
(325, 'Forgó László'),
(326, 'Fónyi Géza'),
(327, 'Földes Pál'),
(328, 'Földessy Gyula'),
(329, 'Földi Zoltán'),
(330, 'Földvári Aladár'),
(331, 'Földvári Jenő'),
(332, 'Frank László'),
(333, 'Freud Géza'),
(334, 'Freund Mihály'),
(335, 'Fried Henrik'),
(336, 'Fuchs László'),
(337, 'Fülep Lajos'),
(338, 'Fülöp Mihály'),
(339, 'Fülöp Viktor'),
(340, 'Fülöp Zoltán'),
(341, 'Füst Milán'),
(342, 'Gaál István'),
(343, 'Gagyi-Pálffy András'),
(344, 'Galambos Erzsi'),
(345, 'Galgóczi Erzsébet'),
(346, 'Gallai Tibor'),
(347, 'Garai Gábor'),
(348, 'Garai József'),
(349, 'Garas Dezső'),
(350, 'Gazda Géza'),
(351, 'Gábor Andor'),
(352, 'Gábor Miklós'),
(353, 'Gábor Sándorné'),
(354, 'Gádor István'),
(355, 'Gál Endre'),
(356, 'Gál István'),
(357, 'Gáll István'),
(358, 'Gálvölgyi János'),
(359, 'Gáspár Margit'),
(360, 'Gegesi Kiss Pál'),
(361, 'Geleji Sándor'),
(362, 'Gellért Endre'),
(363, 'Gellért Oszkár'),
(364, 'Gerber Károly'),
(365, 'Gerecs Árpád'),
(366, 'Gerendás Mihály'),
(367, 'Gerevich László'),
(368, 'Gergely Ágnes'),
(369, 'Gergely Ferenc'),
(370, 'Gergely Sándor'),
(371, 'Gerlei Ferenc'),
(372, 'Gerlóczi Lajosné'),
(373, 'Gerő Ernő'),
(374, 'Gertler Viktor'),
(375, 'Géczy Gyula'),
(376, 'Gémes Ferenc'),
(377, 'Gillemot László'),
(378, 'Gilyén Jenő'),
(379, 'Glatz Oszkár'),
(380, 'Gnädig Béla'),
(381, 'Gnädig Miklós'),
(382, 'Gobbi Hilda'),
(383, 'Goda Gábor'),
(384, 'Gombás Pál'),
(385, 'Gond Ferenc'),
(386, 'Gorka Géza'),
(387, 'Gorup Ferenc'),
(388, 'Gothár Péter'),
(389, 'Gózon Gyula'),
(390, 'Gömöri Pál'),
(391, 'Gönye Lajos'),
(392, 'Görbe János'),
(393, 'Görgey Gábor'),
(394, 'Görömbei András'),
(395, 'Gregor József'),
(396, 'Greguss Pálid.'),
(397, 'Grendel Lajos'),
(398, 'Gross Arnold'),
(399, 'Grunwalsky Ferenc'),
(400, 'Gryllus Dániel'),
(401, 'Gryllus Vilmos'),
(402, 'Gulyás Lajos'),
(403, 'Guszmann József'),
(404, 'Gyárfás József'),
(405, 'Gyarmathy Lívia'),
(406, 'Gyarmathy Tihamér'),
(407, 'Gyöngyösi Károly'),
(408, 'Győrffy Barna'),
(409, 'György Júlia'),
(410, 'Gyulai Líviusz'),
(411, 'Gyulai Zoltán'),
(412, 'Gyurkó István'),
(413, 'Gyurkó László'),
(414, 'Gyurkovics Mária'),
(415, 'Gyurkovics Tibor'),
(416, 'Gyükér Barna'),
(417, 'Hager Ritta'),
(418, 'Hajnóczi Gyula'),
(419, 'Hajós György'),
(420, 'Halász András'),
(421, 'Halász Judit'),
(422, 'Hall József'),
(423, 'Halmágyi Tibor'),
(424, 'Hamar Dániel István'),
(425, 'Hammer Jakab'),
(426, 'Hamvas Béla'),
(427, 'Hanzó Lajos'),
(428, 'Harangozó Gyula'),
(429, 'Haraszti István'),
(430, 'Haraszty István'),
(431, 'Hargitai Géza'),
(432, 'Harrer Antal'),
(433, 'Hartai Rudolf'),
(434, 'Határ Győző'),
(435, 'Hatvany Lajos'),
(436, 'Haumann Péter'),
(437, 'Havas András'),
(438, 'Havas Ferenc'),
(439, 'Haynal Imre'),
(440, 'Hazay István'),
(441, 'Hágai Katalin'),
(442, 'Hámos György'),
(443, 'Háy Gyula'),
(444, 'Házi Árpád'),
(445, 'Házy Erzsébet'),
(446, 'Heckenast Gusztáv'),
(447, 'Hegyi Barnabás'),
(448, 'Heinrich Kálmán'),
(449, 'Heller László'),
(450, 'Heltai Jenő'),
(451, 'Hencze Tamás'),
(452, 'Herke Sándor'),
(453, 'Hernádi Gyula'),
(454, 'Hernádi Lajos'),
(455, 'Herold Sándor'),
(456, 'Herskó János'),
(457, 'Hetényi Géza'),
(458, 'Hevesi Gyula'),
(459, 'Hidas Antal'),
(460, 'Hidasi István'),
(461, 'Hincz Gyula'),
(462, 'Hodek József'),
(463, 'Hoffmann Ferenc'),
(464, 'Hoffmann Sándor'),
(465, 'Hofgard Károly'),
(466, 'Hofi Géza'),
(467, 'Holló Aurél'),
(468, 'Holló László'),
(469, 'Homoki Nagy István'),
(470, 'Homoróczky Imre'),
(471, 'Hont Ferenc'),
(472, 'Honthy Hanna'),
(473, 'Hornicsek László'),
(474, 'Horvai István'),
(475, 'Horváth Ede'),
(476, 'Horváth István'),
(477, 'Horváth István'),
(478, 'Horváth János'),
(479, 'Horváth János'),
(480, 'Horváth János'),
(481, 'Horváth Jánosné'),
(482, 'Horváth József'),
(483, 'Horváth József'),
(484, 'Horváth László'),
(485, 'Horváth Sándor'),
(486, 'Horváth Teri'),
(487, 'Hosnyánszky János'),
(488, 'Hosszúpályi Petőfi Tszcs.'),
(489, 'Hódmezővásárhelyi Dózsa Termel'),
(490, 'Hubay Miklós'),
(491, 'Huszák István'),
(492, 'Huszárik Zoltán'),
(493, 'Huszka Ernőné'),
(494, 'Huszti Péter'),
(495, 'Husztics Lajos'),
(496, 'Huzella Péter'),
(497, 'Ibrányi Földmívesszövetkezet'),
(498, 'Iglódi István'),
(499, 'Ignácz Pál'),
(500, 'Illés Béla'),
(501, 'Illés Endre'),
(502, 'Illés György'),
(503, 'Illés Lajos'),
(504, 'Illyés Gyula'),
(505, 'Ilosfalvy Róbert'),
(506, 'Imre István festő'),
(507, 'Issekutz Béla'),
(508, 'Ivánovics György'),
(509, 'Iványi János'),
(510, 'Iványi József'),
(511, 'Jancsó Adrienne'),
(512, 'Jancsó Miklós'),
(513, 'Jancsó Miklós'),
(514, 'Jandó Jenő'),
(515, 'Janikovszky Éva'),
(516, 'Jankovich Ferenc'),
(517, 'Jankovics Marcell'),
(518, 'Janosik János'),
(519, 'Jantsky Béla'),
(520, 'Jáky József'),
(521, 'Jámbor László'),
(522, 'Jánossy Lajos'),
(523, 'Járdányi Pál'),
(524, 'Jávorka Sándor'),
(525, 'Jenei Lajos'),
(526, 'Jeney Endre'),
(527, 'Jeney Zoltán'),
(528, 'Jékely Zoltán'),
(529, 'Jodál Sándor'),
(530, 'Jókai Anna'),
(531, 'Jónás Gyuláné'),
(532, 'Jónás Lajos'),
(533, 'Jordán Károly'),
(534, 'Jordán Tamás'),
(535, 'Jovánovics György'),
(536, 'József Attila'),
(537, 'Juhász Ferenc'),
(538, 'Juhász József'),
(539, 'Julesz Miklós'),
(540, 'Jurcsik Károly'),
(541, 'Jurics Károly'),
(542, 'Kacsó Sándor'),
(543, 'Kadocsa Gyula'),
(544, 'Kadosa Pál'),
(545, 'Kaesz Gyula'),
(546, 'Kallós Zoltán'),
(547, 'Kalmár László'),
(548, 'Kalmár László'),
(549, 'Kalmár Magda'),
(550, 'Kampis Miklós'),
(551, 'Kapoli Antal'),
(552, 'Kapus Gyula'),
(553, 'Kapuváry Jenő'),
(554, 'Karácsonyi Béla'),
(555, 'Karátson Gábor'),
(556, 'Kardos László'),
(557, 'Kardos László'),
(558, 'Kardos Tibor'),
(559, 'Karinthy Ferenc'),
(560, 'Kaspár Adolf'),
(561, 'Kass János'),
(562, 'Kassai Ilona'),
(563, 'Kassák Lajos'),
(564, 'Kaszapovics András'),
(565, 'Kazimir Károly'),
(566, 'Kazinczi László'),
(567, 'Kádár György'),
(568, 'Kállai Ferenc'),
(569, 'Kállai Kiss Ernő'),
(570, 'Kálmán György'),
(571, 'Kálmán György'),
(572, 'Kántás Károly'),
(573, 'Kántor Sándor'),
(574, 'Kányádi Sándor'),
(575, 'Kárpáti Aurél'),
(576, 'Keilwert Vilmos'),
(577, 'Kelen Péter'),
(578, 'Keleti Márton'),
(579, 'Kemenesy Ernő'),
(580, 'Kemény Gábor'),
(581, 'Kemény Henrik'),
(582, 'Kemény Imre'),
(583, 'Kende János'),
(584, 'Kenessey Jenő'),
(585, 'Kerekes András'),
(586, 'Kerényi Imre'),
(587, 'Kerényi Jenő'),
(588, 'Kerényi József'),
(589, 'Keres Emil'),
(590, 'Kerpel-Fronius Ödön'),
(591, 'Kertai György'),
(592, 'Kertész András'),
(593, 'Kertész Imre'),
(594, 'Kertész István'),
(595, 'Keserü Ilona'),
(596, 'Keveházi Gábor'),
(597, 'Kéri Lajos'),
(598, 'Kincses Veronika'),
(599, 'Király István'),
(600, 'Király József'),
(601, 'Király Levente'),
(602, 'Kirchner Tóbiás'),
(603, 'Kis József'),
(604, 'Kisfaludi Strobl Zsigmond'),
(605, 'Kiskunfélegyházi Gépszövetkeze'),
(606, 'Kiss Árpád'),
(607, 'Kiss Árpád'),
(608, 'Kiss Ferenc'),
(609, 'Kiss István'),
(610, 'Kiss István'),
(611, 'Kiss István'),
(612, 'Kiss Lajos'),
(613, 'Kiss László'),
(614, 'Kiss Manyi'),
(615, 'Kiss Nagy András'),
(616, 'Kiss Nagy József'),
(617, 'Kiss Tamás'),
(618, 'Kiszlinger József'),
(619, 'Klaniczay Tibor'),
(620, 'Klausz József'),
(621, 'Kmetty János'),
(622, 'Kniezsa István'),
(623, 'Knoll István'),
(624, 'Koch Sándor'),
(625, 'Kocsár Miklós'),
(626, 'Kocsis András'),
(627, 'Kocsis Pál'),
(628, 'Kocsis Zoltán'),
(629, 'Kodály Zoltán'),
(630, 'Kodolányi János'),
(631, 'Kohán György'),
(632, 'Kokas Ignác'),
(633, 'Kolbai Károly'),
(634, 'Kollányi Ágoston'),
(635, 'Kolláth László'),
(636, 'Kollonits János'),
(637, 'Kolozsvári Grandpierre Emil'),
(638, 'Koltai Lajos'),
(639, 'Koltay György'),
(640, 'Komlós Péter'),
(641, 'Komlóssy Erzsébet'),
(642, 'Komor Vilmos'),
(643, 'Kompolthy Tivadar'),
(644, 'Koncz Gábor'),
(645, 'Kondor Béla'),
(646, 'Konecsni György'),
(647, 'Konok Tamás'),
(648, 'Konrád György'),
(649, 'Koós Iván'),
(650, 'Korach Mór'),
(651, 'Korányi Imre'),
(652, 'Korbuly János'),
(653, 'Korniss Péter'),
(654, 'Koszta József'),
(655, 'Kotlán Sándor'),
(656, 'Kovács Alajos'),
(657, 'Kovács András'),
(658, 'Kovács Béla'),
(659, 'Kovács Dénes'),
(660, 'Kovács Dezsőné'),
(661, 'Kovács Endre'),
(662, 'Kovács István'),
(663, 'Kovács János'),
(664, 'Kovács János'),
(665, 'Kovács János Építőbrigád'),
(666, 'Kovács József'),
(667, 'Kovács K. Pál'),
(668, 'Kovács László'),
(669, 'Kovács László'),
(670, 'Kovács Margit'),
(671, 'Kovács Nóra'),
(672, 'Kovácsházi Ernő'),
(673, 'Kováts Ferenc'),
(674, 'Kováts Kolos'),
(675, 'Kozák András'),
(676, 'Kozma László'),
(677, 'Kónya Lajos'),
(678, 'Kórody András'),
(679, 'Kóta József'),
(680, 'Körmendi János'),
(681, 'Körner József'),
(682, 'Kő Pál'),
(683, 'Kőhalmi Béla'),
(684, 'Kőnig Rezső'),
(685, 'Krasznahorkai László'),
(686, 'Kreybig Lajos'),
(687, 'Kuczka Péter'),
(688, 'Kugler Lajos'),
(689, 'Kulin László'),
(690, 'Kulka János'),
(691, 'Kun Zsuzsa'),
(692, 'Kund Ede'),
(693, 'Kurtág György'),
(694, 'Kurucz D. István'),
(695, 'Kutasy Lajos'),
(696, 'Labanc Mihály'),
(697, 'Ladányi Ferenc'),
(698, 'Lajtha László'),
(699, 'Lakatos Albert'),
(700, 'Lakatos Gabriella'),
(701, 'Lakatos István'),
(702, 'Laki Kálmán'),
(703, 'Lakner László'),
(704, 'Latabár Kálmán'),
(705, 'Latinovits Zoltán'),
(706, 'Lator László'),
(707, 'Laziczius Gyula'),
(708, 'László Antal'),
(709, 'Lászlóffy Aladár'),
(710, 'Lázár Antal'),
(711, 'Lázár Barnabás'),
(712, 'Lázár Ervin'),
(713, 'Lázár Kati'),
(714, 'Lehel György'),
(715, 'Lehoczky Zsuzsa'),
(716, 'Lehr Ferenc'),
(717, 'Lehrbaum Ferenc'),
(718, 'Lendvay Kamilló'),
(719, 'Lengyel Béla'),
(720, 'Lengyel József'),
(721, 'Lengyel Lajos'),
(722, 'Léner Péter'),
(723, 'Lévai András'),
(724, 'Ligeti György'),
(725, 'Ligeti Lajos'),
(726, 'Lipovetz Iván'),
(727, 'Lipták János'),
(728, 'Lipták Pál'),
(729, 'Liska József'),
(730, 'Lissák Kálmán'),
(731, 'Liszony Béla'),
(732, 'Littmann Imre'),
(733, 'Litvin József'),
(734, 'Lokker Antal'),
(735, 'Losonczi Pál'),
(736, 'Losonczy György'),
(737, 'Lossonczy Tamás'),
(738, 'Lovas Lajos'),
(739, 'Loy Árpád'),
(740, 'Lőcsei János'),
(741, 'Lőrinczy Endre'),
(742, 'Ludmann László'),
(743, 'Lugosi Ferenc'),
(744, 'Lukács Ervin'),
(745, 'Lukács György'),
(746, 'Lukács József'),
(747, 'Lukács Margit'),
(748, 'Lukács Miklós'),
(749, 'Lukács Pál'),
(750, 'Lukáts Andorszínművész'),
(751, 'Lux László'),
(752, 'Lükő Gábor'),
(753, 'Lyka Károly'),
(754, 'Machovits István'),
(755, 'Macsali Sándor'),
(756, 'Madaras József'),
(757, 'Magyar Ilona'),
(758, 'Major Máté'),
(759, 'Major Tamás'),
(760, 'Makk Károly'),
(761, 'Makláry Zoltán'),
(762, 'Makoldi Mihályné'),
(763, 'Makovecz Imre'),
(764, 'Makrisz Agamemnon'),
(765, 'Maleczky Oszkár'),
(766, 'Mandula Ferenc'),
(767, 'Manninger Gusztáv Adolf'),
(768, 'Manninger Rezső'),
(769, 'Marek József'),
(770, 'Margóczi István'),
(771, 'Markó Iván'),
(772, 'Marót Károly'),
(773, 'Maróti Lajos'),
(774, 'Marsall László'),
(775, 'Martini Károly'),
(776, 'Marton Endre'),
(777, 'Marton Éva'),
(778, 'Marton Géza'),
(779, 'Marton László'),
(780, 'Marton László'),
(781, 'Martyn Ferenc'),
(782, 'Marx György'),
(783, 'Matolcsy Kálmán'),
(784, 'Mattyasovszky-Zsolnai László'),
(785, 'Maucha Rezső'),
(786, 'Maurer Dóra'),
(787, 'Mayer Károly'),
(788, 'Mádi Szabó Gábor'),
(789, 'Mándi Andor'),
(790, 'Mándy Iván'),
(791, 'Márai Sándor'),
(792, 'Máriássy Félix'),
(793, 'Márk János'),
(794, 'Márk Tivadar'),
(795, 'Márki Lajos'),
(796, 'Márkus László'),
(797, 'Máthé Erzsi'),
(798, 'Máthé Imre'),
(799, 'Mátrai Gyula'),
(800, 'Mátyás Mária'),
(801, 'Medgyaszay Vilma'),
(802, 'Medgyessy Ferenc'),
(803, 'Medve Ferenc'),
(804, 'Megyeri Endréné'),
(805, 'Megyik János'),
(806, 'Mekis József'),
(807, 'Melczer Miklós'),
(808, 'Meleg János'),
(809, 'Melis György'),
(810, 'Melocco Miklós'),
(811, 'Mensáros László'),
(812, 'Mesterházi Lajos'),
(813, 'Mezey Barna'),
(814, 'Mező László'),
(815, 'Méhes György'),
(816, 'Méhes János'),
(817, 'Méray Tibor'),
(818, 'Mérei Ferenc'),
(819, 'Mészáros Ági'),
(820, 'Mészáros Imre'),
(821, 'Mészáros István'),
(822, 'Mészáros István'),
(823, 'Mészáros József'),
(824, 'Mészáros Márta'),
(825, 'Mészáros Pál'),
(826, 'Mészöly Dezső'),
(827, 'Mészöly Gyula'),
(828, 'Mészöly Miklós'),
(829, 'Mihailich Győző'),
(830, 'Mihály András'),
(831, 'Mika József'),
(832, 'Mike István'),
(833, 'Mikó András'),
(834, 'Mikus Sándor'),
(835, 'Miller Lajos'),
(836, 'Millner Tivadar'),
(837, 'Miskolczy László'),
(838, 'Mislóczky Mátyás'),
(839, 'Mócsy János'),
(840, 'Mohácsy Mátyás'),
(841, 'Mokk László'),
(842, 'Moldova György'),
(843, 'Molnár András'),
(844, 'Molnár Antal'),
(845, 'Molnár Béla'),
(846, 'Molnár Béla'),
(847, 'Molnár Erik történész'),
(848, 'Molnár György'),
(849, 'Molnár István'),
(850, 'Molnár Piroska'),
(851, 'Molnár Sándor'),
(852, 'Molnár Tibor'),
(853, 'Mondl Ferenc'),
(854, 'Moór Marianna'),
(855, 'Moravcsik Gyula'),
(856, 'Mosonyi Emil'),
(857, 'Muszka Imre'),
(858, 'Muttnyánszky Ádám'),
(859, 'Muzsikás Együttes'),
(860, 'Müller Sándor'),
(861, 'Nagy Dénes'),
(862, 'Nagy Endre'),
(863, 'Nagy Ferenc'),
(864, 'Nagy Gábor'),
(865, 'Nagy Gáspár'),
(866, 'Nagy József'),
(867, 'Nagy József'),
(868, 'Nagy Lajos'),
(869, 'Nagy László'),
(870, 'Nagy Sándor'),
(871, 'Nagy Zoltán'),
(872, 'Nagyajtai Teréz'),
(873, 'Nádas Péter'),
(874, 'Nádasdi Ferenc'),
(875, 'Nádásdy Kálmán'),
(876, 'Nádler István'),
(877, 'Náray Zsolt'),
(878, 'Nemes Dezső'),
(879, 'Nemes Nagy Ágnes'),
(880, 'Nemeskéri István'),
(881, 'Nepp József'),
(882, 'Neugebauer Tibor'),
(883, 'Németh Géza'),
(884, 'Németh Gyula'),
(885, 'Németh László'),
(886, 'Németh Sándor'),
(887, 'Ninausz István'),
(888, 'Novák Ferenc'),
(889, 'Novobátzky Károly'),
(890, 'Obermayer Ernő'),
(891, 'Oberrecht Béla'),
(892, 'Okányi Földmívesszövetkezet'),
(893, 'Oláh Gusztáv'),
(894, 'Oláh János'),
(895, 'Olcsai-Kiss Zoltán'),
(896, 'Olsavszky Éva'),
(897, 'Olty Magda'),
(898, 'Onczay Csaba'),
(899, 'Oravecz Imre'),
(900, 'Orbán Ottó'),
(901, 'Ormai Árpádné'),
(902, 'Ormándi István'),
(903, 'Ormos Imre'),
(904, 'Orosz Adél'),
(905, 'Orosz Júlia'),
(906, 'Oroszi János'),
(907, 'Osváth Júlia'),
(908, 'Oswald Lóránt'),
(909, 'Oszlaczky Szilárd'),
(910, 'Ott Józsefné'),
(911, 'Ottlik Géza'),
(912, 'Örkény István'),
(913, 'Őrösi Pál Zoltán'),
(914, 'Öveges József'),
(915, 'Őze Lajos'),
(916, 'Pach Zsigmond Pál'),
(917, 'Pais Dezső'),
(918, 'Pallagi János'),
(919, 'Pallagi Nándor'),
(920, 'Palló Imre'),
(921, 'Palotás László'),
(922, 'Panyi Ferencné'),
(923, 'Pap Gábor'),
(924, 'Papp Tibor'),
(925, 'Pappert Ádám'),
(926, 'Parragi György'),
(927, 'Pán József'),
(928, 'Pataky Imre'),
(929, 'Patsch Ferenc'),
(930, 'Pattantyús-Ábrahám Géza'),
(931, 'Pauer Gyula'),
(932, 'Paxián János'),
(933, 'Páger Antal'),
(934, 'Pál József'),
(935, 'Pál Lénárd'),
(936, 'Pálkúti Keresztély'),
(937, 'Pálók Ferenc'),
(938, 'Pánczél Sándor'),
(939, 'Pándi Pál'),
(940, 'Pártay Lilla'),
(941, 'Páskándi Géza'),
(942, 'Pásztory Zoltán'),
(943, 'Pátzay Pál'),
(944, 'Pázsiti Ödön'),
(945, 'Pege Aladár'),
(946, 'Peja Győző'),
(947, 'Perédi Károly'),
(948, 'Perényi Miklós'),
(949, 'Pesovár Ernő'),
(950, 'Petényi Géza'),
(951, 'Petri György'),
(952, 'Petrovics Emil'),
(953, 'Pécsi Sándor'),
(954, 'Pécsy Sándor'),
(955, 'Péter Gyula'),
(956, 'Péter Rózsa'),
(957, 'Péteri József'),
(958, 'Pigler Andor'),
(959, 'Pilinszky János'),
(960, 'Pillich Lajos'),
(961, 'Pintér János Ede'),
(962, 'Pióker Ignác'),
(963, 'Pless László'),
(964, 'Polgár László'),
(965, 'Polgár Rózsa'),
(966, 'Polinszky Károly'),
(967, 'Pongor Ildikó'),
(968, 'Popova Aleszja'),
(969, 'Porpáczy Aladár'),
(970, 'Porubszky Lajos'),
(971, 'Potzner Frigyes'),
(972, 'Pozsonyi Zoltán'),
(973, 'Pór Bertalan'),
(974, 'Pósa Jenő'),
(975, 'Presser Gábor'),
(976, 'Progl József'),
(977, 'Proszt János'),
(978, 'Psota Irén'),
(979, 'Pusztai Ferenc'),
(980, 'Rab István'),
(981, 'Rabó Gyula'),
(982, 'Radnai György'),
(983, 'Radó Sándor'),
(984, 'Radványi Balázs'),
(985, 'Radványi Géza'),
(986, 'Ragályi Elemér'),
(987, 'Rajeczky Benjámin'),
(988, 'Rajkai Pál'),
(989, 'Rajnák Mihály'),
(990, 'Rajz János'),
(991, 'Raksányi Gellért'),
(992, 'Ranódy László'),
(993, 'Raszler Károly'),
(994, 'Ratkovszky Ferenc'),
(995, 'Rauss Károly'),
(996, 'Ravasz János'),
(997, 'Rábai Miklós'),
(998, 'Rácz Aladár'),
(999, 'Rácz Zoltán'),
(1000, 'Ráday Mihály'),
(1001, 'Rákos Sándor'),
(1002, 'Ránki Dezső'),
(1003, 'Ránki György'),
(1004, 'Ránki György'),
(1005, 'Rátkai Márton'),
(1006, 'Rátz Sándor'),
(1007, 'Regőczi Emil'),
(1008, 'Regősi Ádám'),
(1009, 'Reich Károly'),
(1010, 'Reimholz Péter'),
(1011, 'Reisenbüchler Sándor'),
(1012, 'Renner János'),
(1013, 'Rédei László'),
(1014, 'Rényi Alfréd'),
(1015, 'Révai József'),
(1016, 'Rhorer Emil'),
(1017, 'Ribánszki Sándor'),
(1018, 'Ribánszky Miklós'),
(1019, 'Rideg Sándor'),
(1020, 'Riesz Frigyes'),
(1021, 'Rigler János'),
(1022, 'Rimanóczy Gyula'),
(1023, 'Rolla János'),
(1024, 'Romwalter Alfréd'),
(1025, 'Rost Andrea'),
(1026, 'Róna Viktor'),
(1027, 'Róth Gyula'),
(1028, 'Rózsi Ferencné'),
(1029, 'Rőder Béla'),
(1030, 'Rősler Endre'),
(1031, 'Rubányi Pál'),
(1032, 'Rubik Ernő'),
(1033, 'Rudas László'),
(1034, 'Rudnai József'),
(1035, 'Rudnay Gyula'),
(1036, 'Rufli Lajos'),
(1037, 'Rusznák István'),
(1038, 'Rusznyák István'),
(1039, 'Ruszt József'),
(1040, 'Ruttkai Éva'),
(1041, 'Sarkadi Imre'),
(1042, 'Sárközy György'),
(1043, 'Sassy István'),
(1044, 'Sági József'),
(1045, 'Sági Lajos'),
(1046, 'Sályi Gyula'),
(1047, 'Sályi István'),
(1048, 'Sándor Iván'),
(1049, 'Sándor Judit'),
(1050, 'Sándor Kálmán'),
(1051, 'Sánta Ferenc'),
(1052, 'Sántha Kálmán'),
(1053, 'Sára Sándor'),
(1054, 'Sárai Tibor'),
(1055, 'Sárdy Lóránt'),
(1056, 'Sávoly Pál'),
(1057, 'Schäffer Judit'),
(1058, 'Schandl József'),
(1059, 'Schay Géza'),
(1060, 'Schéner Mihály'),
(1061, 'Schiff András'),
(1062, 'Schimanek Emil'),
(1063, 'Schinagl Ferenc'),
(1064, 'Schlattner Jenő'),
(1065, 'Schmidt Eligius Róbert'),
(1066, 'Schnitzler József'),
(1067, 'Schöpflin Aladár'),
(1068, 'Schrammel Imre'),
(1069, 'Schulek Elemér'),
(1070, 'Sebestyén Gyula'),
(1071, 'Sebestyén Gyula'),
(1072, 'Sebestyén János'),
(1073, 'Sebestyén Márta'),
(1074, 'Sedlmayer Kurt'),
(1075, 'Seidner Mihály'),
(1076, 'Selényi Pál'),
(1077, 'Seregi László'),
(1078, 'Simándy József'),
(1079, 'Simányi H. László'),
(1080, 'Simon Bálint'),
(1081, 'Simon István'),
(1082, 'Simon Zsuzsa'),
(1083, 'Simonyi Károly'),
(1084, 'Sinka István'),
(1085, 'Sinkó László'),
(1086, 'Sinkovits Imre'),
(1087, 'Sipos Mihály'),
(1088, 'Sík Ferenc'),
(1089, 'Sík Sándor'),
(1090, 'Solti Bertalan'),
(1091, 'Solti Gizella'),
(1092, 'Somlay Artúr'),
(1093, 'Somló István'),
(1094, 'Somlyó György'),
(1095, 'Somogyi Erzsi'),
(1096, 'Somogyi Imre'),
(1097, 'Somogyi József'),
(1098, 'Somogyi László'),
(1099, 'Somos András'),
(1100, 'Soó Rezső'),
(1101, 'Soproni József'),
(1102, 'Sólyom-Nagy Sándor'),
(1103, 'Sós József'),
(1104, 'Sövegjártó János'),
(1105, 'Sőtér István'),
(1106, 'Spiró György'),
(1107, 'Spisák István'),
(1108, 'Stezserán László'),
(1109, 'Straub F. Brunó'),
(1110, 'Strausz László'),
(1111, 'Strém Ferenc'),
(1112, 'Sudár Ferenc'),
(1113, 'Sugár Rezső'),
(1114, 'Sulyok Mária'),
(1115, 'Surányi János'),
(1116, 'Suszter Irén'),
(1117, 'Sütő András'),
(1118, 'Süveges Dániel'),
(1119, 'Sváby Lajos'),
(1120, 'Svéd Sándor'),
(1121, 'Szabó Dénes'),
(1122, 'Szabó Etelka'),
(1123, 'Szabó Ferenc'),
(1124, 'Szabó Gyula'),
(1125, 'Szabó Imre'),
(1126, 'Szabó P. Imre'),
(1127, 'Szabó István'),
(1128, 'Szabó István'),
(1129, 'Szabó István'),
(1130, 'Szabó János'),
(1131, 'Szabó Lőrinc'),
(1132, 'Szabó Magda'),
(1133, 'Szabó Miklós'),
(1134, 'Szabó Pál'),
(1135, 'Szabó Samu'),
(1136, 'Szabó Sándor'),
(1137, 'Szabó Zoltán'),
(1138, 'Szabó Zoltán Gábor'),
(1139, 'Szabolcsi Bence'),
(1140, 'Szakács Györgyi'),
(1141, 'Szakál Pál'),
(1142, 'Szakály György'),
(1143, 'Szakály Márta'),
(1144, 'Szakcsi Lakatos Béla'),
(1145, 'Szakkay Antal'),
(1146, 'Szakonyi Károly'),
(1147, 'Szalay Lajos'),
(1148, 'Szalay Sándor'),
(1149, 'Szamos István'),
(1150, 'Szandi Józsefné'),
(1151, 'Szádeczky-Kardoss Elemér'),
(1152, 'Szántai István'),
(1153, 'Szántó Piroska'),
(1154, 'Szántó Tibor'),
(1155, 'Száraz György'),
(1156, 'Szávai Nándor'),
(1157, 'Szegő Miklós'),
(1158, 'Székely Gábor'),
(1159, 'Szele Tibor'),
(1160, 'Szemán István'),
(1161, 'Szemere Gyula'),
(1162, 'Szemes Mari'),
(1163, 'Szende Béla'),
(1164, 'Szendrői Jenő'),
(1165, 'Szendy Károly'),
(1166, 'Szentágothai János'),
(1167, 'Szent-Györgyi Albert'),
(1168, 'Szentgyörgyi Kornél'),
(1169, 'Szentgyörgyvári Lajos'),
(1170, 'Szentiványi Lajos'),
(1171, 'Szentkuthy Miklós'),
(1172, 'Szentmártony Aladár'),
(1173, 'Szentmiklósi Péter'),
(1174, 'Szentpéteri László'),
(1175, 'Szervánszky Endre'),
(1176, 'Szervátiusz Tibor'),
(1177, 'Széchy Károly'),
(1178, 'Szécsényi Ferenc'),
(1179, 'Székely Lajos'),
(1180, 'Székely Magda'),
(1181, 'Székely Mihály'),
(1182, 'Szép Iván'),
(1183, 'Szigeth László'),
(1184, 'Szigeti György'),
(1185, 'Szíjártó Lajos'),
(1186, 'Szilágyi Dezső'),
(1187, 'Szilágyi István'),
(1188, 'Szilágyi János György'),
(1189, 'Szilágyi Sándorné'),
(1190, 'Szinetár Miklós'),
(1191, 'Szirtes Ádám'),
(1192, 'Szita Flórián'),
(1193, 'Szladits Károly'),
(1194, 'Szodorai István'),
(1195, 'Szokolay Sándor'),
(1196, 'Szomjas György'),
(1197, 'Szondi Józsefné'),
(1198, 'Szőnyi Erzsébet'),
(1199, 'Szörényi Éva'),
(1200, 'Szörényi Levente'),
(1201, 'Szörényi Szabolcs'),
(1202, 'Szőczey Sándor'),
(1203, 'Szőcs Pál'),
(1204, 'Szőke Gyula'),
(1205, 'Szőkefalvi-Nagy Béla'),
(1206, 'Szőllősi László'),
(1207, 'Szőllősy András'),
(1208, 'Szőnyi István'),
(1209, 'Szőts István'),
(1210, 'Sztankay István'),
(1211, 'Sztevanovity Zorán'),
(1212, 'Szűcs László'),
(1213, 'Szűcs Mihály'),
(1214, 'Szvetnik Joachim'),
(1215, 'Tajkov András'),
(1216, 'Takács Antal'),
(1217, 'Takács Paula'),
(1218, 'Takáts Gyula'),
(1219, 'Tamási Áron'),
(1220, 'Tandori Dezső'),
(1221, 'Tandori Károly'),
(1222, 'Tangl Harald'),
(1223, 'Tar Imre'),
(1224, 'Tar Lajos'),
(1225, 'Tarján Ferenc'),
(1226, 'Tarján Gusztáv'),
(1227, 'Tarján Imre'),
(1228, 'Tarnóczy Júlia'),
(1229, 'Tarr Béla'),
(1230, 'Tasnádi Andrásné'),
(1231, 'Tatay Sándor'),
(1232, 'Taub János'),
(1233, 'Tábori Nóra'),
(1234, 'Tárczy-Hornoch Antal'),
(1235, 'Tátrai Vilmos'),
(1236, 'Temesszentandrási Guidó'),
(1237, 'Tengely István'),
(1238, 'Tersánszky Józsi Jenő'),
(1239, 'Tettamanti Károly'),
(1240, 'Tháli Sándor'),
(1241, 'Thoma József'),
(1242, 'Tiszay Magda'),
(1243, 'Tímár József'),
(1244, 'Tokody Ilona'),
(1245, 'Toldi István'),
(1246, 'Tolnay Klári'),
(1247, 'Tomor János'),
(1248, 'Tompa Sándor'),
(1249, 'Tordai Zádor'),
(1250, 'Tordy Géza'),
(1251, 'Tófalvi Gyula'),
(1252, 'Tóth Aladár'),
(1253, 'Tóth András'),
(1254, 'Tóth Antal'),
(1255, 'Tóth Béla'),
(1256, 'Tóth Imre'),
(1257, 'Tóth János'),
(1258, 'Tóth János'),
(1259, 'Tóth László'),
(1260, 'Tóth Menyhért'),
(1261, 'Tóth Mihály'),
(1262, 'Tóth Zoltán'),
(1263, 'Tömörkényi László'),
(1264, 'Törő Imre'),
(1265, 'Törőcsik Mari'),
(1266, 'Török Ferenc'),
(1267, 'Török Gábor'),
(1268, 'Török Tibor'),
(1269, 'Tőke János'),
(1270, 'Tőkés Anna'),
(1271, 'Tőzsér Árpád'),
(1272, 'Turán Pál'),
(1273, 'Turóczi-Trostler József'),
(1274, 'Tury Pál'),
(1275, 'Tyczynsky Zsigmond'),
(1276, 'Ubrizsy Gábor'),
(1277, 'Udvardi Erzsébet'),
(1278, 'Udvaros Dorottya'),
(1279, 'Uhrik Teodóra'),
(1280, 'Ujfalussy József'),
(1281, 'Ungár Imre'),
(1282, 'Ungvári Lajos'),
(1283, 'Ungvári László'),
(1284, 'Uray Tivadar'),
(1285, 'Urbán Ernő'),
(1286, 'Urbanek János'),
(1287, 'Ursitz József'),
(1288, 'Újhelyi Károly'),
(1289, 'Vad Imre'),
(1290, 'Vadász Elemér'),
(1291, 'Vadász György'),
(1292, 'Vágó György'),
(1293, 'Vajda László'),
(1294, 'Vajda László'),
(1295, 'Vajta László'),
(1296, 'Vajta Miklós'),
(1297, 'Valkó Márton'),
(1298, 'Valló Péter'),
(1299, 'Valter Imre'),
(1300, 'Váci Mihály'),
(1301, 'Vankó Richárd'),
(1302, 'Vanyur János'),
(1303, 'Varga Balázs'),
(1304, 'Varga Bálint'),
(1305, 'Varga Barnabás'),
(1306, 'Varga Domokos'),
(1307, 'Varga Imre'),
(1308, 'Varga József'),
(1309, 'Varga Lajos'),
(1310, 'Varga Mátyás'),
(1311, 'Varga Ottó'),
(1312, 'Vargha László'),
(1313, 'Vas István'),
(1314, 'Vágó Nelly'),
(1315, 'Váczi Zoltán'),
(1316, 'Vass László'),
(1317, 'Vaszil László'),
(1318, 'Vámos Ferenc'),
(1319, 'Vámos György'),
(1320, 'Vámos László'),
(1321, 'Váradi Hédi'),
(1322, 'Várkonyi Zoltán'),
(1323, 'Vásárhelyi Boldizsár'),
(1324, 'Vásárhelyi Zoltán'),
(1325, 'Vásáry Tamás'),
(1326, 'Vecsei Géza'),
(1327, 'Vedres Márk'),
(1328, 'Vendel Miklós'),
(1329, 'Vendl Aladár'),
(1330, 'Verebély László'),
(1331, 'Veres Péter'),
(1332, 'Veress Sándor'),
(1333, 'Veress Zoltán'),
(1334, 'Vermes Miklós'),
(1335, 'Verő József'),
(1336, 'Vészi Endre'),
(1337, 'Vilmon Gyula'),
(1338, 'Vilt Tibor'),
(1339, 'Vincze Gábor'),
(1340, 'Vincze Mihály'),
(1341, 'Viski János'),
(1342, 'Viski János'),
(1343, 'Vitális Sándor'),
(1344, 'Vitray Tamás'),
(1345, 'Vígh Tamás'),
(1346, 'Vlaszaty Ádámné'),
(1347, 'Volf Katalin'),
(1348, 'Vörös Imre'),
(1349, 'Vrbovszki János'),
(1350, 'Weichinger Károly'),
(1351, 'Weil Emil'),
(1352, 'Weiner Leó'),
(1353, 'Went István'),
(1354, 'Weöres Sándor'),
(1355, 'Westsik Vilmos'),
(1356, 'Wilhelmb Tibor'),
(1357, 'Willoner Gedeon'),
(1358, 'Winkler Dezső'),
(1359, 'Winter Ernő'),
(1360, 'Wix György'),
(1361, 'Zalaváry Lajos'),
(1362, 'Zalay Ernő'),
(1363, 'Zambó János'),
(1364, 'Zathureczky Ede'),
(1365, 'Zádor Anna'),
(1366, 'Zádor István'),
(1367, 'Zámbó Pál'),
(1368, 'Závada Pál'),
(1369, 'Zelk Zoltán'),
(1370, 'Zempléni Géza'),
(1371, 'Zenthe Ferenc'),
(1372, 'Zilahy Márton'),
(1373, 'Zimmermann Ágoston'),
(1374, 'Zólyomi Bálint'),
(1375, 'Zorkóczy Béla'),
(1376, 'Zsámbéki Gábor'),
(1377, 'Zsebők Zoltán'),
(1378, 'Zsédely József'),
(1379, 'Zsidai János'),
(1380, 'Zsigmond András'),
(1381, 'Zsigmond László'),
(1382, 'Zsirai Miklós'),
(1383, 'Zsótér Sándor'),
(1384, 'Zsurzs Éva'),
(1385, 'B. Nagy János'),
(1386, 'Dés László'),
(1387, 'Gálffi László'),
(1388, 'Gulyás Gyula'),
(1389, 'Horváth Ádám'),
(1390, 'Kern András'),
(1391, 'Kévés György'),
(1392, 'Kósa Ferenc'),
(1393, 'Ligeti András'),
(1394, 'Paizs László'),
(1395, 'Parti Nagy Lajos'),
(1396, 'Párkai István'),
(1398, 'Pécsi Ildikó'),
(1400, 'Rubik Ernő'),
(1401, 'ifj. Sánta Ferenc'),
(1402, 'Szilágyi Tibor'),
(1403, 'Takács Zsuzsa'),
(1404, 'Tolnai Ottó'),
(1405, 'Baranyi Ferenc'),
(1406, 'Blaskó Péter'),
(1407, 'Elek Judit'),
(1408, 'Fajó János'),
(1409, 'Fischer Ádám'),
(1410, 'Horváth Kornél'),
(1411, 'Jeles András'),
(1412, 'Kerényi Miklós Gábor'),
(1413, 'Kertész Ákos'),
(1414, 'Kiss János'),
(1415, 'Koncz Zsuzsa'),
(1416, 'Kovács Péter'),
(1417, 'Kútvölgyi Erzsébet'),
(1418, 'Lukács Gyöngyi'),
(1419, 'Máthé Tibor'),
(1420, 'Pogány Judit'),
(1421, 'Rába György'),
(1422, 'Szenthelyi Miklós'),
(1423, 'Szirtes Ági'),
(1424, 'Utassy József'),
(1425, 'Varga Levente');

