INSERT INTO `elofizetes` (`id`, `eloid`, `lapid`) VALUES
(1, 0, 0),
(2, 1, 2002),
(3, 1, 41605),
(4, 2, 1300),
(5, 3, 6209),
(6, 4, 1506),
(7, 4, 6209),
(8, 4, 16809),
(9, 5, 2002),
(10, 5, 19400),
(11, 5, 67221),
(12, 6, 1506),
(13, 6, 21607),
(14, 6, 16809),
(15, 6, 2002),
(16, 7, 21205),
(17, 8, 1300),
(18, 8, 17800),
(19, 8, 381602),
(20, 9, 2002),
(21, 9, 29966),
(22, 10, 1300),
(23, 10, 21205),
(24, 11, 2002),
(25, 11, 6209),
(26, 12, 1300),
(27, 12, 41605),
(28, 12, 16809),
(29, 13, 1506),
(30, 14, 1506),
(31, 14, 68765),
(32, 15, 2301),
(33, 16, 1300),
(34, 16, 32102),
(35, 16, 10009),
(36, 17, 2301),
(37, 17, 21906),
(38, 18, 2002),
(39, 18, 21205),
(40, 18, 29966),
(41, 19, 1506),
(42, 20, 2301),
(43, 21, 2002),
(44, 21, 19400),
(45, 21, 68796),
(46, 21, 6209),
(47, 21, 21205),
(48, 22, 2301),
(49, 23, 2301),
(50, 23, 1300),
(51, 24, 2002),
(52, 24, 16809),
(53, 25, 1300),
(54, 25, 13600),
(55, 25, 16005),
(56, 26, 1506),
(57, 27, 2002),
(58, 28, 2002),
(59, 28, 29966),
(60, 29, 2301),
(61, 29, 21906),
(62, 29, 68796),
(63, 29, 6209),
(64, 30, 2301),
(65, 31, 1300),
(66, 31, 19400),
(67, 31, 21205),
(68, 31, 17800),
(69, 32, 2301),
(70, 33, 1300),
(71, 34, 1506),
(72, 34, 16809),
(73, 34, 2002),
(74, 34, 29966),
(75, 35, 2301),
(76, 35, 21906),
(77, 36, 2301),
(78, 36, 68765),
(79, 36, 21607),
(80, 37, 1300),
(81, 37, 381602),
(82, 38, 2301),
(83, 39, 2301),
(84, 39, 21906),
(85, 39, 41605),
(86, 40, 2002),
(87, 40, 41605),
(88, 40, 6209),
(89, 41, 1300),
(90, 42, 1506),
(91, 42, 21906),
(92, 42, 32102),
(93, 43, 16809),
(94, 43, 2002),
(95, 44, 2301),
(96, 45, 2301),
(97, 45, 57318),
(98, 45, 10009),
(99, 46, 2002),
(100, 47, 1300),
(101, 47, 2301),
(102, 48, 10009),
(103, 49, 2002),
(104, 49, 68796),
(105, 50, 1300),
(106, 50, 6209),
(107, 50, 16809),
(108, 50, 2301),
(109, 50, 21205),
(110, 51, 1506),
(111, 51, 2301),
(112, 52, 2301),
(113, 52, 21607),
(114, 53, 1300),
(115, 53, 21205),
(116, 53, 68765),
(117, 53, 29966),
(118, 54, 2301),
(119, 54, 17800),
(120, 55, 1506),
(121, 56, 2301),
(122, 56, 68796),
(123, 56, 13600),
(124, 56, 16005),
(125, 57, 16809),
(126, 58, 1300),
(127, 58, 67221),
(128, 58, 21205),
(129, 59, 2301),
(130, 59, 41605),
(131, 59, 42307),
(132, 60, 6209),
(133, 61, 2301),
(134, 61, 21906),
(135, 62, 1506),
(136, 62, 67221),
(137, 63, 2301),
(138, 63, 10009),
(139, 64, 1300),
(140, 64, 32102),
(141, 64, 21205),
(142, 65, 2301),
(143, 65, 21607),
(144, 66, 2301),
(145, 66, 68796),
(146, 66, 13600),
(147, 66, 16005),
(148, 67, 2301),
(149, 67, 10009),
(150, 68, 1300),
(151, 68, 29966),
(152, 68, 6312),
(153, 68, 55127),
(154, 69, 2301),
(155, 70, 1506),
(156, 70, 41605),
(157, 70, 21607),
(158, 71, 2301),
(159, 71, 17800),
(160, 71, 6209),
(161, 72, 29966),
(162, 73, 6209),
(163, 74, 2301),
(164, 74, 6209),
(165, 75, 2301),
(166, 75, 29966),
(167, 76, 1506),
(168, 76, 6312),
(169, 76, 68765),
(170, 77, 1300),
(171, 77, 29966),
(172, 78, 1506),
(173, 78, 41605),
(174, 78, 21205),
(175, 79, 2301),
(176, 79, 10009),
(177, 80, 1300),
(178, 81, 2301),
(179, 82, 2301),
(180, 82, 6312),
(181, 82, 21607),
(182, 83, 1506),
(183, 83, 29966),
(184, 84, 6209),
(185, 84, 21607),
(186, 85, 2301),
(187, 86, 1300),
(188, 86, 68796),
(189, 86, 29966),
(190, 87, 2301),
(191, 88, 2301),
(192, 88, 57318),
(193, 88, 13600),
(194, 88, 16005),
(195, 89, 2301),
(196, 89, 21607),
(197, 90, 1300),
(198, 90, 41605),
(199, 90, 21205),
(200, 91, 1506),
(201, 92, 2301),
(202, 92, 21906),
(203, 93, 40800),
(204, 94, 2301),
(205, 94, 68765),
(206, 94, 6209),
(207, 95, 1506),
(208, 95, 17800),
(209, 95, 19400),
(210, 95, 6209),
(211, 96, 2301),
(212, 96, 57318),
(213, 97, 2301),
(214, 98, 2301),
(215, 99, 2301),
(216, 99, 10009),
(217, 100, 1300),
(218, 100, 21906),
(219, 101, 1506),
(220, 101, 32102),
(221, 101, 68796),
(222, 102, 68765),
(223, 102, 6209),
(224, 103, 1300),
(225, 103, 17800),
(226, 103, 41605);



INSERT INTO `elofizeto` (`id`, `nev`, `utca`, `hazszam`) VALUES
(1, 'Skvar Tamás', 'Dagály utca', '2'),
(2, 'Tatár István', 'Dagály utca', '3'),
(3, 'Siket Karen', 'Dagály utca', '3'),
(4, 'Horváth Mercédesz', 'Dagály utca', '3'),
(5, 'Dombovári Petra', 'Dagály utca', '4'),
(6, 'Szekeres József', 'Dagály utca', '7'),
(7, 'Kamarás Zsófia Viktória', 'Dagály utca', '7'),
(8, 'Sebő Tas', 'Dagály utca', '8'),
(9, 'Szendrődi Csaba', 'Dagály utca', '11'),
(10, 'Berger Péter', 'Dagály utca', '11'),
(11, 'Csonka Anna', 'Dagály utca', '16'),
(12, 'Szelei Anikó Dorina', 'Dagály utca', '16'),
(13, 'Kovács Ágnes', 'Dagály utca', '17'),
(14, 'Szőke Mátyás', 'Dagály utca', '21'),
(15, 'Kiss Zsófia', 'Dagály utca', '21'),
(16, 'Bakos Kata Judit', 'Dagály utca', '21'),
(17, 'Bodnár Anna Katalin', 'Esztergomi út', '2'),
(18, 'Keszthelyi Zsolt', 'Esztergomi út', '2'),
(19, 'Kiss Lajos', 'Esztergomi út', '2'),
(20, 'Szabó Orsolya Virág', 'Esztergomi út', '4'),
(21, 'Vég Kálmán', 'Esztergomi út', '4'),
(22, 'Hirzer Zsolt', 'Esztergomi út', '4'),
(23, 'Kincses Zoltán', 'Esztergomi út', '7'),
(24, 'Zentay Réka', 'Esztergomi út', '11'),
(25, 'Kovai Róbert', 'Esztergomi út', '21'),
(26, 'Koch Róbert', 'Esztergomi út', '21'),
(27, 'Szilágyi István', 'Esztergomi út', '25'),
(28, 'Horváth Pál', 'Esztergomi út', '27'),
(29, 'Duma Árpád', 'Esztergomi út', '27'),
(30, 'Kovács Ágnes', 'Esztergomi út', '27'),
(31, 'Zsolnai Péter', 'Népfürdő utca', '3'),
(32, 'Illés Nóra', 'Népfürdő utca', '3'),
(33, 'Fődi Anna', 'Népfürdő utca', '3'),
(34, 'Szűcs Lóránt', 'Népfürdő utca', '3'),
(35, 'Borsos Anett', 'Népfürdő utca', '3'),
(36, 'Sarlós Róbert', 'Népfürdő utca', '3'),
(37, 'Hoffmann Bettina', 'Népfürdő utca', '4'),
(38, 'Farkas Ildikó', 'Népfürdő utca', '6'),
(39, 'Gál Brigitta', 'Népfürdő utca', '6'),
(40, 'Szabó Izabella Diána', 'Népfürdő utca', '6'),
(41, 'Dudás Krisztián', 'Népfürdő utca', '6'),
(42, 'Csordás Kálmán', 'Népfürdő utca', '7'),
(43, 'Tóth Alexandra', 'Népfürdő utca', '7'),
(44, 'Csóti Bettina', 'Népfürdő utca', '7'),
(45, 'Dorogi Nóra Gréta', 'Népfürdő utca', '8'),
(46, 'Nemes Petra', 'Népfürdő utca', '8'),
(47, 'Schulcz Imola', 'Népfürdő utca', '8'),
(48, 'Senkey Tamás', 'Népfürdő utca', '10'),
(49, 'Nyers Sándor', 'Népfürdő utca', '10'),
(50, 'Szekeres József', 'Népfürdő utca', '10'),
(51, 'Berényi Zsolt', 'Népfürdő utca', '12'),
(52, 'Bánfalvi Ramóna', 'Népfürdő utca', '12'),
(53, 'Rácz Lili', 'Népfürdő utca', '14'),
(54, 'Botos Noémi', 'Népfürdő utca', '21'),
(55, 'Kasznár Judit', 'Bodor utca', '3'),
(56, 'Lengyel Zsófia', 'Bodor utca', '3'),
(57, 'Kerekes Lili', 'Bodor utca', '5'),
(58, 'Kis Barbara Emma', 'Bodor utca', '5'),
(59, 'Vida Csongor', 'Bodor utca', '5'),
(60, 'Nagy Eszter', 'Bodor utca', '5'),
(61, 'Benkő Kata Enikő', 'Bodor utca', '5'),
(62, 'Urbán Roland', 'Bodor utca', '13'),
(63, 'Samu Blanka', 'Bodor utca', '13'),
(64, 'Pálinkás Anna', 'Bodor utca', '13'),
(65, 'Falch Emil', 'Bodor utca', '13'),
(66, 'Teleki Kálmán', 'Bodor utca', '14'),
(67, 'Sima Dezső', 'Bodor utca', '15'),
(68, 'Rudas Ádám', 'Bodor utca', '15'),
(69, 'Forrai Laura', 'Bodor utca', '15'),
(70, 'Irinyi Katalin Ida', 'Bodor utca', '15'),
(71, 'Hódi Vivien', 'Karikás Frigyes utca', '1'),
(72, 'Máté Oszkár', 'Karikás Frigyes utca', '4'),
(73, 'Püski Kata', 'Karikás Frigyes utca', '4'),
(74, 'Mészáros Anita Réka', 'Karikás Frigyes utca', '4'),
(75, 'Kis Nóra Judit', 'Karikás Frigyes utca', '4'),
(76, 'Nyári Judit', 'Karikás Frigyes utca', '4'),
(77, 'Balog Orsolya', 'Karikás Frigyes utca', '4'),
(78, 'Zombori Adrienn', 'Karikás Frigyes utca', '5'),
(79, 'Tóti Albert', 'Karikás Frigyes utca', '5'),
(80, 'Szabó Lilla', 'Karikás Frigyes utca', '6'),
(81, 'Petres Zoltán', 'Karikás Frigyes utca', '6'),
(82, 'Barta Petra', 'Karikás Frigyes utca', '6'),
(83, 'Rovó Petra', 'Karikás Frigyes utca', '6'),
(84, 'Bor János', 'Karikás Frigyes utca', '9'),
(85, 'Fogó Róbert', 'Karikás Frigyes utca', '9'),
(86, 'Juhász Imre', 'Karikás Frigyes utca', '11'),
(87, 'Nagy Tímea', 'Karikás Frigyes utca', '11'),
(88, 'Tanács Lilla', 'Karikás Frigyes utca', '15'),
(89, 'Kiss Sándor', 'Karikás Frigyes utca', '15'),
(90, 'Kovács Vivien', 'Karikás Frigyes utca', '15'),
(91, 'Kun Anna', 'Karikás Frigyes utca', '17'),
(92, 'Pályi Balázs', 'Karikás Frigyes utca', '18'),
(93, 'Kristóf Petra', 'Karikás Frigyes utca', '18'),
(94, 'Gábor Zita', 'Karikás Frigyes utca', '18'),
(95, 'Lakatos Zita Ildikó', 'Karikás Frigyes utca', '18'),
(96, 'Garadnai Zoltán', 'Turbina utca', '2'),
(97, 'Bognár Ágnes', 'Turbina utca', '2'),
(98, 'Dobi Brigitta Krisztina', 'Turbina utca', '2'),
(99, 'Dócz Károly', 'Turbina utca', '3'),
(100, 'Halász Norbert', 'Turbina utca', '5'),
(101, 'Szántó Lilla', 'Turbina utca', '5'),
(102, 'Dóka Csenge', 'Turbina utca', '5'),
(103, 'Szántó Mónika', 'Turbina utca', '5');

INSERT INTO `lap` (`id`, `tema`, `cim`, `havi`, `negyedeves`, `feleves`, `eves`, `gyakorisag`) VALUES
(763, 'politika', 'Hetek', 1580, 4740, 9000, 15000, 52),
(1300, 'közélet', 'Magyar Hírlap', 3455, 9900, 18480, 33060, 307),
(1506, 'közélet', 'Magyar Nemzet', 2990, 8970, 17940, 35880, 307),
(2002, 'közélet', 'Magyar Idők', 2890, 8670, 17340, 34680, 307),
(2301, 'közélet', 'Népszava', 3900, 11400, 22500, 44400, 307),
(6209, 'tudomány', 'National Geographic', 0, 0, 4410, 8820, 12),
(6312, 'politika', 'Magyar Narancs', 1990, 5970, 10980, 19860, 52),
(10009, 'politika', '168 Óra', 2300, 6480, 11490, 19920, 52),
(13600, 'mezőgazdaság', 'Kertészet és Szőlészet', 1840, 5520, 11040, 22080, 52),
(15406, 'politika', 'Magyar Fórum', 1070, 3210, 6420, 12840, 52),
(16005, 'mezőgazdaság', 'Magyar Mezőgazdaság', 2060, 6180, 12360, 24720, 52),
(16809, 'politika', 'Magyar Demokrata', 1560, 4680, 9360, 18720, 52),
(17800, 'kultúra', 'Pesti Műsor', 0, 0, 2100, 4200, 12),
(19400, 'kultúra', 'Szabad Föld', 1145, 3375, 6300, 12300, 52),
(21205, 'politika', 'Vasárnapi Hírek', 920, 2700, 5160, 9960, 52),
(21607, 'politika', 'Élet és Irodalom', 2150, 6300, 10800, 19860, 52),
(21700, 'kultúra', 'Kincses Kalendárium', 0, 0, 0, 750, 1),
(21906, 'ismeretterjesztés', 'Élet és Tudomány', 1410, 4230, 8460, 16200, 52),
(29966, 'politika', 'Heti Válasz', 2200, 6600, 11250, 19800, 52),
(31204, 'tudomány', 'Gép', 0, 0, 0, 5040, 4),
(32102, 'kultúra', 'Alföld', 0, 0, 3600, 7200, 12),
(32140, 'kultúra', 'Antik Tanulmányok', 0, 0, 0, 6140, 2),
(33464, 'kultúra', 'Artlocator', 0, 0, 0, 4400, 2),
(40800, 'tudomány', 'A Földgömb', 0, 0, 0, 7500, 10),
(41595, 'tudomány', 'Grafológia', 0, 0, 0, 5040, 6),
(41605, 'tudomány', 'Geo', 0, 2535, 4225, 8450, 10),
(42307, 'tudomány', 'Hadtörténelmi Közlemények', 0, 0, 2000, 4000, 4),
(42390, 'tudomány', 'Határtalan Régészet', 0, 0, 0, 3000, 4),
(42716, 'kultúra', 'Helikon Irodalomtudományi Szemle', 0, 0, 2600, 5200, 4),
(43724, 'kultúra', 'Hitel', 0, 0, 3420, 6840, 12),
(48121, 'kultúra', 'Kapu', 0, 870, 1740, 3480, 12),
(49926, 'kultúra', 'Kortárs', 0, 0, 3690, 7380, 12),
(49940, 'kultúra', 'Kommentár', 0, 0, 1800, 3300, 6),
(50036, 'kultúra', 'Kritika', 0, 1500, 3000, 6000, 12),
(53486, 'kultúra', 'Lyukasóra', 0, 0, 1320, 2640, 6),
(54779, 'kultúra', 'Magyar Krónika', 980, 2400, 4200, 7800, 12),
(55127, 'tudomány', 'Magyar Tudomány', 0, 2760, 5520, 11040, 12),
(56331, 'tudomány', 'Meteor', 0, 0, 0, 7200, 12),
(57040, 'kultúra', 'Napút', 0, 0, 3000, 6000, 10),
(57136, 'kultúra', 'Moldvai Magyarság', 0, 0, 1500, 3000, 4),
(57318, 'kultúra', 'Mozgó Világ', 0, 0, 5400, 9000, 12),
(57428, 'kultúra', 'Múlt és Jövő', 0, 0, 2900, 5000, 4),
(57916, 'kultúra', 'Muzsika', 0, 0, 2940, 5880, 12),
(58508, 'kultúra', 'Műhely', 0, 0, 0, 2400, 6),
(60200, 'tudomány', 'Ókor', 0, 0, 0, 4000, 4),
(63777, 'kultúra', 'Regiment', 0, 490, 980, 1960, 4),
(65607, 'kultúra', 'Soproni Szemle', 0, 0, 0, 2400, 4),
(67221, 'kultúra', 'Színház', 0, 0, 0, 5900, 10),
(68765, 'tudomány', 'Természetbúvár', 0, 0, 0, 2100, 6),
(68796, 'tudomány', 'Természet Világa', 0, 2100, 4200, 8040, 12),
(70209, 'kultúra', 'Tiszatáj', 0, 0, 3000, 6000, 12),
(73903, 'kultúra', 'Vasi Szemle', 0, 0, 0, 2790, 6),
(75802, 'kultúra', 'Édes Anyanyelvünk', 0, 0, 0, 1250, 5),
(76102, 'tudomány', 'Magyar Épületgépészet', 0, 0, 0, 4200, 12),
(77347, 'kultúra', 'Magyar Könyvszemle', 0, 0, 2600, 5200, 4),
(77392, 'tudomány', 'Magyar Nyelv', 0, 0, 0, 3000, 4),
(225100, 'közélet', 'Heti Hírek', 810, 2430, 4860, 9720, 52),
(381602, 'kultúra', 'Foaia Romaneasca', 400, 1200, 2400, 4800, 52),
(421894, 'közélet', 'Kék Nefelejcs', 845, 2535, 5070, 10140, 52),
(421904, 'közélet', 'Váci Napló', 750, 2250, 4500, 9000, 52),
(422170, 'közélet', 'Ceglédi Kék Újság', 560, 1680, 3360, 6720, 26),
(541246, 'kultúra', 'Váci Polgár', 150, 450, 900, 1800, 12),
(610355, 'tudomány', 'Történelmi Szemle', 0, 0, 0, 3400, 4);


